timestamp,none:startupDurationMs,latest:startupDurationMs,snapshot:startupDurationMs,none:minHeapUsed,latest:minHeapUsed,snapshot:minHeapUsed,none:maxHeapUsed,latest:maxHeapUsed,snapshot:maxHeapUsed,none:totalAllocatedMB,latest:totalAllocatedMB,snapshot:totalAllocatedMB,none:totalGCTime,latest:totalGCTime,snapshot:totalGCTime,none:maxThreadContextSwitchRate,latest:maxThreadContextSwitchRate,snapshot:maxThreadContextSwitchRate,none:iterationAvg,latest:iterationAvg,snapshot:iterationAvg,none:iterationP95,latest:iterationP95,snapshot:iterationP95,none:requestAvg,latest:requestAvg,snapshot:requestAvg,none:requestP95,latest:requestP95,snapshot:requestP95,none:netReadAvg,latest:netReadAvg,snapshot:netReadAvg,none:netWriteAvg,latest:netWriteAvg,snapshot:netWriteAvg,none:peakThreadCount,latest:peakThreadCount,snapshot:peakThreadCount,none:averageCpuUser,latest:averageCpuUser,snapshot:averageCpuUser,none:maxCpuUser,latest:maxCpuUser,snapshot:maxCpuUser,none:averageMachineCpuTotal,latest:averageMachineCpuTotal,snapshot:averageMachineCpuTotal,none:runDurationMs,latest:runDurationMs,snapshot:runDurationMs,none:gcPauseMs,latest:gcPauseMs,snapshot:gcPauseMs
1639026875,15647,16562,17162,71303168,83274240,85338624,268435456,344981504,326107136,10518.07022857666,13959.215835571289,14102.971572875977,1732902265,1765221072,1890506690,31375.2,36661.332,37182.137,139.53070324259974,138.28430252980007,139.65082863219976,234.3272811,212.31852465000003,209.57623820000003,10.321961434866703,10.129627874877878,10.209930215811289,31.280316900000003,31.49289800000001,31.900227050000005,5894492,3094449,3066949,8353496,15750456,15625424,42,49,48,0.56451094,0.5275293,0.53554595,0.84,0.6,0.625,0.98584926,0.9839784,0.9855709,142920,142560,143681,1827,1883,1991
1639113362,16722,18588,18647,70254592,79108608,81772032,255709184,299855360,314572800,10123.730651855469,13929.571990966797,13800.153327941895,1966830788,2495846621,2186096310,28807.818,33301.168,32801.918,167.3578210851997,166.30635211759937,168.54912099019964,276.75530730000014,252.26279879999998,257.92892515,12.35648492540012,12.099523341177786,12.28379245071104,38.546085250000004,38.128552400000004,38.854372,4893022,2569219,2540199,7037728,13153852,13083614,43,49,49,0.5509761,0.5152669,0.5176151,0.83756346,0.6281407,0.62,0.9872098,0.9855422,0.9855685,171285,170865,172939,2109,2626,2392
1639199663,15530,16545,17410,72351744,84377088,81264640,255328256,314337792,320864256,10507.760841369629,14068.044456481934,14365.422554016113,1778451342,2288795252,2140406574,34505.25,37019.883,37452.562,149.22439153020025,144.24312680580033,143.8152142385998,252.75600020000002,219.65277110000008,215.72724395,11.04946313045547,10.544317437644471,10.544440972566731,33.72388090000001,33.05026305000001,32.395021250000006,5507270,2974461,2975881,7836663,15296473,15210484,42,50,48,0.5684958,0.53211486,0.530281,0.8592965,0.6130653,0.6130653,0.98684996,0.98551553,0.9811837,152981,148635,148278,1937,2449,2265
1639286111,16149,18446,18653,69206016,81192960,81788928,284044800,272671744,334495744,10799.00227355957,13712.355270385742,13803.669738769531,1974663074,2485875843,2122709518,31056.967,30248.5,33454.465,159.8483992505996,155.5363699776004,151.82471363979985,278.20204409999997,237.1836939,228.70635460000003,11.848049951922304,11.427018433922282,11.134156025144518,36.89922780000001,35.642201050000004,33.623395,5134190,2751816,2810085,7348181,14047656,14288190,43,48,48,0.5723283,0.53222066,0.527363,0.84343433,0.61809045,0.61,0.98646283,0.9844855,0.98270696,164175,159836,156753,2112,2604,2186
1639372419,14164,14976,14364,72351744,84365824,80076800,254684672,341835776,355467264,10764.999404907227,14076.300048828125,14229.035041809082,1687102922,1720885035,1635783803,38322.004,40902.492,38782.08,139.17905191599962,131.12980622440006,126.9365589192003,234.63172075000003,200.52872985000002,194.05131790000002,10.35251957544433,9.636950684255481,9.316266458688935,32.08432585,30.066177550000003,28.565156100000003,5916810,3266166,3359805,8431375,16591219,17181735,43,48,47,0.5889136,0.53822553,0.52513146,0.8159204,0.6080402,0.6069652,0.9854918,0.98130214,0.980326,142773,135321,131111,1787,1778,1687
1639458939,14291,14400,14381,71827456,79675904,81161216,275407352,337087488,355873280,10471.156875610352,14265.406967163086,14430.35929107666,1887246242,1708701642,1759252967,38072.64,44325.01,44343.19,122.43630759919989,118.71718163580015,119.65249874099966,208.49609825000002,183.16989435,184.65577720000005,9.02542160765565,8.681996152311074,8.7498969879555,28.18722525,26.936254750000003,27.54615315000002,6713650,3612376,3592926,9442329,18389948,18340956,42,49,49,0.57153136,0.5224023,0.52457947,0.8341709,0.60199004,0.605,0.9852962,0.97607934,0.98286426,125745,123080,123288,2007,1754,1837
1639545359,16801,18315,18435,69730304,78616064,80206336,253456384,314980864,328728576,10198.065208435059,13760.038879394531,13734.364761352539,1853509406,2043900031,1773242134,32475.963,32845.816,34092.3,164.90828659679966,159.57429080820003,158.38902200799987,274.08557315,245.3152418,239.13849105000003,12.09199127245551,11.577322475722175,11.523556438044393,38.09920385000002,36.58445435,36.097559000000004,4967303,2690635,2703844,7132467,13732739,13861321,43,48,48,0.5551229,0.5023862,0.5016557,0.83919597,0.60199004,0.595,0.9866515,0.9813452,0.98498714,169077,164549,162706,1981,2124,1889
1639632022,16487,18260,17508,65011712,80740352,74448896,258998272,307165696,328728576,10371.522232055664,13698.610565185547,13755.363800048828,1808875541,1991977548,1948827015,32467.76,34412.79,34714.93,160.6256983527999,157.06144846539996,155.79003762039986,280.2296377,235.65406320000002,235.47064185000002,11.788987369333283,11.442787440322164,11.335783552333195,36.511278950000005,35.471049,35.626560900000015,5095735,2718354,2744618,7323640,13884801,14050727,43,49,49,0.5484853,0.5136464,0.5039064,0.83756346,0.6169154,0.605,0.98387504,0.9841938,0.9816399,165045,161624,160376,1910,2107,1998
1639718002,14400,15140,15167,73400320,84881408,86507520,255966240,346030080,353910272,11026.666053771973,14503.3129196167,14223.766677856445,1840410591,1661094385,1624520570,35374.312,38985.797,39734.125,131.10438466979974,126.5630654805999,129.5553081430006,219.4970199500001,194.10098505000002,197.32849275,9.658235328211129,9.248884262888904,9.474022914977816,29.754569900000003,28.549287950000004,29.656360100000036,6268886,3382256,3301006,8850029,17220734,16760051,41,48,51,0.57485497,0.5322651,0.5372054,0.8484849,0.615,0.605,0.98512506,0.98379874,0.98434657,134732,130421,133170,1944,1753,1657
1639804411,13996,15106,16041,69206016,82800640,85983232,294533632,331430912,354158592,10657.034713745117,13964.504096984863,14797.465927124023,1546948656,1754599868,1639087519,37250.977,39732.254,39356.63,128.71469434259973,126.61246870099991,130.5439641035994,212.39506920000002,193.98473975000002,199.81174130000002,9.514629488044427,9.30769415712236,9.562441612888854,29.596140050000006,28.738286650000003,29.7284221,6405051,3380013,3280387,9053388,17245102,16722165,42,49,51,0.5710062,0.5291318,0.5403275,0.8333333,0.6169154,0.6130653,0.9869828,0.98469317,0.9845916,131845,130417,134213,1619,1841,1732
1639890893,15594,17360,17266,70778880,80200704,86458880,250433152,349676032,287834112,10490.589988708496,14155.0580368042,14519.247520446777,1960575007,1856033114,2339973089,34794.88,38418.848,35712.117,140.16057781080013,138.5825685646002,139.77230725000018,232.60078555,211.90701630000004,211.63226545,10.366233720711094,10.116677384722333,10.257871448555695,31.84402950000001,30.9593521,31.783950000000015,5870380,3088167,3067704,8337836,15777912,15692099,43,48,51,0.5645031,0.53036046,0.53488934,0.83,0.6,0.61,0.98615235,0.98457307,0.9821526,143952,142365,144356,2057,1907,2443
1639977359,15601,17238,18215,68157440,78643200,84215296,283928160,371686400,301465600,10739.431922912598,14049.56770324707,14082.615417480469,2162550065,1827784405,2249025065,32782.664,35392.254,36743.2,154.04177124220035,148.5960135098004,147.7639197895997,266.57693910000006,223.38308785,224.81676270000003,11.433561141577714,10.85475441054452,10.759889360011178,35.237529600000016,33.25744760000001,33.41982225000002,5339886,2885899,2886245,7635760,14792898,14796640,43,48,50,0.5825116,0.5351599,0.5374694,0.84577113,0.60301507,0.6080402,0.9859535,0.9844879,0.98253876,158078,152581,152389,2266,1827,2388
1640063771,15894,17532,18502,69726208,82231296,85458944,301932064,286019072,328204288,10655.857475280762,14094.211639404297,14205.133522033691,2372966955,2423739478,2112150859,32510.693,35151.023,36913.344,155.85190821020015,148.1670471672001,147.8707258272,262.9053937,227.84226820000003,222.13788195,11.53483993577784,10.869880411788735,10.800304913633203,35.202383300000015,33.84222805,33.04709790000001,5260600,2888783,2888579,7529191,14666858,14781297,42,49,51,0.5822849,0.5333297,0.53360623,0.8527919,0.6119403,0.6482412,0.9861137,0.98408103,0.9832959,159907,152425,152518,2477,2533,2215
1640150055,14619,14103,15237,71827456,84338176,89653248,256590848,314844672,327680000,10842.384185791016,14140.727676391602,14350.604751586914,1638466413,1783111616,1777578427,34456.6,38426.016,43279.477,125.9315988645999,123.9442639551997,118.71727579220044,206.04551875,188.74538205000002,182.21743010000003,9.31684311408888,9.02239492387788,8.646691957166668,28.58127915000001,28.339916050000003,27.045824950000004,6533781,3447933,3610027,9253457,17435637,18397072,42,48,48,0.58111775,0.52810013,0.5346088,0.83919597,0.5920398,0.60913706,0.9859851,0.9798932,0.98356706,128812,128270,122052,1767,1876,1866
1640236463,14037,15096,15111,70254592,83275264,85458944,276703744,339825152,328511488,10344.6909866333,14196.61157989502,14319.49112701416,1433204703,1546606124,1827428270,36708.574,37461.156,34999.1,131.6490150029999,125.68408759379999,130.92783899800014,221.3037960000001,192.35738995000003,200.87507920000002,9.760164821655634,9.210767694344439,9.618808415755677,30.18569795,28.420331100000002,29.63284595,6238362,3393379,3261663,8797063,17260845,16638493,41,48,50,0.57722014,0.5311434,0.5350604,0.83168316,0.6060606,0.60301507,0.9868809,0.9843824,0.98173237,134741,129284,135218,1533,1595,1878
1640322937,15601,17390,17459,67633152,82274816,86197760,252484096,320864256,317557760,10677.762756347656,13945.201683044434,14266.286056518555,2046951733,2126099776,2524233969,33743.72,33146.0,33088.7,150.25965958219984,143.40912747199982,147.98589729580019,246.318755,223.07415085000002,224.5495821,11.13274532315564,10.511331657611196,10.816428022922176,34.03936500000001,32.23158060000004,33.4385428,5467542,2990328,2888999,7819510,15206115,14799806,43,49,50,0.5766334,0.53629065,0.5432023,0.8484849,0.615,0.62,0.9859334,0.9837821,0.983375,153866,147533,152480,2190,2218,2618
1640409326,15573,17203,18222,73924608,81155072,84934656,273016832,294649856,304633856,10532.776145935059,13805.446212768555,14080.781883239746,1769712384,2078547980,2140526251,33245.8,35238.086,35350.0,150.20823202980023,144.11334430420072,144.37560805239937,246.43753435000005,224.1522849,220.64243335,11.105977253466694,10.53430938153342,10.53746301208886,33.16131120000001,33.1542881,32.59621105000001,5461341,2975297,2970237,7800892,15244939,15191763,43,49,50,0.5821299,0.52597743,0.53522384,0.84343433,0.605,0.6231156,0.98685694,0.9839505,0.9840006,153980,148544,148532,1893,2282,2257
1640495718,15590,17510,17544,69206016,80670720,86507520,276176896,346330112,329168896,10375.691513061523,14029.280387878418,14089.152587890625,1789055723,1928182902,1925369289,31372.6,31735.605,37104.51,147.1798258729995,143.90973516019983,142.63384691799945,246.86964155,220.25909600000003,219.25416060000003,10.887862493666654,10.568767984477814,10.424151743388943,33.39248995000002,33.069395450000016,32.117279550000006,5564503,2973967,2996003,7954136,15168587,15263206,43,49,50,0.56936836,0.5310493,0.5371065,0.822335,0.60301507,0.61,0.9861379,0.9829317,0.98540616,150980,148536,146677,1895,1977,2047
1640582584,15567,16297,18204,75497472,82734592,85657600,254616064,321305600,334495744,10673.749198913574,14405.439567565918,14052.534080505371,1724424386,1978604704,2086095860,35585.3,35259.074,33711.156,138.62899540020055,142.08807623000007,146.72771944499993,232.62565545,213.10383270000008,220.3595738,10.248393631111117,10.376582568744276,10.721973813211122,31.51680680000003,32.296451550000015,32.89071315000003,5944285,3005782,2913875,8431042,15343663,14877094,43,49,49,0.57316023,0.533417,0.54105943,0.8507463,0.6080402,0.6130653,0.9866889,0.98377633,0.9819483,141980,146328,151448,1818,2060,2114
1640668432,13030,14117,14191,73924608,82195456,90589696,255480320,337117184,328728576,10675.399070739746,14202.743354797363,14567.680976867676,1569549408,1530940426,1960219238,37715.63,42093.41,37662.836,128.24803405159994,123.24079248100003,115.45461695740023,224.10386305,186.81576280000002,179.83340475,9.501111162133357,8.999272499966612,8.420988967266643,29.71796400000001,28.239537150000004,26.426656200000014,6432596,3473196,3700306,9083885,17653768,18770567,42,48,49,0.5816168,0.5293739,0.53340834,0.84158415,0.59799,0.60199004,0.9850694,0.9819764,0.98230624,131621,127355,119029,1663,1614,2055
1640754892,18905,14994,15061,70778880,83361792,89128960,255852544,331874304,349050368,10235.087341308594,14007.7216796875,14216.297271728516,1877769177,1749668821,1629162002,36310.47,37976.8,38634.984,148.8226987067999,125.43243230720032,132.2470474149998,281.22756130000005,194.64525305,218.6583869,10.859158212133439,9.197147069744481,9.624579208444464,34.83432780000001,28.681104950000016,30.686983050000034,5527620,3412362,3256675,7929260,17355557,16600283,43,48,49,0.57257724,0.5314167,0.5253041,0.85,0.59799,0.62,0.9883968,0.9831696,0.98416436,152839,129237,136231,1978,1812,1675
1640841264,13130,15252,15409,67633152,83777024,86481920,304475136,343911424,315097088,10864.647674560547,14229.720932006836,14189.853385925293,1434596585,1686191588,1951684990,42521.348,35606.074,43268.875,134.90599238579952,128.95774865720017,132.11856545299977,228.54240915000005,197.29546835000002,199.24635035000003,9.99775040895561,9.477063604700003,9.68461808674444,30.64936910000001,29.015482300000006,30.04106605000003,6103365,3316958,3226374,8656851,16911636,16451170,41,47,48,0.5814287,0.53224653,0.54276675,0.8308458,0.5959596,0.615,0.987061,0.9839529,0.98338616,137968,132490,136221,1516,1734,2014
1640927652,13762,15241,15093,71827456,80168448,89128960,267212288,333028352,329136640,10767.322624206543,14207.151062011719,14136.384902954102,1648675521,1658585407,1721471837,36878.723,39818.21,42034.098,129.9933765173997,124.12684740879985,123.23071775459997,216.61003725000003,189.60113775,188.51818930000002,9.626256782311135,9.07636059966663,8.968500754633318,29.682201000000006,28.382796000000003,27.941659,6336166,3446575,3457852,8958332,17466645,17617981,42,49,48,0.5681637,0.525825,0.5329521,0.8358209,0.6010101,0.595,0.98412716,0.9799526,0.9818211,133681,128253,127159,1738,1706,1783
1641014035,13669,15003,15056,72876032,85313536,87031808,270400000,293601280,329550336,10778.005584716797,14099.501686096191,14259.252090454102,1463866625,1824626301,1747306239,38680.566,40843.992,37548.605,126.06241343540059,120.55798342199986,123.06345333560016,219.808278,184.57859590000004,189.94407775000002,9.313418178800008,8.806354393099928,9.006518416377785,28.810666900000008,27.35338595,28.057879900000003,6530986,3557728,3465660,9207022,18093004,17691585,41,48,49,0.5802778,0.52731013,0.5330319,0.8291457,0.61809045,0.6169154,0.9842476,0.98300505,0.9812101,129571,124247,127127,1554,1987,1786
1641100445,13499,14279,15162,70254592,82614272,88013824,308805632,368574464,295698432,10681.710075378418,14017.269088745117,14128.574234008789,1412952294,1468524577,1882884683,41607.438,40350.535,39888.5,131.5910833624,123.30726555079995,125.87564461279997,222.11211465000002,187.19908635000002,195.30592235000003,9.752292371110991,9.04423278149993,9.213240600177787,30.062096900000004,27.661700000000003,28.66821905000001,6233702,3483958,3398581,8843387,17707815,17327170,42,48,50,0.5763773,0.5229074,0.5331798,0.8040201,0.60913706,0.6080402,0.98549795,0.98276424,0.9776902,134669,127297,130055,1477,1499,1979
1641186971,16154,18398,18220,68681728,80189440,83011072,287309824,300941312,312373248,10425.273719787598,13924.235466003418,13925.98550415039,2166545564,2168579872,2227359580,30379.7,38476.9,36025.996,156.46063575700046,144.07035079899993,151.59687987139955,271.55589304999995,223.72493500000002,235.51059075000003,11.68484348652204,10.526415531199937,11.089291462655558,36.43782200000004,32.74154120000001,34.66243010000001,5232918,2978813,2814937,7501802,15209691,14341763,42,49,51,0.5875457,0.5322909,0.53548247,0.83,0.645,0.6080402,0.98765934,0.98325706,0.9848491,160014,148748,155567,2280,2319,2295
1641273275,14143,15150,16102,69730304,81709568,92457984,259902464,335544320,305659904,10444.942970275879,14083.636520385742,14321.072036743164,1600555471,1695447630,1930659161,41945.0,40501.4,38685.5,127.18536562580012,128.3007684378,128.84976931640006,214.4507016,198.69302975,194.242028,9.450198830189047,9.405203691788982,9.451863040711252,29.311993600000005,29.271611000000004,29.474962000000012,6461318,3332457,3317791,9124706,16963254,16952585,42,48,49,0.5697738,0.53239256,0.53769594,0.8168317,0.61616164,0.59799,0.9855232,0.98333865,0.9841104,130833,132283,132402,1719,1746,2007
1641359801,14410,16143,16363,70254592,79657984,83856896,264095744,330825728,294279168,10785.222961425781,13932.619689941406,14284.855964660645,1661592833,1694179848,2187005669,37996.2,33812.43,33596.543,140.67961290940013,141.36317971460028,146.46563251260037,230.85949200000007,219.38264240000004,222.95784135000005,10.324305567755463,10.283934955655521,10.636201877877818,32.47410065000002,32.550325900000004,33.93256505,5841990,3019390,2912903,8332560,15392029,14941938,43,49,51,0.54815334,0.51155484,0.518089,0.83838385,0.59090906,0.6039604,0.98543525,0.98426306,0.9848843,143976,145213,150237,1767,1754,2307
1641446088,14032,15133,15117,68681728,84345856,88576512,254166528,343437824,354773504,10483.046768188477,14447.378318786621,14214.204940795898,1652229046,1625913690,1650497391,38278.938,42229.46,42040.562,128.77623120760052,125.13781294039966,125.12753095280004,209.04042545000004,194.80335090000003,191.63711005000005,9.554576709011098,9.162605496622303,9.16811033587776,29.385471250000005,28.3578,28.287882600000017,6406751,3413604,3420232,9028546,17357683,17333671,41,47,48,0.5769995,0.5291318,0.5263024,0.85353535,0.60199004,0.62376237,0.98655057,0.9824007,0.979495,131826,129409,129196,1758,1655,1680
1641532749,14387,15059,16100,70254592,82737664,87243264,259337216,306798080,340262912,10566.69637298584,14452.309127807617,14219.527381896973,1689927248,1865244049,1646691088,39581.21,35963.434,40452.855,134.22083315680027,130.0157997688002,130.39404497040002,230.29797665,201.6888157,199.44007025,10.010865642355549,9.53174565648883,9.570738730399915,30.759993400000003,29.92118585000001,29.57122005000001,6146760,3292820,3279719,8713482,16759873,16735235,42,48,50,0.575418,0.53511333,0.5316188,0.82587063,0.6255708,0.62,0.98539567,0.9806057,0.9817913,137817,134237,134155,1787,2034,1685
1641618840,12980,14171,14996,72351736,89058304,85458944,287782392,299442688,338253824,10475.081893920898,14267.127632141113,14788.552833557129,1322722744,1903170221,1817719612,42900.01,42467.367,41582.5,119.61695003680053,119.13241125459997,119.80893382239961,199.6355653,182.85023295000002,186.65880335000003,8.826932095011326,8.712992909077698,8.710930035855544,27.660947050000004,27.450014850000002,27.235530000000004,6904519,3595696,3578423,9703651,18336392,18346311,41,48,49,0.56976473,0.53039926,0.5360924,0.84313726,0.6111111,0.6231156,0.9858192,0.98113877,0.9843223,122663,123292,123120,1387,1993,1864
1641705485,17247,19563,20377,61341696,74448896,82313216,310580224,326107136,330720768,10165.505485534668,13554.014221191406,13870.153282165527,2562910866,2232656171,2069983075,27425.23,31353.346,29695.2,178.54246725440004,173.7250284597997,176.23589281380015,285.50427070000006,261.86626939999996,261.07875925000013,13.151555609522273,12.612202650044411,12.795932722211031,40.48264555000001,39.28369355000002,40.38019200000003,4589631,2462395,2431455,6614638,12593836,12495935,43,48,50,0.5438124,0.50231403,0.50928706,0.78109455,0.59090906,0.5929648,0.9856105,0.9848412,0.984642,182292,177953,180675,2713,2343,2125
1641791792,15791,17534,17586,70778880,82229248,83604480,267241984,305737728,343731712,10589.505012512207,13813.943969726562,14178.1068649292,1872165699,2138435635,2013340813,32844.46,33408.574,35045.086,147.46109387859946,147.2998133079998,148.56005788460013,241.1517979000001,225.0781571,224.94916535000004,10.944085221955275,10.803358895933394,10.897389997899966,33.511453200000005,33.62674205,33.670519000000006,5565897,2899028,2886669,7918647,14786370,14760438,43,48,50,0.5674406,0.5340232,0.53294456,0.83919597,0.63316584,0.63316584,0.9859154,0.9849009,0.9803963,151053,151622,153479,2029,2294,2045
1641878138,14481,16501,16246,64487424,81766912,85458944,312204904,326107136,315621376,10242.092971801758,13754.729461669922,14167.621231079102,2064901550,1726812275,1926478572,36164.0,33156.414,35077.844,144.21810840800046,145.36060287959992,145.4636957978005,238.33857700000002,222.24764245000003,223.1405306,10.601259327800033,10.552688800011126,10.533114167811098,33.0624125,33.14158410000001,33.1985131,5711872,2945487,2932172,8123185,15064002,14963155,43,49,50,0.5484417,0.5066024,0.50798434,0.845,0.6069652,0.5891089,0.9854589,0.9838888,0.97952443,147821,149511,150245,2166,1782,2018
1641964483,13146,15055,15064,73924608,86406656,84934656,284026368,337002496,340367872,10951.36653137207,14141.853439331055,14382.848678588867,1421556494,1568837005,1647649161,39190.5,41581.2,38250.574,127.49112171520039,124.05740696360027,123.12858253259981,214.66505360000002,193.277913,189.02699715000006,9.466058054466547,9.079994725199972,9.014659132322075,29.177591050000004,28.140839000000003,27.926813650000007,6450067,3453505,3476717,9109188,17543231,17835299,42,49,50,0.5825039,0.529043,0.53061813,0.83838385,0.645,0.605,0.9861845,0.9807087,0.98180896,130720,128287,127160,1531,1624,1693
1642050941,14395,15326,15380,74554656,86986752,82250240,322520512,309106176,323887104,10406.462173461914,14173.328826904297,14079.58667755127,2046407313,1812820084,1795795336,34981.8,39177.242,33982.504,143.52961887239985,140.4755230225999,143.04454981900025,241.83956510000007,217.73166740000002,218.10271375000002,10.522630713255564,10.21311539404468,10.407218777644493,32.95102465,32.30073205,32.8295584,5739386,3032901,2982866,8183456,15487110,15223991,43,49,50,0.5471698,0.5012377,0.5064973,0.8109453,0.59,0.57788944,0.9851921,0.98387736,0.9819704,146768,144456,147206,2141,1954,1874
1642137378,15508,17242,18202,71303168,83361792,81781248,270532608,343408128,326107136,10790.615913391113,14078.566390991211,14050.883560180664,1902306938,1803714558,2033612640,32754.1,36688.785,34358.75,147.55419089659966,143.39510067499984,150.1030136397999,242.72844320000016,214.8716116,227.03151375,10.956376331922199,10.517110924644427,10.97324285558887,33.53107965000002,32.64906100000001,33.66322285000001,5558235,2989199,2853297,7925432,15286838,14508899,43,48,49,0.5777127,0.53144544,0.5404215,0.85714287,0.5902439,0.62,0.987698,0.98566294,0.985782,151000,147839,154417,2054,1911,2142
1642223616,12521,13862,13914,72351744,86289920,83757568,261024768,329351680,324889088,10700.240371704102,14502.841621398926,14278.578590393066,1385417017,1513184839,1622942979,52340.5,44799.14,44703.96,112.38003160239984,108.4258839196,106.46289430820006,189.58936910000003,168.67875565000003,164.095448,8.31874770251105,7.932439319933367,7.779246838688938,25.770551050000005,24.788948950000012,23.971911100000014,7314420,3949746,4015645,10263422,20026279,20535146,42,48,52,0.576871,0.5322862,0.53080803,0.8606965,0.59799,0.59,0.98423296,0.9812393,0.98109514,115571,111995,109962,1460,1554,1661
1642311103,14629,15410,15409,74446336,83806208,78629376,318819024,320864256,368574464,10473.657859802246,14227.755836486816,14049.405181884766,2012282208,1783291807,1479856143,34371.652,40082.992,43371.08,132.08126684660047,129.75916574260012,134.35278416,216.5234354,200.66261860000003,208.515723,9.734769575222186,9.447930551377713,9.870990957833342,29.680738550000004,29.205790000000015,30.193539000000005,6215808,3304330,3187056,8805583,16779512,16329890,41,49,49,0.57621205,0.5437481,0.54930025,0.82,0.64851487,0.625,0.98488003,0.98528504,0.98377854,135814,133312,138060,2139,1882,1581
1642396613,16269,17314,17255,68157440,82813952,82837504,254803968,308281344,334444032,10544.39348602295,14074.34716796875,13964.116203308105,1989231983,2027171708,2022296681,33907.645,33987.207,34523.594,144.42789329459964,144.0133695824,143.59957760459994,237.4114371500001,223.81272525000003,216.84324015000004,10.698283478277743,10.508186353844492,10.524517273622196,33.034881000000006,32.558729150000005,32.64447265000002,5696844,2975927,2992909,8120585,15236782,15471325,43,52,51,0.5724085,0.5380315,0.53788835,0.85,0.61,0.63,0.9865383,0.98256725,0.9846139,147984,148419,147511,2098,2117,2105
1642483100,16321,17072,18230,65004544,76546048,76523520,319291392,297608704,303985664,10232.375465393066,13725.367721557617,13714.371231079102,2166090068,2139447697,1997223093,35130.746,39207.254,36203.2,162.71605074319987,155.59821969280077,159.5012480126002,273.5762256,237.6155460500001,242.24720365000002,11.964408819733356,11.261738388955571,11.592259383066729,37.56616575,35.54428820000001,35.889752949999995,5037907,2757764,2684025,7248676,14130462,13802558,43,51,49,0.5573254,0.51758194,0.5191722,0.83919597,0.62189054,0.59799,0.986003,0.9860081,0.9861038,166997,159559,163526,2294,2295,2088
1642569382,16231,18142,18454,62366720,77533184,76461056,254279680,301465600,321756672,10222.244087219238,13695.851654052734,13527.128616333008,1896497970,2059138747,1985218782,32057.295,36046.18,33269.656,161.26204151140038,160.33877256240015,162.31761330960003,264.95768015000004,245.4604639,245.15737160000003,11.858967779100094,11.64096977862212,11.774943048655661,36.61635090000001,35.946162050000005,36.83535305,5078255,2669053,2623028,7292777,13704920,13480184,42,50,50,0.5558884,0.5104376,0.5127865,0.86,0.6080402,0.6403941,0.98666036,0.98405063,0.97351605,165060,164473,168439,2000,2186,2077
1642655827,17720,19279,18695,69730304,80740352,77594624,280621256,289734144,325058560,10554.21713256836,14115.56704711914,13779.9839553833,2255930518,2483821383,2258908936,31055.205,29254.0,28344.81,167.5309630235996,181.56704725999995,177.3653999576002,266.02689105,278.01670590000003,262.00182265,12.322624618477963,13.21204122215542,12.919955484589101,37.719330100000015,41.272342050000006,39.738610850000015,4889597,2354451,2416674,7036729,12055134,12448031,42,51,51,0.56199974,0.52415484,0.5211618,0.80904526,0.6119403,0.60301507,0.9848255,0.9827485,0.985564,171357,186642,181561,2431,2616,2317
1642742353,18692,21877,23668,59768832,77530112,73400320,246020608,267707152,310378496,10029.091438293457,13627.83169555664,13425.88117980957,2345286860,3013099243,2432188747,27971.307,28277.262,26995.303,209.60555025980003,218.19953069339996,215.1761134148003,350.447037,339.16675210000005,334.07299815000005,15.522598872955811,15.909346859222289,15.703618827788539,48.087985,48.950125500000006,48.08855865000001,3901408,1966397,1999327,5703059,10094679,10390907,42,50,49,0.5576545,0.5251904,0.5231113,0.79899496,0.6111111,0.61,0.98767513,0.98563594,0.9860679,213727,223024,219977,2552,3191,2528
1642828519,15680,17674,17426,70778880,78613504,79149568,260493312,340262912,342884352,10301.506523132324,14001.126441955566,14142.788772583008,1855450969,2011397723,2025318503,34498.652,33093.39,37190.082,153.95409061799958,153.10385311739998,151.13813714079944,266.64013480000006,234.03832165,231.16260420000003,11.395416931011091,11.165109622744604,11.016422847311299,35.144761850000016,34.61839335000001,34.00390895,5335348,2792327,2826773,7631697,14247929,14549281,43,50,49,0.5703039,0.5272418,0.5347286,0.85858583,0.622549,0.6268657,0.98622924,0.9841014,0.98387784,158040,157526,155479,2001,2063,2077
1642914971,17267,18388,17502,66060288,78077440,79167488,283852192,314572800,326567424,10617.474670410156,13933.098274230957,14075.997749328613,2138869617,2093924632,2019446878,34239.6,33679.77,37538.086,154.97734108740016,151.47190721320013,148.15235788640044,251.31085185000003,234.61340465000004,227.59758750000003,11.49950840333341,11.05511540026665,10.820219894511103,35.01959200000001,34.2571002,33.81499425,5295008,2838912,2896205,7585493,14451260,14853223,43,49,51,0.5762799,0.53688115,0.5398944,0.81,0.63,0.6119403,0.98633707,0.9851898,0.9836257,158989,155544,152444,2277,2184,2068
1643001361,16157,18218,19312,70778880,79167488,76546048,267236352,282066944,315621376,10331.254379272461,13667.179878234863,14097.584022521973,1663518284,2284745877,2265467800,35517.1,30478.453,32928.207,153.98068479839992,170.03913780819963,165.60745478019967,254.87775205000008,255.45904160000003,248.16724515,11.298385857577749,12.360401774855577,12.020851610610988,35.200243050000005,38.55234500000001,38.1515341,5338627,2515878,2583507,7622215,12841455,13319182,43,49,52,0.5449193,0.5180486,0.5163884,0.83838385,0.605,0.6281407,0.98580414,0.98460335,0.98198336,158135,174784,170479,1798,2425,2356
1643087551,13219,15071,15074,71827456,79098880,79138304,262603272,344981504,356515840,10644.748657226562,14083.853874206543,14224.261596679688,1555781914,1575255084,1588560543,39941.008,44232.7,40732.33,125.95029804200006,119.68894601399998,123.09021537440019,209.24994100000004,182.84628215,190.30222110000003,9.281166021788781,8.75062626447791,8.9795757085557,28.565865950000013,27.009316600000002,28.22845925,6518073,3575005,3477240,9215606,18209758,17798042,41,49,52,0.5748622,0.5292355,0.53617686,0.8308458,0.6119403,0.591133,0.98553914,0.98352677,0.98388606,129685,123294,127138,1650,1622,1637
1643174005,31123,14998,14990,72876032,82225664,82791936,263029248,330896384,336571392,10415.60181427002,14492.0679397583,14300.495178222656,1628967294,1721036023,1739785350,40099.84,40287.33,39212.68,124.40717445500017,118.84877911480025,119.40454864019972,208.87624975000003,183.68344875000003,185.77970430000002,9.18977643014434,8.639566958877854,8.729153013911073,28.536568,26.93401105000001,27.315225250000005,6628388,3597514,3583543,9351586,18320045,18397320,42,48,49,0.56857866,0.5282488,0.5305453,0.82828283,0.6069652,0.61809045,0.9859207,0.98002887,0.98249704,127714,123223,123103,1724,1808,1800
1643260401,13132,15149,15050,72351744,87964160,82141184,290851840,311427072,347950592,10498.287292480469,14201.953910827637,14548.704360961914,1808958762,1822845067,1669766645,40404.08,41697.1,41398.06,122.65995908299945,122.88447737899989,125.35723778740011,208.07189865000004,186.83635495000001,190.62438305000006,9.053906917977674,8.987643899133225,9.162027989122212,27.90326835000001,28.09996715000002,28.43597505,6694124,3472149,3409817,9426077,17615356,17490547,41,49,49,0.56824964,0.52903014,0.53788877,0.85,0.6080402,0.6212121,0.9854362,0.9815739,0.9828934,125738,127169,129194,1900,1912,1716
1643346974,16127,17190,16269,65536000,82745344,81264640,278921216,323913216,318767104,10515.685501098633,14420.935081481934,14032.525032043457,1716483499,1875781506,1872725651,34933.6,35076.215,38753.55,146.11808412179997,137.54064144220013,133.3352958900001,237.70523835000012,208.81563180000003,201.58423335000006,10.773767843155591,10.040149942588979,9.766652072322252,32.76510595,30.82674155000001,29.897886700000015,5615066,3112161,3207759,8006363,15850302,16451367,42,51,50,0.57224995,0.53923035,0.5351744,0.8181818,0.62,0.605,0.9869481,0.9810308,0.9831571,149921,142357,137359,1815,1961,1950
1643433334,16410,17578,18094,64487424,78643200,79155712,264077824,322793984,320964608,10189.239501953125,13557.494667053223,14253.801963806152,1982278618,2052614987,2320112558,33264.8,35390.4,34734.35,150.89893464460005,150.93355764659978,154.47148458560025,260.53152400000005,230.02066555,231.00479405000002,11.141117627677708,11.018205642388878,11.285409023977842,34.395533050000004,34.192523050000005,34.81758675000003,5422318,2828907,2773670,7755336,14408615,14281162,42,50,50,0.57994616,0.5369853,0.54316586,0.835,0.615,0.61809045,0.9858205,0.9844542,0.9819421,155018,155484,159503,2129,2103,2403
1643519652,15079,17133,17243,69206016,78617600,77594624,248713728,333870080,348127232,10326.707695007324,13773.445907592773,14183.997367858887,1893130500,1807543407,1834762684,32161.7,36160.387,35449.996,151.44964974519968,146.06898898259973,149.47812753639977,253.78309405000005,224.63537365000002,230.10656345,11.173151985599997,10.599665599022245,10.847408153266583,34.92378695000001,33.5060098,34.697824350000005,5411276,2922132,2856406,7713903,14960830,14731702,43,50,52,0.55400854,0.50747925,0.51626265,0.82,0.60714287,0.6119403,0.98499644,0.9824747,0.9847212,154869,150452,153423,2010,1855,1892
1643606113,15342,18208,18307,69206016,78601728,77042688,314744320,328775680,304869376,10131.53604888916,13819.868225097656,13749.330513000488,2323869819,1864801011,2064668357,32108.59,33181.383,33214.72,171.53855497260017,163.7004469534001,159.83204430139975,283.98178285000006,249.5326484000001,244.16148330000001,12.636532908866734,11.88187088884429,11.647017575788858,39.1043493,37.28996420000001,36.60893890000001,4753701,2612438,2683193,6865589,13336236,13821034,43,50,51,0.55985487,0.51367515,0.51393,0.8442211,0.635,0.59,0.987102,0.97819257,0.98500454,175156,169520,164424,2454,1930,2146
1643692554,31737,16127,17646,70778880,78615552,79624192,271436800,315929600,276824064,10517.594596862793,14018.397071838379,13756.147987365723,1630555055,2119886704,2328004720,34734.453,32503.65,32333.434,145.37605898860005,163.70404115719995,164.01490684580028,250.16852125000008,252.60191845000006,247.4882463,10.653603180533445,11.849136529211004,11.88241355218888,33.78462015000001,37.20809000000001,37.44522830000002,5643770,2617018,2612739,8047022,13413373,13490017,43,49,50,0.54718894,0.50657594,0.51205736,0.8069307,0.6111111,0.5829146,0.98533267,0.9821855,0.9849694,148845,168533,168661,1725,2244,2486
1643778985,20874,18464,18546,63438848,77579776,75997184,255625216,298844160,298081792,10351.319786071777,13796.83602142334,13890.381729125977,1872004577,2156640731,2210892498,32911.492,34232.76,35231.414,168.73007948080016,167.5861821493998,168.1488220138008,276.61694725000007,254.68066025000002,254.4841962,12.455860183977933,12.164953201322193,12.218849341866662,38.930468850000004,37.75753315,37.94433015,4867442,2552308,2552901,7018111,13092925,13179974,43,50,50,0.5617267,0.5281108,0.52734953,0.8217822,0.6130653,0.6040609,0.9854996,0.98144835,0.98458666,173038,172354,172463,2035,2252,2369
1643865252,14550,15501,16061,69730304,83298304,82226688,276188160,338472448,314692608,10418.06438446045,14121.904754638672,14050.789794921875,1468961604,1755097569,1923794533,35934.53,35754.65,37315.535,131.4671424153999,134.3281245126003,136.19331403360056,222.29520420000003,205.95549100000002,207.6602985,9.748215817488944,9.83257401228885,9.975704252355401,30.347369700000005,30.293802400000015,30.847692350000003,6256538,3180989,3141537,8856593,16274638,16156211,42,49,49,0.57331747,0.537775,0.53796446,0.8159204,0.6069652,0.6069652,0.9828541,0.98425025,0.9833969,135937,138329,140272,1599,1808,2026
1643951716,16054,17606,18298,68681728,79157760,75497472,277909424,316145664,312918016,10291.86434173584,13609.149063110352,14049.392181396484,2133894431,1930923856,2221069699,32988.3,35585.44,33779.2,159.14769687499992,151.92714661320022,155.51967994400047,258.44984750000003,234.17763910000008,236.01618610000003,11.851119065966664,11.174295068433238,11.403395404655523,35.961367900000006,35.07444405,35.02852390000001,5157680,2819449,2746906,7386485,14297189,14163125,43,50,50,0.57828146,0.53478557,0.54503167,0.8308458,0.6256158,0.6381909,0.98668474,0.9840729,0.98575926,163078,156538,159548,2238,2036,2327
1644038000,15084,15426,15422,68681728,82313216,77070336,283660736,323485696,360710144,10794.7134475708,14129.07846069336,14164.832046508789,1912510298,1752620884,1681665773,39870.1,42208.36,40312.617,129.10491014680014,127.98656780359973,128.96192863400012,216.49433535000009,197.44553995,196.1248774,9.538504049866692,9.356201492044482,9.416510582066506,29.49050665,29.489850000000008,28.648144400000003,6383782,3333810,3321802,9025650,16961763,17024289,42,49,48,0.56572825,0.5310388,0.53712016,0.81,0.60301507,0.63,0.9854368,0.9752488,0.98049086,132754,133266,133210,2001,1887,1729
1644124427,14632,15161,17177,70778880,81626112,78641152,274586112,332922880,341701632,11001.768745422363,14036.373779296875,14251.01848602295,1628191892,1678084697,1781061684,40274.87,38828.0,41516.797,133.42260762080014,132.04240520480033,128.8166171092,229.2124260000001,206.63449125000002,206.42485065,9.8852937845777,9.725002197188916,9.396423954266735,30.508944950000004,30.58942995,29.642940000000003,6178308,3237546,3336405,8756390,16525424,17117367,42,49,50,0.5918934,0.53077126,0.5320862,0.8190955,0.61,0.63,0.98701704,0.9808781,0.97326916,136665,136171,134342,1759,1733,1831
1644210731,12850,15144,14393,72351744,82151936,84368896,254677504,353894400,342360064,10638.08782196045,14226.54744720459,14340.67992401123,1612088277,1573684709,1654524693,33712.36,38940.4,40407.676,127.17363927959981,121.56094587920019,120.76295151399995,213.47582355,186.88321230000008,185.01412755,9.42319735888905,8.912743562222191,8.821839110411045,28.788847950000005,27.528647050000014,27.455559700000002,6461930,3467045,3546164,9134944,17740182,18216181,42,49,48,0.58221155,0.5207189,0.52956796,0.8159204,0.615,0.5959596,0.98519886,0.96062046,0.98412716,130665,128208,124433,1719,1625,1715
1644297192,13287,13998,14450,68681728,83279872,83361792,267840000,337563648,281810432,10843.217178344727,14337.175643920898,14292.215522766113,1482949890,1493164135,1913231364,36247.8,42776.6,40010.7,120.5871037466004,116.63671340600006,121.99727238719997,212.26544570000004,180.50539735,187.05069500000005,8.916014757388963,8.519886841055536,8.907283634211154,27.501683,26.333067150000005,27.456039000000008,6825627,3677121,3508652,9583483,18690396,17985482,41,51,50,0.58344674,0.5307162,0.5379678,0.8636364,0.5929648,0.6080402,0.9858355,0.97607726,0.979911,123548,121072,126060,1578,1556,2041
1644383834,17030,19423,19510,63438848,76533760,77594624,245005144,299181056,321382912,10529.26089477539,13807.100898742676,13545.138374328613,2275140540,2221913889,2062516671,30021.885,30956.61,34117.992,173.99979851900056,171.16233718620046,175.53249401859986,283.45266925,258.14516060000005,263.47987305000004,12.756697949266666,12.450471323844368,12.750687503022194,40.16747305000001,38.68753435000004,40.024916100000006,4707331,2509250,2441299,6801700,12866691,12561267,43,50,51,0.55554956,0.51994383,0.52573174,0.8241206,0.6080402,0.61928934,0.9874993,0.98526585,0.9838489,178106,175638,180506,2425,2351,2155
1644470006,13415,15162,15116,70778880,82780672,80216064,269861376,315020288,344241664,10747.154846191406,14156.083297729492,13987.396675109863,1638664079,1853385215,1674439448,38671.5,43125.887,40346.29,126.88333478940008,129.08299446219996,127.67279419200037,211.70137700000004,197.56419740000007,198.69376805000002,9.38662276697778,9.430188912388822,9.33258977761117,28.60955055000001,29.507207000000005,29.150710050000004,6457193,3324092,3348887,9126139,16990155,17174236,41,49,49,0.5719699,0.5337416,0.5347125,0.840796,0.6060606,0.6080402,0.98572105,0.9813505,0.9798426,129882,133279,132240,1764,1935,1725
1644556656,16730,20286,20257,64487424,73400320,77574656,261095424,331081216,329252864,10051.405181884766,13449.662452697754,13846.262977600098,2019762402,2145006168,2165175170,31588.617,31190.225,30758.098,179.67813009860023,171.31985435800027,169.78116034540005,301.0199036000001,261.56054825,258.99335005,13.236095677033312,12.487439802100043,12.384317533344499,41.143885850000004,38.672909000000004,38.59777305000001,4552760,2500121,2519462,6589258,12848578,12974875,42,51,51,0.56072813,0.516012,0.5111829,0.8226601,0.6069652,0.625,0.98546726,0.98235214,0.9831294,184140,176639,174561,2134,2215,2226
1644643024,16594,18492,19294,65439232,76473344,76508160,336782336,297795584,301310976,10231.673500061035,13779.792190551758,13639.920204162598,2449128606,2183805156,2083378736,30111.178,30268.373,32937.918,168.93905683879962,171.0746387411999,166.22648799400042,277.10872704999997,258.53476805,252.26942545000006,12.414844064322207,12.447754073455355,12.07875635312217,38.990244600000004,39.24581305000001,38.049479100000006,4853661,2504607,2570628,6986856,12873208,13186289,43,49,52,0.56053543,0.5139432,0.5177808,0.7821782,0.6262626,0.60301507,0.9849371,0.98421556,0.9848543,173072,175416,170538,2594,2284,2191
1644729225,14429,15381,16244,72876032,82837504,82792448,270532608,306708480,317718528,10460.953399658203,14014.789443969727,14031.260902404785,1855415009,1917600210,1910574721,37646.934,38330.9,35037.297,152.07319816179975,133.41037532620015,129.71325741479995,287.56223320000004,204.4475952,200.5679498,11.128896729744499,9.767500566522106,9.530652547911005,35.058804,29.945724650000002,29.17518695000001,5364507,3208902,3300316,7695847,16462257,16923537,42,49,48,0.56300586,0.5339574,0.5359335,0.84,0.5929648,0.6231156,0.98610866,0.984649,0.9790424,155915,137358,134275,1985,2000,2003
1644815857,16806,18508,19178,64487424,78118912,80050176,246148096,272916480,273556992,9928.363059997559,13951.663879394531,13713.034896850586,2113474464,2714794711,2588153729,28917.9,33985.625,32923.316,170.87819591459936,175.07109554080031,174.2354098655997,276.18949875000004,263.541217,260.11006795000003,12.588389897466454,12.74880264712221,12.715692199677857,38.81065355000001,40.54699600000002,39.491490000000006,4790281,2451560,2461257,6908586,12662049,12728886,42,53,50,0.54903346,0.51652056,0.51358,0.81407034,0.5959596,0.6111111,0.9860928,0.9813821,0.9850744,175131,180664,178802,2248,2873,2735
1644902167,15863,18497,18732,67633152,78643200,77570048,245386288,288705024,305659904,10156.902252197266,13705.533569335938,13532.826210021973,2064208759,2329031286,2035365454,28888.512,33348.855,35121.29,164.09287276199984,167.07455790460008,162.18542554539994,262.640856,256.37737465000004,245.43671715,12.01955107617779,12.146386540300107,11.7819640796888,36.891138800000014,38.30339200000002,36.80156715,4997997,2560837,2638024,7175835,13210402,13609274,42,50,50,0.54067445,0.5110644,0.5094975,0.8109453,0.61,0.6111111,0.9864756,0.9842122,0.9850544,168177,171497,166525,2182,2441,2115
1644988396,13941,15272,15978,69730304,83295744,84360192,287226368,330825728,310281728,10606.892639160156,14394.23755645752,14076.717262268066,1842791239,1820757075,1857829551,39971.707,37479.7,41805.754,138.25843701619993,131.69750393539968,127.9892752915998,228.46152335000002,202.2335207,197.9549136,10.259225088833295,9.66132013976669,9.379905023788945,31.861934750000017,29.78881295,29.2768271,5961163,3261251,3335817,8487792,16717054,17121709,43,49,48,0.5844902,0.53817546,0.53361326,0.83919597,0.615,0.6212121,0.98570675,0.97945666,0.98086935,141885,136242,132290,1959,1874,1949
1645062170,13608,15197,16016,70778880,82679808,82245120,252585872,341654528,317718528,10735.856964111328,14017.29965209961,14406.543479919434,1773348341,1644018571,1795705825,37672.3,40180.5,37342.035,129.2128397735999,129.68581527000015,128.94652428339998,210.5425792,194.93422855,197.2874117,9.571804901533302,9.517116071855593,9.457562567544485,29.569217199999997,29.6162525,29.154241350000003,6379120,3297161,3329039,9019528,16951255,17568400,42,49,49,0.5731005,0.53808916,0.5265127,0.845,0.6080402,0.59799,0.9851115,0.9853723,0.9588894,132732,133318,136187,1877,1691,1869
1645074739,12856,14951,14162,70778880,78073856,81610752,279846912,354855424,350748672,10915.444305419922,14134.410545349121,14405.288177490234,1572943657,1642968546,1578901734,34071.363,38391.605,38252.1,135.5728849847996,122.68286069320018,120.55601897499997,232.58175840000007,189.95432950000006,187.13199085000002,10.03202817919996,8.975284218011133,8.821015713922137,31.29663520000001,27.71601380000001,27.25691275,6053275,3483931,3551350,8602595,17892280,18664532,42,49,49,0.5925668,0.53348774,0.52906454,0.85,0.625,0.595,0.98655915,0.9847712,0.9833061,138640,126267,124179,1661,1698,1658
1645161283,14802,18052,17488,69730304,83353600,78118912,256901120,324009984,339738624,10374.466423034668,14139.672149658203,14421.577911376953,1904746438,2091711282,1951819417,32221.578,36583.53,34472.555,147.5027744710003,146.48831240799998,147.62416536080093,235.0816887500001,222.60789245,222.80723145,10.935033552477899,10.69762887266681,10.783290693499968,33.31425600000001,33.2347834,33.12418835000002,5559093,2924039,2903011,7904937,15037673,15394865,43,49,49,0.5700732,0.5394864,0.53645915,0.8442211,0.63,0.6069652,0.9862159,0.98434645,0.9832391,150983,150578,152639,2004,2180,2025
1645247729,15166,17581,17356,67108864,77945856,79004672,273678336,318091776,270008320,10427.8148727417,13892.173324584961,13881.813804626465,1739755689,2520811691,2258503947,32268.738,35459.586,31762.02,160.1761708084002,163.68063658059992,157.70287693920025,263.1579946,247.7768384,238.34450075,11.755566791322392,11.8970001179001,11.48924166522235,36.13783825,37.86315865,35.7337447,5111022,2616297,5394252,7339862,13544818,28434754,42,50,51,0.557677,0.5214924,0.51836467,0.8341709,0.59,0.6,0.9869885,0.98517853,0.98443747,164053,167655,161416,1882,2651,2404
1645334137,15292,17578,18157,66060288,78621192,80494080,255328256,325058560,325485056,10390.792434692383,14047.796905517578,14134.625175476074,1970993853,2182036271,2069415030,31521.543,33335.0,34104.57,155.00033830859954,153.89765377799975,151.7977174359998,253.77560535000003,236.33557215000002,230.21956055,11.447248709422109,11.238672671233308,11.076493663500083,35.126243,34.583662,34.72457440000006,5285327,2784440,5627641,7559813,14388106,29376505,43,50,49,0.5706395,0.53259754,0.5347492,0.8241206,0.6130653,0.625,0.9859036,0.98468703,0.98342323,159176,158658,156530,2098,2276,2100
1645420502,14878,19139,18461,67108864,74448896,76504576,255852544,351029248,306105344,10262.802909851074,13859.228057861328,14395.33967590332,1788726698,1934529405,2207825075,32078.0,32794.445,38531.836,156.00149962880022,156.40357770780014,152.7481606597995,256.3109111000001,239.12425805,233.41169745000002,11.569611284222226,11.463372968055541,11.20346700878879,35.461069050000006,34.99711890000002,34.72334605,5248280,2717970,5584628,7506272,13940329,29124619,43,50,50,0.57046926,0.5348517,0.54037875,0.83,0.6368159,0.63366336,0.9867909,0.97576797,0.98362654,159957,162462,157462,1892,1989,2293
1645506789,12434,14987,14041,74998912,81704448,78640640,337801728,317796352,348651520,10475.244018554688,14172.760383605957,14234.176261901855,1830819064,1830354648,1555040158,41163.0,39049.28,37594.3,122.05941240579975,130.57044292660007,127.35336036680017,206.33146930000007,200.7235081,196.56578735000005,9.035749718878,9.578235415088933,9.352293962788796,28.394812250000033,29.717022950000008,29.153492000000004,6729986,3293163,6693963,9471041,16858873,34963427,42,49,51,0.57632416,0.537347,0.53982246,0.83919597,0.61809045,0.62,0.9839317,0.98343253,0.98480886,125672,134157,131252,1950,1913,1621
1645593403,16639,19421,19087,62914560,78094848,78609920,248419264,313102336,314572800,10100.986633300781,13948.521270751953,13539.878875732422,2197108840,2222975270,2139774974,30971.803,32226.4,32033.697,170.5377263845996,167.74592084660043,165.4321502604002,274.45756585000004,254.32251270000003,251.51985000000005,12.611333442955557,12.240228056010924,12.043711330977729,38.596436200000014,38.0163326,37.68990585,4804494,2549691,5148964,6923940,13138253,26808313,43,51,51,0.5513593,0.511181,0.50887483,0.80099505,0.5920398,0.5939086,0.98520565,0.98335534,0.98168147,175146,172538,170638,2309,2308,2241
1645679595,21988,14998,14920,68681728,82705408,83257856,254477312,333447168,314159616,10779.567596435547,14071.574691772461,14269.546508789062,1706557576,1675164319,1785490980,39937.637,39484.8,38700.29,127.08128436819997,122.14345876080003,122.83053355419929,215.5127450000001,189.4278672,188.15079875000004,9.42886160723332,8.90828912282227,8.998749086844482,29.429639100000006,27.549708900000002,28.078809900000024,6457424,3499926,6928398,9154446,17916462,36103407,43,52,49,0.57837266,0.5341919,0.53801066,0.81,0.6119403,0.6111111,0.98551524,0.9823284,0.9832761,130671,126064,126300,1805,1719,1861
1645766029,12626,16161,16009,73400320,79654912,78643200,254279680,344494080,354418688,10762.677207946777,14424.433784484863,14146.349624633789,1822862271,1794944806,1579290139,38851.215,39371.812,40782.63,133.28488006679993,133.20898314999988,130.94354159959968,221.53400035000007,206.5890946,200.9212243,9.88239371002217,9.786731617733368,9.611745708566673,30.399166550000004,30.48225625000002,29.548141,6185661,3206604,6527157,8751046,16494325,34002841,42,49,51,0.5765482,0.53627414,0.53796464,0.82323235,0.59799,0.60199004,0.98604745,0.9832682,0.9812466,136817,137265,135222,1945,1860,1633
1645852373,12515,14058,14864,70254592,81714688,82172416,256717312,326107136,327433728,10471.249725341797,14163.070198059082,14327.070556640625,1570853097,1603610674,1616965447,39895.0,47463.9,46566.56,119.64619747219984,118.9133346974002,119.70470052119965,200.41805490000004,184.01121805000002,181.7594661,8.864413820411063,8.710173821889006,8.764847304766702,27.175805350000005,27.263158000000015,26.999067300000018,6896005,3612732,6842189,9706315,18551097,35772281,41,49,50,0.5757791,0.5330496,0.5367124,0.8241206,0.6281407,0.6080402,0.98652405,0.97990495,0.9840048,122648,123203,123129,1660,1725,1673
1645938770,13911,15248,14948,73924608,83301888,81721344,309740544,335544320,318767104,10418.382186889648,14309.803169250488,14320.37767791748,2026965966,1693621605,1873855439,34392.145,39230.625,40266.6,131.35243183560007,126.58329837420006,128.31851842959952,216.51968850000014,195.79637004999998,196.02126505,9.718670632833486,9.272250931666617,9.403480885377672,29.949257150000047,29.175902400000002,29.146936000000014,6260206,3379494,6654156,8832442,17341495,34553881,41,49,49,0.5774246,0.53198844,0.53845733,0.83,0.60301507,0.5970149,0.9849226,0.9843532,0.9840251,134770,130225,132244,2159,1769,1984
1646025266,14052,17521,17304,70778880,79141888,78094848,247908664,341835776,321513472,10371.515213012695,14165.783493041992,14196.179237365723,1969317105,1993423666,2040908386,36528.594,38297.414,37141.215,151.24105310160016,140.3974222850002,145.0372250923999,264.1796968000001,217.58345225,221.78518920000008,11.228582871388964,10.249710985877721,10.605075567244374,34.77501835000001,31.79865720000001,32.63214395000001,5421371,3046477,5895655,7719978,15620430,30921363,42,49,49,0.58175826,0.5283631,0.5314239,0.8358209,0.6,0.63265306,0.98624134,0.9844514,0.98274624,154880,144449,149392,2072,2049,2153
1646111701,16713,18100,18187,68681728,78607360,76509696,272629760,351006720,310378496,10373.166633605957,13915.294563293457,13964.659927368164,1841011380,1960033131,2196949755,30967.7,38757.074,33709.945,155.3558233902,147.8639681201997,150.08168868739978,260.86963765,224.26437885,229.11820500000002,11.479664239088908,10.85543658705562,11.026781620200074,35.38915570000001,33.56741200000002,34.24840505000004,5280217,2893026,5697227,7569538,14892826,29615882,43,50,50,0.5830687,0.53773046,0.5428865,0.82,0.6287129,0.64356434,0.98659134,0.98293465,0.98446786,158926,152411,154337,1961,2009,2280
1646198119,15922,17589,18567,65011712,74448896,72351744,281663600,347078656,344954368,10042.847190856934,13591.506004333496,13744.767585754395,2198698337,1899242604,1991313879,33012.6,40290.297,41950.4,152.59524313860032,148.41200956600025,151.48264382559995,263.37473140000003,225.83376500000003,228.24950165,11.276696641477727,10.85421190598905,11.122434722655548,34.987414950000016,33.01342690000001,34.057841,5382196,2892288,5439057,7676748,14889593,28355336,43,49,51,0.57477707,0.5373329,0.54257697,0.815,0.63131315,0.63,0.9839332,0.9803107,0.9819164,156936,153419,156421,2305,1951,2044
1646284535,15540,17495,17101,67108864,78096384,76510208,288247808,322961408,326107136,10674.99015045166,13672.709030151367,14322.171089172363,1624102767,1888407851,2057856668,34785.3,37342.36,34865.0,151.5618235679998,145.00880330820019,148.51586952980003,250.95498565000003,221.78463860000008,224.70633265000004,11.219908661133312,10.660619468655714,10.878784886733351,34.30920555000001,33.206484850000045,34.04800585000002,5406528,2954388,5748283,7730376,15258309,30063163,42,50,50,0.58930546,0.5396851,0.5431482,0.84577113,0.6169154,0.6212121,0.987318,0.983328,0.98086125,155126,149543,153392,1699,1943,2148
1646370797,13006,15166,14974,68681728,82250240,78110208,254124032,322437120,348127232,10631.3369140625,13919.638763427734,14307.250228881836,1689162197,1767563103,1665129778,36187.176,38194.34,38646.0,130.2884657620001,125.12937291360008,126.48642083419988,219.03383005,194.21970110000004,194.58285340000003,9.647554078811158,9.167062627233296,9.282871531066654,29.360508950000003,28.257246750000004,28.87435795,6306824,3338398,6734959,8902944,17082478,35215981,41,49,48,0.57763845,0.51901174,0.5379312,0.84,0.605,0.595,0.9846626,0.96154094,0.98309225,133746,132198,130191,1797,1851,1720
1646457150,12665,15005,15129,72351744,80694272,82126336,333072896,341311488,342697472,10827.656387329102,14394.835090637207,14269.322425842285,1877008718,1602734965,1594216405,36136.715,41787.3,39893.453,125.47389366399987,121.9763799176002,121.82418197259949,206.98868080000003,187.46477794999998,185.8789618,9.255217235799956,8.950726832744488,8.882641822411102,28.35358155,27.69447905000001,28.042850200000007,6562074,3507202,6706230,9249389,17856353,34969081,42,49,50,0.5705221,0.5284375,0.5305,0.83,0.61421317,0.6010101,0.9855671,0.98000354,0.9832838,128651,126222,125337,1972,1633,1642
1646543584,13026,15265,15093,74973184,83361792,82758144,254279672,329187328,338690048,10566.378517150879,14092.44066619873,14353.290542602539,1663642083,1689924405,1562757102,40429.4,41189.426,44938.1,126.82575640839993,122.3073380112,124.38509427459964,211.47956175000002,189.42309345000004,190.07934005000004,9.351827330666678,8.977065417766664,9.097770885566579,28.862197600000002,28.26250685,28.592598300000002,6475583,3493140,6606670,9131296,17874868,34346061,41,49,52,0.5755412,0.53447354,0.5371869,0.840796,0.63366336,0.60301507,0.98332155,0.9822364,0.9841279,130728,126216,128057,1771,1734,1608
1646630050,18023,18279,17517,67633152,73924608,78617600,279864832,355991552,322961408,10475.697998046875,13587.400672912598,13993.013442993164,1807782402,1886108803,2180857744,36791.727,36904.93,32049.26,152.68347027939987,148.42216949799987,147.50362785860034,258.33159610000007,230.53555835000003,225.47722435,11.328969557455538,10.88925659128899,10.808825057644427,34.77592920000002,34.218541050000006,33.656065000000034,5372509,2896833,5787546,7691379,14872875,30191189,43,50,50,0.57635653,0.5266758,0.5373084,0.8168317,0.6318408,0.635,0.9859615,0.98404133,0.98410434,156065,152544,151694,1950,1941,2276
1646716336,20529,14006,15091,72351744,83814912,86838272,269484032,281641984,324009984,10560.207015991211,14360.446647644043,14432.114059448242,1400608615,1709023834,1550331841,41378.137,42886.29,40672.098,111.19756437160005,108.97661971560053,110.65390158200036,187.66392495,169.20001165000002,170.65783705,8.229212525999975,7.978864666855646,8.102470722999984,25.438195850000003,25.174635000000016,25.174455950000002,7300656,3937046,7715581,10255244,20161269,40148873,42,48,49,0.5743008,0.52911603,0.53369474,0.83838385,0.6212121,0.60301507,0.9723283,0.97915214,0.9822176,117564,113107,114165,1478,1796,1615
1646802824,13653,15414,16102,71827456,81788928,82243072,278791168,314572800,313524224,10385.114364624023,14253.44750213623,14394.90535736084,1548604325,1857666731,1803837870,33531.547,38347.7,36656.973,137.03576137420023,131.57753863139965,133.8085326481998,225.92357715000003,205.57124290000002,207.05893120000002,10.126774527266534,9.689335547511098,9.8190306312666,30.826545600000014,30.37139505,30.43453990000001,5964505,3248345,6391934,8468248,16724224,33488412,41,50,50,0.5788397,0.53400534,0.5377342,0.84343433,0.63316584,0.63235295,0.9859255,0.98359543,0.9808342,140851,135309,138260,1699,1984,1896
1646889203,12179,15150,16020,70254592,80710656,79109632,261547520,342127104,335390208,10467.712425231934,14196.7230758667,14029.488899230957,1556865462,1733220635,1776154755,39353.887,36645.484,37545.79,123.4415366901994,130.77661200640026,132.85956258720014,205.11601485000003,202.44670185,201.77360449999998,9.12050101672219,9.557844263033466,9.713885740011152,28.203644750000016,29.168376000000006,30.361956700000015,6691765,3283535,6412453,9460142,16851534,33492394,42,48,49,0.5733971,0.5416758,0.5510602,0.8217822,0.615,0.61809045,0.9865496,0.98523074,0.98139095,126650,134331,137312,1647,1789,1835
1646975553,14564,14891,13911,68681728,81725952,80561664,264159232,328728576,350815232,10770.750816345215,14179.010330200195,14345.400741577148,1583943187,1682674972,1545048663,36321.938,40669.2,39933.793,127.0591084501998,119.4549569232003,118.33653326640055,207.41240865000003,183.8442929,182.75725839999998,9.40401716136672,8.727838662288955,8.64360811998886,28.983727000000002,27.396633850000015,27.035486150000008,6468829,3584654,7219632,9121080,18394751,37410836,42,49,48,0.58203566,0.5398305,0.532739,0.84343433,0.62189054,0.5990099,0.9863672,0.98315936,0.98311645,129886,122993,122076,1736,1732,1592
1647062123,15279,18122,18523,62847488,78643200,81012224,253231104,332843008,301586944,10244.962776184082,14154.790267944336,13909.806900024414,1956208922,2043155503,2231373786,32396.662,33137.4,33297.1,161.4829225527999,151.56212925839998,153.36822176380016,271.90057400000006,231.63830405000002,233.99631355000002,11.957332196866721,11.08116123364441,11.20898066840005,36.43738400000005,34.047809250000014,34.918328750000015,5069617,2828709,5578992,7279803,14539368,29219774,42,50,51,0.58146185,0.5325469,0.53613424,0.8333333,0.6130653,0.65,0.98637426,0.984966,0.9855809,165121,155722,157482,2057,2095,2325
1647148443,12592,15432,15122,69730304,82211840,84405248,265740288,318242816,328416256,10947.654823303223,14351.357109069824,14204.223815917969,1639533763,1836200349,1730300503,40594.66,39735.125,39712.86,135.29369673280033,128.43440497739985,127.25384064980057,237.721552,198.9440398,194.98441870000002,10.04021957145551,9.445870041777875,9.359721809488862,31.518350250000005,29.659639050000003,29.477517000000002,6091674,6643771,6703632,8631055,34756730,34710699,42,49,49,0.58908165,0.52664226,0.53607905,0.835,0.59,0.6119403,0.9859587,0.98251486,0.9827525,138828,132254,131210,1748,1975,1778
1647235289,13946,15462,15106,68157440,80186880,83286528,272034304,324009984,313489408,10339.480567932129,14001.208694458008,14538.976753234863,1480187156,1743984133,1819472972,38423.332,35659.066,38733.85,131.44135571239954,129.8030754289999,129.58878651680033,218.49075305000002,199.27318520000003,197.88134475,9.74137518425558,9.527159913688868,9.480818101055641,30.13944075000001,29.25928290000002,29.336784350000038,6245917,6567630,6577782,8839049,34084576,34244841,42,49,50,0.5748983,0.54030913,0.544496,0.8442211,0.6060606,0.61616164,0.986708,0.98256624,0.9849618,134714,134239,133231,1616,1796,1898
1647303899,14468,14989,14930,68681728,78118912,84934656,258998272,351581184,327155712,10552.911422729492,14384.729362487793,14748.41039276123,1616260894,1639529605,1980592929,40033.78,36090.79,40894.805,129.91829562999996,123.76078450600036,126.51295493499998,217.44896425000002,193.070506,194.9423332,9.560868950166686,9.051185326888849,9.286000870222209,29.632457300000002,27.785495,28.987254450000005,6324192,6904364,6757887,8952108,35892221,35144327,42,49,49,0.57971585,0.5309886,0.5353826,0.84,0.6281407,0.6089109,0.9851553,0.98036104,0.97905874,133779,128119,131126,1727,1695,2089
1647321137,12553,15024,14948,70254592,83224576,83835904,299765248,349678592,329252864,10664.113288879395,14266.695701599121,14693.263931274414,1393556839,1676739747,1738851030,39292.67,41919.3,37146.758,128.01242444299996,122.90844719899992,127.09488416379995,215.15591500000008,190.13285910000002,198.948232,9.440315355555589,9.016723015377833,9.273927837966752,28.89071115,28.268136750000007,29.063175050000012,6432640,6655164,6709513,9097348,34579311,34982712,42,49,50,0.5764991,0.5340604,0.5427613,0.83838385,0.60199004,0.6069652,0.98534745,0.98000467,0.98208624,131754,127082,131068,1456,1720,1785
1647407669,13488,17358,17354,73909760,79586816,80569344,326259200,294256128,332398592,10593.971809387207,13821.795318603516,14352.091232299805,2109094938,2322672776,1977576143,33746.25,34003.5,37069.773,149.0534710257998,143.62989668779997,141.52246559840012,249.91617395,223.15614940000003,214.77736975000002,11.054879512266668,10.513757193988893,10.335789962155621,33.67007795,33.24072695000002,32.03854200000001,5509220,5953882,6040603,7830576,31036092,31420903,43,51,50,0.5719798,0.532383,0.53234065,0.825,0.62,0.63366336,0.9860763,0.98168045,0.9847074,152772,148519,145421,2205,2434,2031
1647494088,14093,17468,18311,63963136,77070336,77594624,258784256,304051712,342674432,10616.666007995605,13683.923057556152,13936.75074005127,1876369158,2225033633,1944654379,34222.2,38699.83,39571.688,152.0052207811997,154.4643609181997,145.3378023538005,247.68572810000003,235.2895598,222.27263405000002,11.271501468011188,11.339381162644491,10.660418813566752,34.772071800000006,35.247130500000004,33.119232000000004,5390305,5524915,5884853,7705589,28842873,30721003,43,51,50,0.57311153,0.5443982,0.5352802,0.8,0.6256158,0.63131315,0.98620975,0.98536104,0.9845459,155967,158564,149540,2008,2363,2006
1647580406,12453,15951,15056,67633152,80740352,84258816,336941568,303948800,284115968,10807.277465820312,14127.56111907959,14250.359169006348,1961962563,1855223236,2042281899,33674.2,40247.023,37411.496,137.06683803520022,127.84090270779953,128.5727640718001,234.9089369,197.14051870000003,196.338685,10.133134136677906,9.35141954035559,9.405639163899961,31.04807100000001,29.32713100000002,29.396203,5973672,6398912,6637853,8482008,33184244,34738605,41,53,49,0.5864184,0.52951115,0.53908396,0.8492462,0.61421317,0.6318408,0.9851665,0.9726744,0.9845037,140731,133163,132076,2072,1917,2155
1647666883,15362,18250,17508,68157440,82803712,80152064,283753296,310291456,293576192,10279.856369018555,14324.790451049805,13920.309585571289,2101515559,2260046916,2352279576,32803.156,36347.797,36464.254,151.78630691739986,146.59151743340004,148.13994456559985,249.02106675,224.62556895,223.31119840000002,11.30235343801111,10.724118270622258,10.844315592188837,34.928871,32.975101,33.66211720000001,5377854,5829837,5751750,7688868,30317617,29983130,43,51,51,0.5760862,0.53376293,0.5361963,0.8241206,0.6395939,0.61,0.98587316,0.9841149,0.9840672,155963,150574,152435,2207,2343,2490
1647753440,18128,22745,21396,62902272,72876032,75999232,324676096,307122688,298844160,10373.524024963379,13432.576629638672,13420.857452392578,2661520395,2767505449,2659764218,27428.47,29435.67,29553.3,196.1171115378002,194.28005039039954,193.58858802680055,312.88269615,296.77236335000003,296.65854370000005,14.46096093102247,14.150423588677954,14.135779156533467,44.200573000000006,43.904250000000005,44.3334325,4164181,4401986,4423598,6058483,23076504,23183514,43,49,52,0.5485724,0.5252562,0.5260111,0.79899496,0.655,0.625,0.98580295,0.983723,0.9859109,200768,200242,199014,2847,2886,2800
1647839604,13828,16349,16304,68681728,82313216,83250176,280901632,337641472,320677888,10392.067543029785,14331.03189086914,13961.649391174316,1614047209,1738282707,1881013031,33887.145,37895.664,36825.684,139.47433859120014,134.9469386673997,136.92142004039982,231.58742680000006,209.38502345000006,210.98842295000006,10.336110417866546,9.897275452455593,10.024736699411022,31.508109950000005,30.25515555000002,30.913826050000008,5897554,6340366,6245621,8392418,33068213,32715936,43,49,50,0.5788907,0.5394803,0.5405747,0.84771574,0.62,0.6212121,0.9869792,0.98131657,0.9824242,142951,139390,141317,1745,1804,1969
1647926004,14494,16233,16315,68157440,81207296,81689600,265676800,297687040,335100928,10371.194808959961,14267.004981994629,14434.098197937012,1784686880,2184314171,1984382027,38988.305,36831.816,36168.184,141.68983167220085,132.1605821900003,133.59766449659998,247.8989241500001,202.07888235000004,204.8591106,10.48493320766671,9.670253931999898,9.733210345044467,32.664662900000025,29.854507000000012,30.321142950000006,5757120,6447828,6374966,8190827,33598949,33154992,43,49,49,0.57408893,0.53394294,0.5348426,0.82828283,0.6381909,0.60199004,0.98427117,0.9832755,0.98476,145960,136330,137308,1892,2303,2031
1648012472,16062,17505,17307,66060288,77070336,79167488,282375792,296222720,369673728,10208.122299194336,13859.304542541504,14155.867767333984,2215373534,2235555487,1755348769,30506.2,38657.367,37965.6,158.43678238760012,144.88571831099986,138.55097217320014,266.15570265,225.27846775,210.7105155,11.705165895177785,10.617905255411245,10.146006362088885,35.22406270000002,32.8351527,31.431184850000015,5187714,5908140,5944961,7439768,30712254,31110848,42,50,52,0.57566535,0.53925604,0.5339419,0.82587063,0.6318408,0.61809045,0.9858421,0.98258185,0.9854777,162024,149630,142483,2341,2349,1806
1648098790,13269,15120,16000,70778880,79665664,79145472,263062016,355991552,354942976,10297.575714111328,14342.820358276367,14155.496139526367,1670646290,1755512536,1617258772,37049.676,42271.5,38248.55,130.11348127260018,123.52881843259965,127.12904872960057,220.5115855,189.26320805,195.67929370000002,9.62091723693328,9.023796043988872,9.327556054699953,29.843751000000008,27.645657950000007,28.79231995,6315462,6926049,6700078,8959817,36018916,34896186,42,49,48,0.57621974,0.53208,0.53396755,0.805,0.59799,0.6060606,0.9850903,0.9832669,0.98208654,133868,127207,131256,1808,1816,1669
1648185172,13536,15165,14987,70778880,82837504,84291072,279330304,352898048,324871168,10535.256980895996,14333.50651550293,14177.870529174805,1596900446,1587313979,1778341775,40216.977,42599.96,43501.547,123.85352154759967,121.45531257160013,122.20527819280002,205.5915039,187.93427050000003,188.14163685000003,9.177233022544321,8.877777784733304,8.926042525122334,28.413877100000008,27.735391650000015,27.83169825000001,6666346,7021888,6975621,9383861,36726325,36273299,42,50,49,0.56813276,0.5297022,0.5245088,0.80099505,0.595,0.5879397,0.975908,0.9828932,0.9811948,129786,125245,126137,1688,1637,1829
1648271583,14767,15419,16013,68157440,79108608,79167488,253111296,357479424,347078656,10454.899284362793,14177.872421264648,13964.26651763916,1721497729,1581831036,1685894719,35124.7,44198.56,40287.97,139.83374029960004,128.5211809727994,124.41258284159991,258.0533824500001,197.9355404,191.23678480000004,10.367057102389037,9.409362720488968,9.110118020766754,32.85931695,29.208136950000004,28.37077770000001,5877961,6658393,6863371,8355600,34807155,35638441,43,51,49,0.58004874,0.5409786,0.5414477,0.80597013,0.6318408,0.62,0.9858538,0.9835226,0.9828574,143962,132155,128098,1828,1636,1734
1648357933,12637,14998,15102,70254592,81683968,79113216,305135616,323485696,392167424,10479.328453063965,14361.392105102539,14371.935356140137,1268861535,1717998340,1350087553,35213.766,41943.047,47673.457,122.95064961379992,122.84054734020008,119.81677040260016,208.17018535000003,191.14985565,184.82750230000005,9.111690265344569,9.01488554342222,8.786926940499963,27.918552950000016,28.296750050000007,27.200929600000002,6701807,6900577,7133882,9424220,35925885,37086774,41,50,49,0.5735315,0.53265613,0.5269136,0.83168316,0.6482412,0.605,0.98484355,0.97769475,0.98418087,126759,127240,123296,1362,1811,1350
1648444569,18269,19709,20715,63963136,72683008,77070336,262523392,338690048,322437120,10048.748329162598,13691.238548278809,13585.73151397705,1777993063,1945844066,2065661667,31920.3,32065.613,29214.906,177.31708916940005,177.17626289299992,174.26527290959967,288.27753595,268.5412344,265.9257394,13.043132172255728,12.873283215822179,12.642948328777695,40.70430900000001,40.4321513,39.58147800000001,4614300,4675437,4904839,6679640,24409574,25701088,43,50,50,0.55402946,0.52200013,0.5129647,0.8308458,0.62189054,0.625,0.9804042,0.9858175,0.9818298,184121,181545,179616,1888,2015,2194
1648530871,15954,17033,17040,71303168,78569984,79167488,289388288,332758528,333971456,10671.24154663086,13800.082534790039,13885.757186889648,2139639190,1971515979,1919986764,31961.404,35890.9,37501.95,144.86761407800034,148.22183146679993,141.77471205499964,245.04526965000005,227.28760555000002,216.62514090000002,10.689799666288968,10.86841290017769,10.357673826155697,32.51192575000001,33.618647,32.149257950000006,5667447,5769287,6008454,8061662,30086266,31324980,42,50,52,0.58086944,0.5413487,0.5442883,0.8241206,0.6188119,0.62,0.9858134,0.9841863,0.98310184,148870,152380,146327,2266,2027,1979
1648617300,13539,15235,15422,79161920,95217664,94503200,275653632,321698816,322961408,13754.329124450684,45870.54737854004,46531.690338134766,1494746221,1846764383,1974872003,36198.18,37972.508,40291.125,105.47568489639978,122.04900782739988,122.88349576239986,167.761865,186.82232130000003,187.99348845,7.816918415422357,8.963795745711137,9.016423797877797,23.885417550000014,27.796002900000005,27.3617308,7451858,6777755,6742104,10375945,35355965,35209434,41,49,48,0.50066245,0.51472133,0.51884824,0.61616164,0.60952383,0.5970149,0.9770091,0.981315,0.97567004,108071,125032,126006,1593,1931,2091
1648703880,17247,20346,19293,78665808,95636688,95296080,263128576,284164096,322557440,28241.287879943848,35818.5673828125,37159.11129760742,1893756770,2433050291,2277324193,30791.305,29817.027,33193.246,146.99584928919984,171.9700785069995,167.83575376559972,227.03189220000004,260.07631795,257.69035465,10.870173203822143,12.61344996797766,12.30883544171103,33.688070800000006,39.47079560000001,38.399550500000004,5417447,4841981,4954758,7684340,25360669,26001880,43,51,50,0.4742317,0.5084326,0.49739188,0.56,0.59799,0.5771144,0.9765586,0.9814791,0.980521,150413,175309,171225,2005,2592,2366
1648790202,16040,17502,17515,79982880,97264880,94266976,281492992,328010240,315531784,32894.26656341553,40149.77015686035,39855.613220214844,1597357335,1784699492,1916498091,36112.12,39058.44,35684.72,124.10356597199984,143.11269565420017,145.0342982151997,193.2806763,217.4753441,220.27723035000002,9.162959550377662,10.433008914022317,10.631724665622187,28.14886595000001,32.802662399999996,33.17171065000001,6347903,5803518,5691184,8931517,30209354,29789937,42,50,51,0.4723001,0.48806936,0.49456844,0.5678392,0.56281406,0.575,0.97805524,0.9787331,0.980333,127199,146071,148187,1678,1880,1990
1648876471,12008,14165,14233,81415128,96148992,97925760,301465600,353156608,360710144,13604.107612609863,45863.16761779785,46670.946197509766,1271345522,1684755675,1404096853,43095.434,42562.78,37916.84,94.44227191240002,116.75907827380023,112.96682878240004,146.31590680000005,178.9684288,174.76978410000004,6.992775074155551,8.594686752877799,8.30027611686669,20.846805150000005,26.84006095,25.462442000000003,8359924,6774095,7345033,11520520,35147320,38344114,40,49,49,0.48798743,0.5178555,0.51458144,0.56632656,0.5829146,0.5879397,0.97462964,0.9772523,0.97749627,96939,120005,115911,1330,1737,1458
1648963008,15938,18237,18645,79684528,94129664,96146944,272487936,333447168,338043912,13019.76587677002,40693.15612792969,40607.62526702881,1793070583,2018601154,1974674803,39171.363,34731.023,36046.57,119.83717734980006,143.41594278939982,142.67591904300042,183.09337030000006,215.8195902,217.23027015000005,8.900456759122182,10.580433200877813,10.501077227499836,26.72021620000001,32.61674025000001,32.139298700000005,6574800,5780201,5816249,9168636,30152519,30424211,41,51,51,0.5082154,0.52227044,0.5196926,0.5960591,0.6130653,0.60301507,0.97968715,0.9807034,0.9784386,123209,146270,146129,1895,2129,2025
1649049334,13920,16565,16352,75710976,94779384,96144928,340442480,332258296,350772736,13745.357307434082,44681.10096740723,42781.83502960205,2087254235,2112921252,1847441542,38659.707,40507.492,37871.465,109.8259509858001,130.42614887259984,129.00313469840017,167.68044050000003,200.22057665,196.63543030000005,8.134067886944548,9.601463836522207,9.49439985759991,24.577176100000006,29.59406205,29.456857350000003,7203693,6373184,6416780,10024697,33370258,33532152,41,50,49,0.5020656,0.51694584,0.51522684,0.5920398,0.5794392,0.6009852,0.9713853,0.97960097,0.9767598,113149,133081,132012,2170,2212,1912
1649135741,14761,17398,17101,81118376,91322848,96468992,304541184,317667328,321177088,34048.22660827637,42924.92059326172,43088.74182891846,1477561235,2516797693,2154271866,36175.945,36621.35,33750.727,115.81483488679994,133.96683924680008,134.22896851499965,179.35837065,206.80946355000003,204.7756512,8.602195216455677,9.84001099983335,9.87810273192223,25.807686349999997,30.77260905,30.1728667,6837792,6197492,6198854,9574022,32255141,32268925,42,50,51,0.49996132,0.52398884,0.5188565,0.58,0.5970149,0.60301507,0.9704688,0.9806013,0.9802013,120166,137118,137033,1536,2650,2257
1649222009,12339,14201,14290,79764736,98817704,95545760,272105472,325922304,320422400,15089.714965820312,19704.420722961426,19576.855438232422,1376851194,1533760618,1561134820,50882.547,49567.23,45987.906,85.36992506179992,99.800273639,99.34736523020005,132.6194678,157.4794823,153.09685720000002,6.340440918922092,7.370946487444515,7.298649576699933,19.135469000000004,22.8298333,22.411828300000014,9130259,8197441,8258827,12585395,42551571,42797207,40,49,50,0.494846,0.5101309,0.50901264,0.5929648,0.59799,0.595,0.97594285,0.97692645,0.9753629,87942,102033,101831,1461,1614,1621
1649308742,16012,18185,17183,77099504,96924144,94231808,293445120,314426368,303989248,33005.670890808105,40094.16473388672,40581.95181274414,1898903221,1985174008,2081024002,31960.512,32564.748,37260.19,125.32409953160034,143.8904721049998,144.36681861019912,194.66592300000002,218.59408865,219.60553510000003,9.2392032386333,10.517993265744492,10.61432953637776,28.2605429,32.92547255000001,33.03915800000001,6319030,5785275,5744834,8881300,30233577,29996243,42,51,51,0.4789863,0.49935707,0.49468818,0.5728643,0.5776699,0.58208954,0.9795646,0.9808031,0.9747457,128328,147210,148125,2004,2074,2214
1649394870,12652,13924,13917,77746272,93571168,94770688,266667824,317067776,328617472,14434.630043029785,49924.77590942383,50570.327407836914,1502814977,1740893202,1612085039,40460.16,40457.664,47245.453,96.6884984607998,110.59529343820004,108.3498527268,149.4103246,171.1646074,166.7094493,7.177925490088843,8.15335311807763,7.968833115100029,21.654022850000008,25.034153050000004,24.607622000000003,8156369,7470597,7604497,11258657,38821420,39614669,40,50,49,0.4934982,0.5193223,0.5110452,0.56281406,0.5990099,0.585,0.977342,0.9808665,0.98085934,99041,112880,110864,1581,1829,1705
1649481499,16993,19719,18521,77438096,92274688,94878592,276803840,306708480,306082816,29836.375526428223,35184.572006225586,35570.2992477417,2239513780,2128434184,2294470609,32981.99,28980.113,31053.818,144.58230535679974,167.27581277339937,165.43608839839942,222.33513944999999,256.04910945,250.46987865,10.69541907022229,12.263755938688702,12.170111097611155,32.40851820000002,38.39686590000001,37.484514999999995,5467065,4990088,4998389,7763843,26004412,26103458,42,52,49,0.4817699,0.5059712,0.50007546,0.55,0.59,0.5849057,0.9781192,0.9810441,0.9808337,148371,170540,169224,2344,2241,2391
1649567993,21136,18518,18679,76551832,90964936,94036480,277348352,371677184,311347200,32004.248374938965,39849.416831970215,37577.720375061035,1954567557,2728771989,2259164817,33493.953,33700.14,33353.992,132.85523409760037,153.19367912159927,158.54538928540032,201.79669190000004,231.18726775000005,239.74520654999998,9.81171646496682,11.24021096187779,11.608070039633423,30.10478210000001,35.18203415,36.552732850000005,5985527,5400865,5164301,8440562,28222413,27094523,43,50,50,0.46423918,0.48878404,0.50040895,0.57,0.5522388,0.59799,0.97475374,0.9805396,0.9815752,136379,156268,161370,2083,2834,2356
1649654228,15527,19316,18179,75248096,94518880,92141456,251658240,320754176,297795584,32694.15216064453,39538.83590698242,40237.811698913574,2004267427,1948684961,2267142219,32350.36,34559.996,35259.496,129.31831287620028,147.7262414950002,147.25343422639995,199.77409565000002,227.11633030000004,224.10291345000002,9.540650730777744,10.836249730944374,10.766693305100002,29.90243280000001,33.79768665000001,33.35815165000002,6132433,5383014,5602437,8610827,27934798,29237627,42,51,50,0.4710804,0.48675233,0.49307287,0.56398106,0.5959596,0.57788944,0.978735,0.9751977,0.9786578,132273,151266,150131,2154,2037,2469
1649740542,13750,14356,14976,82969360,96893104,93656544,322775040,346030080,330301440,13632.625137329102,47636.17501831055,45492.34697723389,1174271309,1566262544,1595202416,45712.1,41340.297,41337.93,100.30714176080028,115.58419725959966,116.41700839319991,156.76047265,177.98666515000002,179.3150621,7.4139777555555275,8.512484303000056,8.598346433111114,22.227393900000006,26.05147505,26.824255050000033,7670278,7155849,7070131,10627955,37113174,36797540,40,48,50,0.50196683,0.5213007,0.5148468,0.5771144,0.595,0.5891089,0.97733164,0.9780712,0.9785696,102991,118003,118971,1229,1615,1681
1649827017,13810,15361,15282,77867472,95585696,94917192,300074416,340262912,341835776,13695.244567871094,45583.111152648926,46123.08493804932,1697178354,1690509532,1704781705,39651.918,41766.99,39886.805,103.92593796799956,118.98519018639983,120.39147573940039,163.4845467,181.50919170000006,183.03690895,7.71221624006664,8.760671888833247,8.876067851766578,23.234633800000008,26.896859750000004,27.097348,7613409,6937493,6855846,10570137,36085469,35712339,41,49,50,0.49518088,0.520924,0.51646024,0.5960591,0.59,0.59,0.9735645,0.97809,0.9794842,107037,121955,122966,1790,1748,1783
1649913269,13539,15012,15174,77539928,95373936,99162944,299774816,323485696,339624448,14393.21868133545,19631.91862487793,48233.311347961426,1460928429,1615701297,1563715943,42562.76,45897.03,44714.016,89.19968157860004,106.40888747300008,107.43160708700009,137.9685896,167.8000489,165.76399645,6.6311288222777485,7.83397428251114,7.938064597700031,19.83475645,24.33625165,24.493226100000008,8763195,7727004,7688185,12061533,40192234,39991473,41,50,53,0.49685907,0.5161361,0.5190288,0.5870647,0.6,0.591133,0.97587115,0.9774699,0.97730815,91926,108963,109911,1555,1684,1649
1650000080,14961,17686,17666,75124224,93944376,93371136,332150272,314048512,291467776,32826.90296173096,40064.988525390625,39177.94677734375,2132243070,2090788853,2116497220,34586.09,35415.395,32335.83,127.6235059240005,147.88647442479996,149.57122585779982,193.69617405000005,224.90652950000003,228.76565360000004,9.416455321744571,10.835378461166632,10.936224645966677,28.822623,34.32256640000001,34.1440521,6226354,5441209,5554248,8736280,28487614,28930352,42,50,55,0.4779377,0.49599487,0.4954725,0.55609757,0.5829146,0.565,0.9796383,0.9784455,0.98001057,130314,151202,152145,2238,2193,2246
1650086192,14919,18560,18250,79466560,93979648,95228416,287834112,322961408,333447168,13797.936531066895,41394.16121673584,41597.837562561035,1705339379,2095178096,2196541512,36859.258,34738.96,33469.21,117.17078576000021,139.75030484739997,140.6997297869996,182.62712080000003,210.79421395000006,214.08818060000004,8.655086456944515,10.331858772588756,10.418223355733405,25.679809750000004,31.164375150000012,31.64174645,6735899,5928521,5889345,9420152,30978714,30904316,41,49,53,0.4991893,0.5200738,0.52197057,0.600939,0.622549,0.5870647,0.9801649,0.9761248,0.97827816,120167,143138,144130,1822,2182,2305
1650172585,12778,15030,14101,80115936,95488256,99852416,276704256,327046144,323846144,14367.128112792969,46896.76218414307,46710.2047958374,1466058385,1707074463,1783768134,41266.242,38977.023,43182.29,99.31296655779977,115.01493181239951,116.74449031180006,155.61036005000003,174.59269975,182.5666264,7.389995722400035,8.458636298966745,8.610348734933334,22.492500900000003,25.916614800000016,26.9360903,7881219,7131594,7043841,10926824,37007917,36609267,41,49,55,0.49859226,0.50929517,0.5242883,0.5728643,0.61,0.6268657,0.9767327,0.9744615,0.98044455,102014,117968,119073,1572,1808,1890
1650259075,17482,18482,19639,77744192,93162544,93499272,259857408,296747008,324106752,29736.95693206787,36806.953773498535,37200.06597137451,1881205098,2215289506,2582673314,31530.885,33352.652,34054.066,135.54849399960003,155.72217244320038,162.7086769630002,205.7458705,237.72716200000002,244.11413925000002,9.988128319588862,11.369722899000157,11.904333383444254,30.533684500000003,35.60614725000001,37.580906100000014,5802372,5353347,5072780,8174816,28055125,26395367,42,51,54,0.47003716,0.49267453,0.5123491,0.58,0.59090906,0.5940594,0.975162,0.97784305,0.98198134,139279,159214,166197,1988,2364,2756
1650345946,17144,19850,19750,75449312,96039264,93764608,361067232,320729600,312306176,29150.661781311035,36254.131019592285,35310.47171783447,2523821271,2146310375,2447326867,30404.215,33571.656,34564.723,146.48943420479992,160.98458933699987,170.39500632180017,219.45603920000002,242.28621020000003,257.7822548500001,10.817991816822351,11.766236565744443,12.536115125699794,33.10110540000001,36.37564295,38.927201600000004,5408836,5159152,4860890,7650152,26939358,25538570,43,55,54,0.48498613,0.49752146,0.50907606,0.58536583,0.5808081,0.59,0.9784118,0.96787596,0.9829603,150471,167259,174323,2618,2244,2556
1650432636,15087,18243,18331,75429632,95133728,95772160,332496384,288257024,324623360,32626.31578063965,39132.483474731445,36820.79640960693,2374643963,2307568174,2229989712,33691.184,36100.21,31907.266,133.23414959559972,152.18897026400012,156.37839479679948,203.50180395,229.44933005000004,235.76673655,9.825559315544417,11.188449712000052,11.483291673377702,30.161621200000006,34.98251085000001,35.508540650000036,5953288,5472382,5308596,8404843,28637736,27859680,43,54,54,0.4835488,0.49625775,0.50319034,0.5970149,0.575,0.59799,0.9819575,0.9809252,0.98125714,136312,155209,159212,2476,2480,2326
1650518935,14529,16193,15440,77456824,94728160,96489472,268435456,288870400,333305856,13545.508834838867,45471.844245910645,43276.37340545654,1555051355,2170981120,1839808296,38079.93,36958.52,39739.203,108.23253541039969,121.83156144819998,127.99459331579979,170.4612994,188.04331335000006,196.40525105000003,8.030112603377795,8.967186017700008,9.451583268755567,24.108881900000004,27.567394000000014,28.553215,7277173,6786748,6241719,10114431,35428371,32687092,42,54,54,0.50507605,0.5235833,0.53142583,0.615,0.625,0.61,0.9757516,0.97639966,0.9764023,111117,125004,130971,1689,2282,1932
1650605347,14940,17495,18296,78269784,95793280,95435288,263031808,294751232,328577456,33867.12216949463,40991.89571380615,40330.97889709473,1822972991,2284889911,2656394032,37862.95,36932.094,32817.773,115.75508465659989,136.2136571963999,141.51715969440056,177.8357789,207.0970098,217.28389980000006,8.590736718599983,10.062998754833334,10.42579655147768,25.609663,31.11578620000001,32.255105,6751502,5995738,5845737,9430677,31175341,30526774,41,54,55,0.49863216,0.51285434,0.5318993,0.595122,0.6130653,0.62439024,0.9749824,0.96037453,0.98176897,119205,142083,144099,1933,2411,2775
1650690955,12617,14274,15119,79939976,98973568,94557136,286137856,324009984,306184192,15256.064247131348,19825.825843811035,19792.463439941406,1271338530,1689371148,1774591098,49451.184,44770.57,48590.105,85.52127540820017,100.33640546539966,101.6255558985998,136.23490905000006,157.618279,156.98643985,6.351841190300017,7.353038432011036,7.4932519551332195,19.218438000000003,22.532006000000013,23.039305100000004,9145489,8177784,7913673,12602232,42531286,40986899,41,51,53,0.49067447,0.5223304,0.524508,0.585,0.585,0.63366336,0.9738446,0.9805863,0.97699666,87956,102919,103846,1340,1772,1894
1650777502,15841,18521,18526,78643296,94235520,94678496,262668288,327946240,310902784,32660.752281188965,39490.6438369751,39112.666076660156,1811397108,2549226255,2148969189,32237.506,38145.613,33893.875,128.55427650639996,152.83589343400035,150.93572454559987,200.97029095,234.01615955000008,229.94511740000002,9.46646790075545,11.182423800266694,11.026969733566588,29.308641900000005,35.23130445,34.17729540000001,6094665,5479625,5508276,8570268,28659821,28984819,42,54,53,0.46796685,0.49118626,0.4939413,0.55825245,0.6010101,0.5920398,0.97239083,0.9633166,0.9804086,132250,159209,154155,1928,2679,2258
1650863833,12436,15018,15431,80071960,94969416,91945984,272523776,301989888,277872640,14276.263931274414,43941.702644348145,45614.42864227295,1501086477,1954954988,2108012559,37776.08,38118.004,37105.9,102.37959222019973,123.96289155219972,123.59723956460024,161.98839315,188.07051675000002,188.62426605000002,7.587934437855503,9.186178528344353,9.099955352922258,22.665336650000015,28.201856000000003,28.01490785000003,7655830,6647272,6707368,10624363,34414156,35081800,40,53,52,0.49843308,0.52545756,0.5287127,0.58208954,0.6080402,0.6188119,0.9763826,0.9762003,0.97943085,105049,126982,125981,1578,2062,2304
1650950443,16093,19739,19662,77789408,96363472,93322288,261095424,314153472,284113536,31452.805793762207,36338.19414520264,36096.837493896484,1847181367,2272831170,2405938464,34047.324,32103.217,32697.682,134.4487734363999,160.2802766355998,161.5620723031994,207.50989945000003,243.486644,245.6875983,9.885473755555498,11.69067976912214,11.81624425837782,30.704754800000003,36.190321,36.580859050000015,5871361,5180057,5166310,8278951,27084387,27059142,43,53,53,0.47187483,0.5053774,0.5103167,0.56435645,0.57,0.6367925,0.9709043,0.9783574,0.9784726,139385,163372,165226,1957,2366,2607
1651037180,15550,18504,18762,81032120,96664112,96229888,314412032,326107136,287153152,33902.343032836914,40060.47063446045,41043.99978637695,1616632207,2280674917,2587052536,35358.12,34241.156,33467.02,120.19131571379972,142.98428750180003,141.0475113899997,186.1919656000001,216.8991951,214.11573965000002,8.909145488744375,10.544179329299968,10.368789898188929,26.91370100000001,32.3567892,32.30008185000001,6557744,5847541,5898466,9207276,30511580,30735850,42,54,54,0.5004382,0.5309159,0.5273003,0.5833333,0.6188119,0.6060606,0.98063695,0.9793382,0.98233217,123189,146103,144105,1694,2373,2716
1651124035,14509,15031,15041,79777376,96922528,96210208,279877632,330731520,329252864,13681.768035888672,43945.123626708984,45532.90547180176,1427268644,1787343147,1844661851,45053.46,38448.785,36784.688,100.52403034939978,118.2294927523997,119.00101568340033,156.82839795,180.75180735,181.757583,7.443621410100009,8.700116245477854,8.770864620355644,22.595345950000002,26.845045750000008,27.003556650000007,7410606,7009358,6946514,10288212,36526712,36000319,41,52,53,0.49179196,0.52981776,0.53492546,0.5721393,0.6231156,0.6060606,0.9485606,0.9783445,0.98008955,106529,120946,121944,1507,1866,1952
1651209563,14432,18519,18631,79354728,97711888,93862280,277872640,306055168,300232704,34771.07337188721,41660.857765197754,39904.536224365234,1693370488,2306617044,2371100481,38825.906,36244.477,32994.3,121.58692477980011,141.7215890444004,147.3900699468001,187.8447702,214.80146985000005,225.18233120000002,9.024025991000132,10.452543572255518,10.876558992244474,27.277613050000003,31.51883895000004,33.22091805,6495032,5831757,5652340,9105481,30441588,29514072,41,53,54,0.49986064,0.5178578,0.5297795,0.5792079,0.6,0.615,0.9748822,0.97667724,0.98323905,125234,145141,150257,1807,2502,2543
1651295769,13519,15165,15430,77501640,97325600,103627896,268384256,333447168,369858048,13876.441017150879,46400.7257232666,46268.574645996094,1692568718,1866090334,1557565452,41813.95,39639.227,43928.758,99.45440519940021,121.02272066380026,116.1656756647998,156.621903,185.3297312,180.93805995000002,7.371970522377818,8.908057322911171,8.584204208300097,22.43849260000001,27.253596650000002,26.689818,7902790,6810486,7080073,10971112,35537866,36908919,41,52,53,0.49360496,0.5295284,0.51439697,0.57425743,0.6060606,0.595,0.977769,0.9788876,0.9772566,102028,124017,118948,1777,1972,1609
1651382595,13381,15081,15401,79515760,93981512,95358336,304267264,288965632,315184640,13772.192817687988,45313.76432800293,45381.22286987305,1655807891,2099459632,1863484542,39306.676,39848.074,40405.336,102.22399177199986,124.56924962100021,120.787224737,158.91932855000002,188.758168,185.63928510000002,7.591580302411134,9.180410565988907,8.930961351288836,23.270667000000014,28.086792100000018,27.5766964,7711076,6686327,6791116,10710433,34803878,35447477,41,53,52,0.49747086,0.53279036,0.52002865,0.5920398,0.6,0.5970149,0.9704396,0.9819611,0.9748987,105011,127012,123926,1762,2230,1944
1651469072,13938,15126,13317,80088032,100752736,96139776,289291264,349518848,329874432,13535.835731506348,47056.92250061035,48360.86560821533,1381592445,1645849252,1761988495,43484.957,40544.63,38791.97,101.65118820279979,113.30670022659989,113.96287006420006,156.41538675,175.76993105,175.05666280000005,7.5212416724222235,8.342057067011126,8.34642207082212,22.569041250000005,25.324962050000003,25.435664700000004,7758685,7290291,7264006,10759305,37905004,37643778,41,54,53,0.50281173,0.5198363,0.5190335,0.565,0.5841584,0.6069652,0.9799983,0.9776846,0.97702765,104089,116009,116891,1481,1697,1871
1651555037,13640,15152,15401,80245632,95736704,101816400,287726592,320864256,349987328,13844.735061645508,46911.17589569092,46585.57222747803,1455308220,1918722457,1671285000,41205.438,39795.96,41660.57,101.03875155459978,117.41710265379982,115.72470519340015,156.1247535,181.16382515,177.544512,7.48115714793328,8.633402566666673,8.49390569524441,22.519712100000003,26.76374705000001,26.21189900000002,7772798,6790788,6868816,10760326,35262126,35810605,40,54,55,0.4991888,0.52147615,0.5176577,0.58208954,0.5929648,0.6142857,0.97597504,0.9798141,0.9791657,104045,120053,118000,1543,1999,1722
1651641569,15090,17225,17367,77427152,95598008,97771936,300543608,332398592,341835776,35286.72715759277,40442.067810058594,41494.232093811035,2129675391,2211233628,2097629391,35964.152,33906.984,34140.99,118.81086667960004,142.68551503219976,142.49287379980058,181.82620340000003,215.16603,215.64052635,8.817347050877771,10.513762158033288,10.500728038466697,26.403949900000004,31.941486250000004,32.06587595000001,6633075,5833536,5578749,9277826,30478179,28993018,42,54,54,0.49847525,0.53084403,0.5276068,0.6009852,0.6069652,0.5879397,0.9730636,0.97827584,0.9804752,122302,146170,146108,2272,2300,2161
1651727640,13074,15548,15321,40532992,55986768,55372288,202013696,206981712,198473088,2072.0109100341797,4456.218955993652,4434.14688873291,64471398,121973346,119209794,25700.15,28335.06,25612.17,10.026274193799985,10.818453970200016,10.341705413800042,29.121365600000015,28.69150405,26.793610200000007,4.764193309599994,5.157049227600017,4.940685881199986,15.495989999999997,16.684825299999968,15.517556949999994,3011828,3494424,3095472,4333700,38564756,34316740,34,44,44,0.4255932,0.48113853,0.4695988,0.56218904,0.59799,0.58,0.91301024,0.92450726,0.92400986,12845,13793,13019,64,121,119
1652419570,13348,16321,16250,9223372036854775807,9223372036854775807,9223372036854775807,-9223372036854775808,-9223372036854775808,-9223372036854775808,1427.490135192871,2817.1908645629883,2946.5647506713867,0,0,0,0.0,0.0,0.0,0.07641845959999968,0.060849984999999926,0.06693831200000006,0.0244,0.04050500000000002,0.046905000000000016,31.315314,27.627639,6.608545,31.315314,27.627639,6.608545,304152,-1,437136,458064,-1,4614080,36,43,43,0.011330022,0.033713363,0.030311575,0.017660044,0.060913704,0.055555556,0.6421082,0.6227778,0.59537846,2829,2859,2813,0,0,0
1652506595,15975,17657,18380,9223372036854775807,9223372036854775807,9223372036854775807,-9223372036854775808,-9223372036854775808,-9223372036854775808,1231.1769180297852,2553.178123474121,2570.21524810791,0,0,0,0.0,0.0,0.0,0.09906280340000004,0.1432985633999989,0.07610791060000006,0.055605000000000016,0.0461,0.10891100000000004,5.944736,68.547304,20.04734,5.944736,68.547304,20.04734,388456,425944,432192,575944,4672152,4619192,31,41,45,0.025252525,0.03600369,0.061849844,0.0959596,0.11398964,0.24242425,0.607702,0.5783119,0.5863778,3946,3944,3975,0,0,0
1652591496,12686,14353,15103,9223372036854775807,56758616,9223372036854775807,-9223372036854775808,207806464,-9223372036854775808,1293.099021911621,2916.478805541992,2833.0785598754883,0,15657083,0,0.0,0.0,0.0,0.045787506400000136,0.05607581580000016,0.05272633440000002,0.03520500000000002,0.04,0.05520005,12.851353,11.184031,25.716102,12.851353,11.184031,25.716102,-1,398440,-1,-1,4638400,-1,32,43,44,0.030893123,0.03167748,0.016818441,0.087628864,0.06965174,0.030150754,0.6581946,0.6031346,0.5658106,2764,2727,2688,0,15,0
1652678012,13113,16165,15376,9223372036854775807,9223372036854775807,9223372036854775807,-9223372036854775808,-9223372036854775808,-9223372036854775808,1370.7537689208984,2736.605125427246,2889.6468963623047,0,0,0,0.0,0.0,0.0,0.09421061919999987,0.08704441579999964,0.0585031509999999,0.026601,0.03420005,0.042005950000000014,27.488797,17.174614,11.679913,27.488797,17.174614,11.679913,387616,-1,-1,572832,-1,-1,33,41,42,0.013579804,0.050454546,0.012329174,0.035714287,0.09090909,0.019607844,0.6896611,0.654366,0.5918375,2792,2843,2764,0,0,0
1652764413,12480,15335,15155,9223372036854775807,9223372036854775807,9223372036854775807,-9223372036854775808,-9223372036854775808,-9223372036854775808,1491.0170822143555,2891.328224182129,3034.6508560180664,0,0,0,0.0,0.0,0.0,0.05587728780000018,0.06844824619999992,0.06971242099999998,0.0331,0.06321095000000003,0.03532500000000009,31.825014,14.326301,16.353618,31.825014,14.326301,16.353618,-1,431096,-1,-1,4633880,-1,33,45,48,0.088297874,0.03787244,0.010741214,0.17659575,0.14646465,0.016431924,0.7289016,0.48554474,0.5722364,2779,3758,2693,0,0,0
1652850879,13494,14391,15221,9223372036854775807,9223372036854775807,9223372036854775807,-9223372036854775808,-9223372036854775808,-9223372036854775808,1373.4436645507812,2911.9866485595703,2925.1168060302734,0,0,0,0.0,0.0,0.0,0.04710236540000013,0.0363988867999999,0.04959137240000008,0.05190005,0.0354,0.06744095000000015,11.897853,7.558097,12.192655,11.897853,7.558097,12.192655,381616,411408,-1,561576,4630456,-1,32,42,44,0.020512821,0.0101721035,0.010172634,0.06153846,0.020304568,0.015345269,0.63871104,0.45980275,0.5948785,2841,3729,2759,0,0,0
1652937172,11853,15345,14462,9223372036854775807,9223372036854775807,9223372036854775807,-9223372036854775808,-9223372036854775808,-9223372036854775808,1371.7874221801758,2801.843635559082,2771.8805923461914,0,0,0,0.0,0.0,0.0,0.0674454860000004,0.03782770580000033,0.052146592600000125,0.0358,0.028904950000000016,0.038715000000000055,13.969169,17.126448,24.233622,13.969169,17.126448,24.233622,-1,-1,-1,-1,-1,-1,32,46,43,0.07312062,0.013594582,0.034162134,0.21428572,0.022113021,0.0974359,0.71118784,0.5994774,0.5615255,2801,2713,2703,0,0,0
1653023503,15093,17699,19816,9223372036854775807,9223372036854775807,9223372036854775807,-9223372036854775808,-9223372036854775808,-9223372036854775808,1591.9584426879883,2977.0650482177734,3155.6374740600586,0,0,0,0.0,0.0,0.0,0.05674306639999985,0.07094698780000022,0.10747978060000016,0.05200235000000002,0.0432,0.03138525,20.688708,16.853979,12.820595,20.688708,16.853979,12.820595,-1,-1,-1,-1,-1,-1,32,43,42,0.018701365,0.010178444,0.013790491,0.046153847,0.025510205,0.03626943,0.6656061,0.5728985,0.57359993,2836,2749,2732,0,0,0
1653109824,11945,15173,14395,9223372036854775807,9223372036854775807,9223372036854775807,-9223372036854775808,-9223372036854775808,-9223372036854775808,1303.4765625,2944.7216873168945,2873.4683380126953,0,0,0,0.0,0.0,0.0,0.07571419839999997,0.044777670200000085,0.042064909600000054,0.033105000000000016,0.03000005,0.034,14.865304,3.898927,18.70953,14.865304,3.898927,18.70953,-1,-1,-1,-1,-1,-1,32,42,42,0.02720225,0.034964487,0.011300505,0.07653061,0.06490385,0.0125,0.65005,0.61640537,0.6095834,2786,2787,2810,0,0,0
1653196235,13551,16316,16539,9223372036854775807,9223372036854775807,9223372036854775807,-9223372036854775808,-9223372036854775808,-9223372036854775808,1373.0148468017578,2735.206413269043,2906.7207260131836,0,0,0,0.0,0.0,0.0,0.04356982420000009,0.07015950660000028,0.04419121200000017,0.03910500000000002,0.0357,0.040110000000000035,5.533979,28.138613,5.326387,5.533979,28.138613,5.326387,-1,-1,-1,-1,-1,-1,32,42,42,0.015959995,0.021061484,0.005952381,0.026894866,0.03712297,0.011904762,0.64685285,0.67322505,0.5556054,2811,2998,2724,0,0,0
1653282886,12359,15493,16332,9223372036854775807,9223372036854775807,9223372036854775807,-9223372036854775808,-9223372036854775808,-9223372036854775808,1380.1698760986328,2664.360366821289,2872.9346618652344,0,0,0,0.0,0.0,0.0,0.0727554807999996,0.054914148600000115,0.09603742259999984,0.029700050000000002,0.0514,0.03170595000000002,17.60612,35.271729,3.883547,17.60612,35.271729,3.883547,383816,-1,-1,571912,-1,-1,31,44,44,0.030381499,0.014908696,0.019268282,0.045918368,0.015075377,0.02838428,0.65974426,0.6271653,0.5853801,2878,2813,2777,0,0,0
1653369197,14035,17673,17732,9223372036854775807,9223372036854775807,9223372036854775807,-9223372036854775808,-9223372036854775808,-9223372036854775808,1319.3264541625977,2758.989532470703,2904.429817199707,0,0,0,0.0,0.0,0.0,0.08102285859999983,0.0827400994000005,0.06863275600000011,0.04612895000000009,0.05990405,0.07511100000000002,30.037571,26.131932,4.771868,30.037571,26.131932,4.771868,-1,-1,-1,-1,-1,-1,31,44,46,0.013345987,0.026079858,0.024677152,0.021691974,0.04710921,0.044303797,0.6133189,0.6045952,0.60379106,2912,2882,2873,0,0,0
1653455593,14866,18414,17694,9223372036854775807,58012160,9223372036854775807,-9223372036854775808,210055680,-9223372036854775808,1367.1459426879883,2814.7064056396484,2937.0525512695312,0,12515238,0,0.0,0.0,0.0,0.04988134360000004,0.11111453620000007,0.06363808260000005,0.062104,0.03410800000000002,0.04961400000000004,3.740181,17.678067,19.837331,3.740181,17.678067,19.837331,-1,-1,-1,-1,-1,-1,36,42,42,0.012168142,0.019068854,0.0138746835,0.024336284,0.03311258,0.017699115,0.62126106,0.5962539,0.58246434,2931,2835,2860,0,12,0
1653542029,17256,19822,20817,9223372036854775807,9223372036854775807,9223372036854775807,-9223372036854775808,-9223372036854775808,-9223372036854775808,1045.7074127197266,2336.682273864746,2147.83016204834,0,0,0,0.0,0.0,0.0,0.08051168640000037,0.0933718398000002,0.09091755079999964,0.0891559500000002,0.06531095000000003,0.09871600000000005,5.797343,18.922823,17.767856,5.797343,18.922823,17.767856,-1,472560,-1,-1,5957344,-1,31,43,44,0.017427107,0.08459596,0.055175353,0.047281325,0.32828283,0.13035019,0.64031255,0.6338384,0.60457426,4102,4195,4215,0,0,0
1653628384,13650,14250,14254,9223372036854775807,9223372036854775807,9223372036854775807,-9223372036854775808,-9223372036854775808,-9223372036854775808,1358.4557571411133,2904.6628799438477,2765.513442993164,0,0,0,0.0,0.0,0.0,0.055180102399999896,0.049416753400000166,0.053057612399999995,0.025809950000000036,0.026499050000000003,0.06230995000000004,8.996328,10.886611,11.919202,8.996328,10.886611,11.919202,191536,415368,-1,286136,4608824,-1,31,43,44,0.018786065,0.0135027245,0.012613637,0.051282052,0.035353534,0.020151133,0.5669834,0.5900586,0.5576596,2692,2681,2675,0,0,0
1653714576,15890,16527,16559,9223372036854775807,9223372036854775807,9223372036854775807,-9223372036854775808,-9223372036854775808,-9223372036854775808,1363.5276565551758,2928.037796020508,2927.755958557129,0,0,0,0.0,0.0,0.0,0.058084186999999655,0.053848705200000006,0.04496247100000007,0.03901500000000006,0.05310500000000002,0.039410950000000035,4.33912,16.325736,5.300942,4.33912,16.325736,5.300942,-1,443720,-1,-1,4661832,-1,31,43,44,0.009677419,0.015202919,0.009204738,0.019354839,0.030456852,0.013333334,0.62117535,0.46448612,0.58311903,2839,3811,2807,0,0,0
1653801146,15400,16324,15510,9223372036854775807,9223372036854775807,57919488,-9223372036854775808,-9223372036854775808,249808896,1421.0413284301758,2764.439437866211,2851.4430618286133,0,0,21593810,0.0,0.0,0.0,0.08036831839999957,0.05377011119999998,0.09939684839999993,0.09524600000000016,0.048701,0.05930600000000002,19.486494,4.503365,42.226405,19.486494,4.503365,42.226405,-1,-1,421600,-1,-1,4614960,34,42,44,0.028732097,0.025639609,0.010309278,0.05102041,0.04622871,0.030927835,0.6530954,0.64091647,0.60470587,2846,2779,2754,0,0,21
1653887816,14634,16057,15313,9223372036854775807,9223372036854775807,9223372036854775807,-9223372036854775808,-9223372036854775808,-9223372036854775808,1383.4553146362305,2918.0155334472656,2778.5196685791016,0,0,0,0.0,0.0,0.0,0.09626073499999983,0.07597650939999996,0.06752509020000011,0.05350600000000002,0.06690600000000002,0.076702,26.588421,6.067219,3.954776,26.588421,6.067219,3.954776,-1,427800,-1,-1,4618472,-1,33,44,43,0.028896397,0.010143738,0.048780486,0.042792793,0.02538071,0.09756097,0.60815316,0.608556,0.64185697,2930,2741,2817,0,0,0
1653974071,14025,15278,15097,9223372036854775807,9223372036854775807,9223372036854775807,-9223372036854775808,-9223372036854775808,-9223372036854775808,1346.215591430664,2785.2057189941406,2881.4458389282227,0,0,0,0.0,0.0,0.0,0.047489419399999774,0.06580546640000041,0.05842167039999978,0.037199050000000004,0.023099,0.02929905,9.328656,42.969297,11.457621,9.328656,42.969297,11.457621,-1,-1,-1,-1,-1,-1,32,42,45,0.019417476,0.017676767,0.020805245,0.03883495,0.035353534,0.036585364,0.619545,0.6173112,0.5677289,2746,2755,2757,0,0,0
1654061524,15434,19681,18740,9223372036854775807,9223372036854775807,9223372036854775807,-9223372036854775808,-9223372036854775808,-9223372036854775808,1299.6973876953125,2810.5040588378906,2806.476303100586,0,0,0,0.0,0.0,0.0,0.0724813345999997,0.05446487540000038,0.07358578080000021,0.064504,0.067804,0.071605,8.495184,20.152284,23.522416,8.495184,20.152284,23.522416,385560,427368,-1,573312,4638456,-1,33,46,42,0.016955527,0.016759047,0.041434933,0.040816326,0.040201005,0.07789474,0.7046315,0.688355,0.6305577,2945,2851,2828,0,0,0
1654147259,16186,17732,17670,9223372036854775807,9223372036854775807,9223372036854775807,-9223372036854775808,-9223372036854775808,-9223372036854775808,1281.6628036499023,2696.558708190918,2799.9182891845703,0,0,0,0.0,0.0,0.0,0.08260853600000005,0.06343565280000014,0.06363567600000003,0.03450700000000002,0.04580705000000002,0.05170800000000002,13.198169,9.736067,5.480721,13.198169,9.736067,5.480721,-1,-1,-1,-1,-1,-1,32,45,42,0.01594533,0.010109898,0.012880482,0.03189066,0.020304568,0.015659954,0.6303525,0.65099674,0.6135855,2936,2902,2834,0,0,0
1654233074,17514,19818,19743,9223372036854775807,9223372036854775807,9223372036854775807,-9223372036854775808,-9223372036854775808,-9223372036854775808,1050.1107482910156,2134.5902099609375,2274.3223190307617,0,0,0,0.0,0.0,0.0,0.12203673919999987,0.07481015660000022,0.10217242120000013,0.153001,0.053906000000000016,0.07040500000000002,17.682725,13.13159,17.780845,17.682725,13.13159,17.780845,379432,-1,285552,557600,-1,4402408,31,41,49,0.013946637,0.04866144,0.014150638,0.05076142,0.09014675,0.041450776,0.65474975,0.61098266,0.5262269,4044,4043,3935,0,0,0
1654319396,17279,19798,19796,9223372036854775807,9223372036854775807,9223372036854775807,-9223372036854775808,-9223372036854775808,-9223372036854775808,1307.5214309692383,2560.033302307129,2520.574203491211,0,0,0,0.0,0.0,0.0,0.14230567580000006,0.08098994839999991,0.0778166634,0.11303600000000014,0.08730500000000002,0.06530000000000036,9.850863,7.772749,15.742298,9.850863,7.772749,15.742298,306008,325960,-1,447368,4507968,-1,32,42,43,0.012002372,0.011282051,0.05051146,0.030905077,0.04,0.1969697,0.6038196,0.58439624,0.5791466,3954,3918,3928,0,0,0
1654405782,13867,15526,15332,9223372036854775807,9223372036854775807,60098160,-9223372036854775808,-9223372036854775808,179397664,1464.9327926635742,2934.545021057129,2812.6963272094727,0,0,9521094,0.0,0.0,0.0,0.05889074800000011,0.06345044579999982,0.03224746360000008,0.05141100000000004,0.035815000000000055,0.03340595000000002,4.851188,19.199564,16.27376,4.851188,19.199564,16.27376,389200,410248,-1,580392,4624064,-1,36,44,43,0.020512821,0.048358545,0.013788071,0.041025642,0.135,0.0225,0.6847436,0.64161927,0.58468276,2790,2768,2734,0,0,9
1654492351,13892,17382,16502,9223372036854775807,9223372036854775807,9223372036854775807,-9223372036854775808,-9223372036854775808,-9223372036854775808,1291.6603927612305,2827.0457763671875,2783.591697692871,0,0,0,0.0,0.0,0.0,0.09158790239999985,0.06331899260000033,0.08410565460000019,0.055005,0.04790905000000002,0.06871100000000002,12.523422,9.975507,9.071569,12.523422,9.975507,9.071569,-1,-1,-1,-1,-1,-1,33,45,42,0.013013879,0.008131356,0.02669886,0.021052632,0.011312217,0.030303031,0.6244305,0.6103221,0.6116885,2871,2854,2801,0,0,0
1654578830,15328,18811,17695,9223372036854775807,9223372036854775807,9223372036854775807,-9223372036854775808,-9223372036854775808,-9223372036854775808,1244.713851928711,2405.5744018554688,2540.373420715332,0,0,0,0.0,0.0,0.0,0.06145209260000003,0.1062567726000002,0.08313193079999995,0.04810005,0.07821600000000006,0.09251595000000006,8.310701,54.44255,6.003138,8.310701,54.44255,6.003138,-1,-1,348776,-1,-1,3653424,31,42,42,0.0148148155,0.04670692,0.024081707,0.044444446,0.114893615,0.06724512,0.58300525,0.6035006,0.50728506,3945,4006,3910,0,0,0
1654665016,13207,16525,16164,9223372036854775807,9223372036854775807,9223372036854775807,-9223372036854775808,-9223372036854775808,-9223372036854775808,1358.2120895385742,2882.5785522460938,2928.0892181396484,0,0,0,0.0,0.0,0.0,0.05209405039999975,0.08885659619999975,0.04794763919999987,0.028905950000000017,0.10214100000000015,0.02790500000000002,8.898297,13.72776,3.703434,8.898297,13.72776,3.703434,388808,-1,426248,558696,-1,4641568,32,47,44,0.0321489,0.018265765,0.018657366,0.09137056,0.03153153,0.030303031,0.6622913,0.5951126,0.56548303,2848,2814,2746,0,0,0
1654751402,14507,18715,17616,9223372036854775807,9223372036854775807,9223372036854775807,-9223372036854775808,-9223372036854775808,-9223372036854775808,1252.5769729614258,2597.5934143066406,2691.989761352539,0,0,0,0.0,0.0,0.0,0.07160073499999987,0.0651777466,0.0736841746000001,0.07530400000000002,0.10102900000000012,0.077299,10.125023,11.043484,9.588945,10.125023,11.043484,9.588945,-1,399656,-1,-1,4563944,-1,30,43,42,0.0094764605,0.015219881,0.045308154,0.023404256,0.040609136,0.12077295,0.5709117,0.67796403,0.5755819,3962,3028,3932,0,0,0
1654837797,13876,17519,18376,9223372036854775807,9223372036854775807,9223372036854775807,-9223372036854775808,-9223372036854775808,-9223372036854775808,1350.229591369629,2735.8611373901367,2708.6928176879883,0,0,0,0.0,0.0,0.0,0.08990946379999973,0.05530429620000019,0.08559603040000006,0.04802300000000007,0.05650405,0.05751495000000004,3.686069,8.899565,21.830937,3.686069,8.899565,21.830937,384304,-1,-1,553704,-1,-1,30,46,42,0.025252527,0.04983611,0.05820454,0.07575758,0.0794702,0.111358576,0.7233045,0.6780721,0.6174383,3134,2826,2932,0,0,0
1654924283,16856,19716,18721,9223372036854775807,9223372036854775807,9223372036854775807,-9223372036854775808,-9223372036854775808,-9223372036854775808,1116.3735275268555,2262.8684463500977,2293.3808059692383,0,0,0,0.0,0.0,0.0,0.05372224239999988,0.09050381480000022,0.09151755660000013,0.054405950000000015,0.053711000000000036,0.13872700000000007,4.453545,5.223881,15.477726,4.453545,5.223881,15.477726,-1,330816,347488,-1,3585576,3598648,30,42,42,0.012744752,0.034023847,0.011719632,0.028132992,0.09704641,0.015384615,0.6027955,0.5705037,0.53213865,3917,3946,3874,0,0,0
1655010681,14396,18652,18660,9223372036854775807,9223372036854775807,9223372036854775807,-9223372036854775808,-9223372036854775808,-9223372036854775808,1315.6009674072266,2642.5727615356445,2652.8437423706055,0,0,0,0.0,0.0,0.0,0.08611787919999994,0.11363153459999996,0.06813850019999984,0.028901,0.069402,0.058402,13.443578,8.715463,22.347595,13.443578,8.715463,22.347595,-1,345968,417128,-1,3623144,4618648,31,42,43,0.015151516,0.025115006,0.022207255,0.04040404,0.040169135,0.05154639,0.67845124,0.54156566,0.6405826,2961,3878,2878,0,0,0
1655183977,14426,17308,15482,9223372036854775807,9223372036854775807,9223372036854775807,-9223372036854775808,-9223372036854775808,-9223372036854775808,1365.1074905395508,2808.8944702148438,2810.9419021606445,0,0,0,0.0,0.0,0.0,0.09102414220000007,0.04617815720000012,0.08188625559999976,0.034901,0.0364,0.0276,3.073244,14.409907,4.160666,3.073244,14.409907,4.160666,-1,-1,-1,-1,-1,-1,31,44,42,0.025773196,0.0063455063,0.008460237,0.05154639,0.013986014,0.02538071,0.6768458,0.40822712,0.58429474,2796,3782,2776,0,0,0
1655269951,13050,17594,15656,9223372036854775807,9223372036854775807,9223372036854775807,-9223372036854775808,-9223372036854775808,-9223372036854775808,1355.517448425293,2923.52986907959,2867.3833923339844,0,0,0,0.0,0.0,0.0,0.07739480259999959,0.05931105259999993,0.07363003219999978,0.0497,0.079701,0.06292095000000007,14.41091,9.705377,25.746001,14.41091,9.705377,25.746001,-1,-1,-1,-1,-1,-1,30,44,43,0.022179486,0.027475726,0.027114967,0.06153846,0.04987531,0.054229934,0.6885082,0.6308911,0.58773685,2891,2772,2831,0,0,0
1655356370,16992,19787,19796,9223372036854775807,9223372036854775807,9223372036854775807,-9223372036854775808,-9223372036854775808,-9223372036854775808,1213.0488967895508,2416.913444519043,2458.6392135620117,0,0,0,0.0,0.0,0.0,0.0883416336000001,0.07951205720000022,0.11761618879999979,0.04721000000000004,0.09450500000000002,0.06784800000000019,18.506024,34.654282,13.143607,18.506024,34.654282,13.143607,-1,424848,422192,-1,4672600,4607896,30,44,44,0.01667332,0.037401214,0.0239899,0.04494382,0.12435233,0.07575758,0.620111,0.56763816,0.54230213,4024,3927,3936,0,0,0
1655442787,13405,15344,14340,9223372036854775807,9223372036854775807,9223372036854775807,-9223372036854775808,-9223372036854775808,-9223372036854775808,1378.530532836914,2906.2989654541016,2763.1019134521484,0,0,0,0.0,0.0,0.0,0.06458573320000019,0.04088417559999996,0.04473755559999993,0.02590500000000002,0.0328,0.03630500000000002,29.707396,11.121399,12.820999,29.707396,11.121399,12.820999,2496,413616,429648,2440,4635752,4612032,34,43,42,0.020227658,0.01010101,0.027758932,0.045454547,0.025252525,0.1010101,0.6563685,0.6053684,0.4358635,2739,2729,3783,0,0,0
1655529068,15254,20876,19784,9223372036854775807,9223372036854775807,9223372036854775807,-9223372036854775808,-9223372036854775808,-9223372036854775808,1305.5136184692383,2646.5561141967773,2512.780113220215,0,0,0,0.0,0.0,0.0,0.09063757760000005,0.07498448899999988,0.07149859600000022,0.05251000000000002,0.08735800000000055,0.050610000000000016,13.082501,21.895201,6.967838,13.082501,21.895201,6.967838,383504,-1,344208,575312,-1,3828368,32,42,43,0.037037037,0.016869457,0.014935248,0.10606061,0.035532996,0.05957447,0.7179077,0.66265327,0.31561953,3067,2981,5881,0,0,0
1655615602,12578,15178,14396,9223372036854775807,9223372036854775807,9223372036854775807,-9223372036854775808,-9223372036854775808,-9223372036854775808,1359.1857223510742,2864.3261489868164,2896.566360473633,0,0,0,0.0,0.0,0.0,0.04794999920000032,0.05131824800000006,0.027061307600000032,0.0547,0.02750500000000002,0.03249905,3.832996,17.090976,2.943496,3.832996,17.090976,2.943496,-1,433512,-1,-1,4627224,-1,31,43,43,0.012600819,0.012820513,0.01010101,0.020151133,0.025641026,0.02020202,0.63690436,0.62489367,0.5526515,2793,2741,2770,0,0,0
1655701914,15680,19831,19740,9223372036854775807,9223372036854775807,9223372036854775807,-9223372036854775808,-9223372036854775808,-9223372036854775808,1237.0575408935547,2690.02237701416,2552.351806640625,0,0,0,0.0,0.0,0.0,0.08260496519999991,0.08668427880000001,0.11233208400000008,0.057007000000000016,0.11450600000000002,0.10700600000000002,3.174787,32.418495,7.690952,3.174787,32.418495,7.690952,-1,427648,444632,-1,4610408,4664416,31,46,44,0.042751938,0.0076540373,0.013888953,0.12325581,0.025641026,0.045454547,0.6609373,0.52823615,0.55427045,4111,3893,3887,0,0,0
1655788598,14213,15481,15500,9223372036854775807,9223372036854775807,9223372036854775807,-9223372036854775808,-9223372036854775808,-9223372036854775808,1311.1409072875977,2805.8886489868164,2924.519416809082,0,0,0,0.0,0.0,0.0,0.07385278419999981,0.07008582879999989,0.041933634800000036,0.02460595000000002,0.03480005,0.0396,15.80355,9.798558,8.180429,15.80355,9.798558,8.180429,377040,-1,-1,591048,-1,-1,32,42,45,0.027072757,0.021522395,0.056144066,0.07614213,0.04050633,0.11228813,0.6666667,0.36654446,0.615679,2836,4798,2931,0,0,0
1655874769,12840,15459,15517,9223372036854775807,9223372036854775807,9223372036854775807,-9223372036854775808,-9223372036854775808,-9223372036854775808,1373.6327438354492,2772.105728149414,2926.8472213745117,0,0,0,0.0,0.0,0.0,0.043485265599999906,0.05526261539999985,0.05065932500000014,0.05361005000000004,0.03270595000000002,0.03370005,3.065841,6.522489,10.059237,3.065841,6.522489,10.059237,-1,-1,-1,-1,-1,-1,33,49,42,0.022512563,0.025485625,0.022453051,0.04,0.046153847,0.039906103,0.61799556,0.60793513,0.5835211,2769,2763,2772,0,0,0
1655961266,14633,18443,16575,9223372036854775807,9223372036854775807,9223372036854775807,-9223372036854775808,-9223372036854775808,-9223372036854775808,1309.775535583496,2738.1084518432617,2641.983573913574,0,0,0,0.0,0.0,0.0,0.06928255920000033,0.06949569640000001,0.16707984079999916,0.055105950000000015,0.05601000000000004,0.086801,23.09948,7.812923,26.242598,23.09948,7.812923,26.242598,-1,-1,-1,-1,-1,-1,31,42,43,0.017894737,0.045095466,0.009166667,0.035789475,0.06531531,0.013333334,0.62870955,0.61871386,0.61194444,3056,2887,2802,0,0,0
1656047704,11515,14343,14229,9223372036854775807,9223372036854775807,9223372036854775807,-9223372036854775808,-9223372036854775808,-9223372036854775808,1467.1949310302734,3071.800064086914,3006.42342376709,0,0,0,0.0,0.0,0.0,0.06144445060000005,0.07538350240000016,0.03750444900000005,0.03571000000000004,0.09756000000000022,0.04891000000000004,39.907868,56.928954,15.493689,39.907868,56.928954,15.493689,-1,427384,443464,-1,4677928,4637944,32,43,44,0.018888889,0.04540404,0.01010101,0.037777778,0.08080808,0.02020202,0.6211111,0.67098486,0.63293827,2759,2720,2681,0,0,0
1656133742,11255,14251,13317,9223372036854775807,9223372036854775807,9223372036854775807,-9223372036854775808,-9223372036854775808,-9223372036854775808,1656.8160781860352,3374.760673522949,3302.1464080810547,0,0,0,0.0,0.0,0.0,0.09777889279999961,0.040247394000000346,0.04621466420000021,0.08934695000000017,0.040415950000000055,0.0234,40.209942,23.094407,8.281962,40.209942,23.094407,8.281962,-1,-1,-1,-1,-1,-1,33,44,42,0.094644606,0.048584674,0.017859863,0.15898618,0.14070351,0.03076923,0.7447051,0.60674924,0.669967,2724,2729,2699,0,0,0
1656220300,12699,15491,15373,9223372036854775807,9223372036854775807,9223372036854775807,-9223372036854775808,-9223372036854775808,-9223372036854775808,1296.5064163208008,2916.374771118164,2882.3506393432617,0,0,0,0.0,0.0,0.0,0.05860470519999993,0.0701312741999996,0.04605707960000003,0.039,0.05010595000000002,0.05890600000000002,2.669123,34.922498,20.07066,2.669123,34.922498,20.07066,-1,371848,-1,-1,4568104,-1,32,43,45,0.032704126,0.02367197,0.021215806,0.09313726,0.035353534,0.037406486,0.63838226,0.63392925,0.604782,2801,2742,2769,0,0,0
1656307088,12342,15076,15163,9223372036854775807,9223372036854775807,9223372036854775807,-9223372036854775808,-9223372036854775808,-9223372036854775808,1403.6829528808594,2915.834518432617,2805.9031524658203,0,0,0,0.0,0.0,0.0,0.06823767140000007,0.08684296919999943,0.04513189439999989,0.0355,0.05802100000000007,0.03331595000000005,64.345238,35.666758,9.839625,64.345238,35.666758,9.839625,-1,439456,427544,-1,4646264,4617752,33,44,44,0.013405809,0.02527842,0.008838384,0.021786492,0.045454547,0.030303031,0.6234933,0.5996395,0.42976245,2785,2790,3881,0,0,0
1656393375,13859,15348,15326,9223372036854775807,9223372036854775807,9223372036854775807,-9223372036854775808,-9223372036854775808,-9223372036854775808,1349.7697448730469,2772.1450729370117,2820.682258605957,0,0,0,0.0,0.0,0.0,0.04139876939999987,0.0550982490000001,0.08373815140000004,0.05420595000000002,0.04291000000000004,0.07301605000000005,6.059698,15.772942,13.310409,6.059698,15.772942,13.310409,-1,-1,-1,-1,-1,-1,33,41,44,0.011114714,0.014378479,0.013052648,0.017204301,0.015151516,0.016055046,0.6324364,0.582921,0.5718789,2810,2784,2747,0,0,0
1656479843,12352,15197,15324,9223372036854775807,9223372036854775807,9223372036854775807,-9223372036854775808,-9223372036854775808,-9223372036854775808,1425.5544357299805,2866.761032104492,2886.1304092407227,0,0,0,0.0,0.0,0.0,0.048564153599999875,0.07869842539999991,0.059703414999999885,0.039106000000000016,0.03060600000000002,0.03630600000000002,16.37032,33.237296,18.318229,16.37032,33.237296,18.318229,-1,-1,-1,-1,-1,-1,32,42,42,0.012316485,0.0073780487,0.022817131,0.019607844,0.009756098,0.040609136,0.5942567,0.61847556,0.6032829,2763,2729,2778,0,0,0
1656566141,19642,15379,15260,9223372036854775807,9223372036854775807,9223372036854775807,-9223372036854775808,-9223372036854775808,-9223372036854775808,1354.3951721191406,2939.156692504883,2884.746223449707,0,0,0,0.0,0.0,0.0,0.07902811880000003,0.03784260840000011,0.037920150000000125,0.032300050000000004,0.035,0.044201,6.50538,13.545697,7.834714,6.50538,13.545697,7.834714,-1,344856,451632,-1,4513688,4630432,31,41,42,0.013515008,0.016972886,0.048553217,0.02200489,0.02538071,0.1,0.60427445,0.5799296,0.5816572,2720,2743,2724,0,0,0
1656652948,15859,19670,18733,9223372036854775807,9223372036854775807,9223372036854775807,-9223372036854775808,-9223372036854775808,-9223372036854775808,1247.1894073486328,2401.2401733398438,2424.311553955078,0,0,0,0.0,0.0,0.0,0.07286457239999994,0.0994943198000002,0.11903543199999968,0.06840595000000002,0.05470500000000002,0.14202000000000006,12.584433,35.786436,24.040167,12.584433,35.786436,24.040167,309192,-1,-1,449288,-1,-1,30,43,42,0.009242158,0.047243744,0.054460153,0.022624435,0.13157895,0.14830509,0.59936345,0.6216686,0.5778289,3964,4011,3900,0,0,0
1656738921,18167,19715,18653,9223372036854775807,9223372036854775807,9223372036854775807,-9223372036854775808,-9223372036854775808,-9223372036854775808,1194.490592956543,2449.830192565918,2309.781005859375,0,0,0,0.0,0.0,0.0,0.1396969964000002,0.13908458799999893,0.1214450849999999,0.061530000000000105,0.05943000000000011,0.09873000000000011,12.94622,28.953235,38.687165,12.94622,28.953235,38.687165,387312,425160,-1,564336,4617216,-1,31,46,42,0.015984805,0.03145856,0.03483537,0.08080808,0.085427135,0.09445585,0.56736535,0.76217306,0.6886864,5938,3929,3997,0,0,0
1656825175,19164,16512,15372,9223372036854775807,9223372036854775807,9223372036854775807,-9223372036854775808,-9223372036854775808,-9223372036854775808,1366.855598449707,2756.6201400756836,2926.2630462646484,0,0,0,0.0,0.0,0.0,0.05083796460000015,0.09463790719999965,0.05888836919999983,0.0379,0.04330595000000002,0.03760595000000002,12.372465,22.683706,17.768245,12.372465,22.683706,17.768245,-1,-1,-1,-1,-1,-1,33,42,44,0.010799136,0.02124772,0.008585123,0.021598272,0.037444934,0.0121951215,0.6076332,0.6067058,0.63308454,2781,2813,2767,0,0,0
1656912039,13855,15125,14270,9223372036854775807,9223372036854775807,9223372036854775807,-9223372036854775808,-9223372036854775808,-9223372036854775808,1367.7346878051758,2762.9235916137695,2778.646011352539,0,0,0,0.0,0.0,0.0,0.05559670420000009,0.053327997199999956,0.0713396794,0.04109905,0.027404050000000017,0.03150905000000004,41.374335,23.46025,66.662972,41.374335,23.46025,66.662972,-1,-1,-1,-1,-1,-1,33,43,42,0.011844332,0.01625,0.040865384,0.035532996,0.0175,0.08173077,0.6707601,0.65125,0.67059535,2747,2713,2791,0,0,0
1656997973,12786,14348,14293,9223372036854775807,9223372036854775807,9223372036854775807,-9223372036854775808,-9223372036854775808,-9223372036854775808,1364.3921432495117,2888.033935546875,2941.673667907715,0,0,0,0.0,0.0,0.0,0.05318066420000025,0.04775580619999996,0.05462361660000007,0.033810000000000034,0.02930500000000002,0.0318,12.088401,13.644502,20.480499,12.088401,13.644502,20.480499,-1,-1,427776,-1,-1,4624760,30,45,45,0.05124769,0.02236368,0.008383669,0.14871795,0.039702233,0.020100502,0.7357815,0.66618454,0.60740966,2813,2711,2688,0,0,0
1657084654,13527,15076,14934,9223372036854775807,9223372036854775807,9223372036854775807,-9223372036854775808,-9223372036854775808,-9223372036854775808,1372.6987075805664,2907.391929626465,2722.125602722168,0,0,0,0.0,0.0,0.0,0.043480409200000056,0.04881074420000013,0.08147752800000022,0.02900495000000002,0.02189905,0.03160495000000002,13.401829,7.425407,23.932279,13.401829,7.425407,23.932279,-1,-1,-1,-1,-1,-1,33,45,43,0.013954211,0.010094937,0.04265113,0.022883296,0.015189873,0.045,0.6551177,0.65946203,0.65326196,2753,2738,2757,0,0,0
1657171014,13038,15453,16459,9223372036854775807,57901056,9223372036854775807,-9223372036854775808,216760320,-9223372036854775808,1312.707160949707,2630.257484436035,2929.832489013672,0,18246126,0,0.0,0.0,0.0,0.06694416139999979,0.055300299599999936,0.06509444579999958,0.030005000000000018,0.04860005,0.03320500000000002,3.804631,18.680429,4.646036,3.804631,18.680429,4.646036,-1,-1,445808,-1,-1,4634808,33,43,42,0.03317579,0.008400845,0.028495425,0.094527364,0.010152284,0.04568528,0.74641937,0.63524324,0.62679,2807,2765,2797,0,18,0
1657257307,13272,15117,14425,9223372036854775807,9223372036854775807,9223372036854775807,-9223372036854775808,-9223372036854775808,-9223372036854775808,1367.0058670043945,2841.188934326172,2949.872833251953,0,0,0,0.0,0.0,0.0,0.047602916200000144,0.06201639420000007,0.05139284560000016,0.05421005000000004,0.0279,0.026405050000000017,31.618278,3.193517,6.471831,31.618278,3.193517,6.471831,-1,-1,315984,-1,-1,3138456,34,44,44,0.028766623,0.013383668,0.031172538,0.06122449,0.03517588,0.075,0.68184704,0.6501569,0.40770754,2793,2686,4796,0,0,0
1657343384,28962,15220,15138,9223372036854775807,60982272,9223372036854775807,-9223372036854775808,208831488,-9223372036854775808,1422.0372314453125,2871.967903137207,2862.259796142578,0,9010234,0,0.0,0.0,0.0,0.05243899919999999,0.06646552899999987,0.052798861000000134,0.0352,0.04371495000000006,0.0313,4.468767,30.829972,8.455239,4.468767,30.829972,8.455239,-1,-1,-1,-1,-1,-1,33,43,43,0.025773196,0.01236478,0.011708626,0.077319585,0.019704433,0.030150754,0.74025804,0.6543741,0.6291352,2786,2720,2717,0,9,0
1657429829,12594,15523,16498,9223372036854775807,9223372036854775807,9223372036854775807,-9223372036854775808,-9223372036854775808,-9223372036854775808,1487.8826141357422,2892.076271057129,2946.5237426757812,0,0,0,0.0,0.0,0.0,0.06301790400000015,0.06885658979999958,0.06159640959999976,0.0318,0.031605950000000015,0.0299,7.209341,26.647114,16.58286,7.209341,26.647114,16.58286,383584,-1,-1,571960,-1,-1,34,44,44,0.018760683,0.03550109,0.019753942,0.051282052,0.06100218,0.03448276,0.75623935,0.6428486,0.63593256,2792,2809,2766,0,0,0
1657516613,15517,18577,17684,9223372036854775807,9223372036854775807,9223372036854775807,-9223372036854775808,-9223372036854775808,-9223372036854775808,1375.1777572631836,2763.4808044433594,2877.4214477539062,0,0,0,0.0,0.0,0.0,0.04572251440000006,0.06623832699999978,0.054230553599999905,0.04360205,0.03600700000000002,0.03560795000000002,3.313114,3.759043,13.031436,3.313114,3.759043,13.031436,-1,-1,-1,-1,-1,-1,33,43,45,0.010869565,0.009432007,0.012331839,0.02173913,0.013888889,0.024663677,0.615942,0.60202456,0.6023916,2921,2927,2854,0,0,0
1657603507,16103,19363,19677,9223372036854775807,9223372036854775807,9223372036854775807,-9223372036854775808,-9223372036854775808,-9223372036854775808,4755.245658874512,6420.153205871582,6357.505592346191,0,0,0,0.0,19700.395,19664.318,0.0838650476000001,0.07990224360000026,0.06069580979999988,0.051005950000000015,0.05350005,0.0525,23.661959,5.298035,3.284501,23.661959,5.298035,3.284501,1907120,2456624,1758640,2673880,13359536,9390400,37,48,50,0.02377551,0.016785715,0.02178899,0.09,0.028571429,0.04357798,0.80226743,0.63357145,0.6154587,3953,3108,2960,0,0,0
1657689232,17723,19428,19500,9223372036854775807,9223372036854775807,9223372036854775807,-9223372036854775808,-9223372036854775808,-9223372036854775808,4680.974891662598,5291.909255981445,5435.375556945801,0,0,0,17504.049,0.0,0.0,0.08225041140000004,0.1015367146000004,0.07757359320000003,0.08402095000000008,0.06490600000000002,0.05470005,9.317641,7.682631,17.584071,9.317641,7.682631,17.584071,1288368,928184,5080,1830352,4810128,155648,37,52,50,0.017844258,0.0327467,0.03233186,0.06632653,0.09324009,0.12435233,0.77865237,0.66742307,0.62311697,4002,3997,4036,0,0,0
1657776078,17414,17608,18611,9223372036854775807,9223372036854775807,9223372036854775807,-9223372036854775808,-9223372036854775808,-9223372036854775808,4615.957252502441,6537.940238952637,6406.5042724609375,0,0,0,20304.17,0.0,20931.068,0.06945846760000032,0.08324643379999994,0.17160509199999957,0.08381595000000006,0.09351100000000004,0.06290500000000002,16.244559,4.352833,15.986609,16.244559,4.352833,15.986609,1160424,3326248,2169944,1653328,17928176,11423152,37,49,49,0.011578314,0.00835209,0.016606057,0.041237112,0.023255814,0.044843048,0.77102864,0.5379188,0.61221975,3942,3874,3899,0,0,0
1657862774,13034,15364,15383,9223372036854775807,9223372036854775807,9223372036854775807,-9223372036854775808,-9223372036854775808,-9223372036854775808,5377.011528015137,7410.613899230957,7417.838165283203,0,0,0,0.0,0.0,0.0,0.08197681920000005,0.05394126699999985,0.04668502759999991,0.029401,0.032401,0.037701,6.249482,7.147494,5.043666,6.249482,7.147494,5.043666,-1,-1,1918696,-1,-1,10232864,38,48,51,0.056109726,0.023577569,0.027564043,0.11221945,0.065656565,0.057591625,0.70541465,0.6715073,0.65614504,2822,2773,2774,0,0,0
1657948178,12372,15003,15195,9223372036854775807,9223372036854775807,9223372036854775807,-9223372036854775808,-9223372036854775808,-9223372036854775808,6168.064834594727,7181.770805358887,7285.791366577148,0,0,0,0.0,0.0,0.0,0.07413618239999999,0.036626316400000136,0.09880628379999953,0.0319,0.03510500000000002,0.028910950000000036,5.764478,37.771513,43.384088,5.764478,37.771513,43.384088,4194192,-1,-1,5905096,-1,-1,37,48,50,0.012916667,0.054674957,0.072314434,0.020833334,0.15897436,0.17171717,0.7238095,0.6790042,0.7248786,2791,2739,2763,0,0,0
1658034783,18413,20860,20510,9223372036854775807,9223372036854775807,9223372036854775807,-9223372036854775808,-9223372036854775808,-9223372036854775808,3988.4285430908203,5414.677536010742,5387.355056762695,0,0,0,0.0,19705.455,20818.379,0.08156369979999975,0.08690984759999971,0.07474500360000005,0.04580700000000002,0.09790900000000002,0.06280700000000002,25.661283,10.12319,7.617594,25.661283,10.12319,7.617594,1912584,791672,734632,2736384,4126312,3807888,37,48,48,0.014459088,0.038262345,0.009183502,0.028301887,0.104761906,0.0225,0.73015785,0.7523039,0.6784765,4014,4000,4018,0,0,0
1658121684,16627,18490,18364,9223372036854775807,9223372036854775807,9223372036854775807,-9223372036854775808,-9223372036854775808,-9223372036854775808,4723.799819946289,6407.766891479492,6466.952018737793,0,0,0,0.0,24379.111,18559.29,0.08036363940000003,0.07422091079999993,0.07442629340000029,0.06631095000000004,0.05520500000000002,0.049805950000000015,36.8825,14.395676,11.896266,36.8825,14.395676,11.896266,-1,3146688,1452168,-1,15998144,7805744,38,49,48,0.02736842,0.03883896,0.018570134,0.05473684,0.125,0.04568528,0.65036917,0.66529685,0.70478725,3099,3903,2952,0,0,0
1658208657,13263,16183,15059,9223372036854775807,9223372036854775807,9223372036854775807,-9223372036854775808,-9223372036854775808,-9223372036854775808,6090.959655761719,7244.850486755371,7282.055335998535,0,0,0,0.0,0.0,0.0,0.05544894879999978,0.03961486540000025,0.09076662219999952,0.03150595000000002,0.033701,0.03031000000000004,8.473248,5.318895,47.513851,8.473248,5.318895,47.513851,4506168,2920928,3072376,6350784,15397200,16266616,37,53,50,0.014570156,0.06732323,0.05954134,0.02406417,0.1969697,0.15816326,0.7000936,0.73880476,0.6804309,2767,2743,2783,0,0,0
1658294136,13492,15401,15383,9223372036854775807,9223372036854775807,9223372036854775807,-9223372036854775808,-9223372036854775808,-9223372036854775808,5201.54256439209,7170.909408569336,7373.780052185059,0,0,0,0.0,0.0,0.0,0.049098773200000015,0.0462919695999999,0.04847009560000001,0.027300050000000003,0.04220600000000002,0.030701,27.363048,7.397447,15.599108,27.363048,7.397447,15.599108,-1,2563128,-1,-1,13868224,-1,37,51,50,0.020882353,0.014841568,0.013226849,0.036764707,0.029268293,0.021428572,0.6702451,0.6228153,0.62384546,2885,2802,2809,0,0,0
1658380726,13802,16238,16289,9223372036854775807,9223372036854775807,9223372036854775807,-9223372036854775808,-9223372036854775808,-9223372036854775808,5355.402473449707,6434.061424255371,6359.7770919799805,0,0,0,0.0,0.0,0.0,0.03704519119999994,0.09146836219999968,0.07820426119999954,0.0234,0.0291,0.04890005,2.715232,15.782372,22.705338,2.715232,15.782372,22.705338,2320928,-1,-1,3249088,-1,-1,37,49,48,0.01659292,0.06490385,0.0112594925,0.03318584,0.1298077,0.01754386,0.750708,0.7967973,0.7351588,2934,2891,2837,0,0,0
1658467142,19494,21675,20619,9223372036854775807,9223372036854775807,9223372036854775807,-9223372036854775808,-9223372036854775808,-9223372036854775808,3928.8930282592773,5374.21142578125,5415.078811645508,0,0,0,0.0,15175.765,17725.754,0.1573229101999993,0.08946121240000003,0.06521791339999997,0.045899050000000004,0.05540500000000002,0.049110000000000036,45.055326,14.831542,28.197956,45.055326,14.831542,28.197956,-1,698240,1223576,-1,3581816,6650600,37,48,48,0.007009346,0.027556533,0.0180621,0.021028038,0.06,0.04418605,0.79644865,0.81562185,0.7954828,4103,4048,4046,0,0,0
1724652264,9485,11083,11250,214524080,175056384,221208392,700866152,654311424,698805120,16403.15316772461,22580.8023147583,21630.569129943848,707735686,807139449,991302011,70638.97,66117.164,67393.41,43.14951118299998,50.13720869159998,51.720346452599976,70.17576605000002,80.19296965000001,85.42172045000001,3.271327443388888,3.8120911400665864,3.9486316518776903,8.692756100000004,10.193802900000003,10.60601235,17743161,13746367,12450940,23763574,23040860,20933964,39,50,51,0.32909653,0.3845514,0.39848292,0.516129,0.5425,0.5487805,0.96493804,0.97304714,0.9594372,44877,51874,53862,707,807,991
1724738626,9693,11101,11108,220156768,264584976,157552128,731806376,748961784,645377024,16410.29998779297,22121.541213989258,22452.653480529785,658768167,975576398,752280445,70893.42,67154.85,67912.516,42.81379355600012,48.05309666039993,47.34570232359984,69.90407745,76.13913705,74.96658270000003,3.24573321152224,3.658929692155533,3.5995389560110893,8.58912755,9.890059900000002,9.673731450000002,17734592,14419702,14765570,23756129,23724883,24589416,39,52,50,0.32241905,0.36916524,0.362372,0.4862843,0.52487564,0.5273632,0.9599511,0.96503717,0.9509079,44867,49869,49857,658,975,752
1724825147,8901,11073,11117,230196632,289649928,230560872,739085328,776474944,689545920,17105.40520477295,23556.45719909668,23651.593490600586,666337945,1030625157,940355447,72176.05,69215.76,68513.195,42.4468486513999,46.67754564180003,47.55546719239991,67.24644125,73.75511520000002,76.4877189,3.2147401162333025,3.5432397696222546,3.618463365800084,8.675460100000002,9.596435250000004,9.745176550000004,17993985,14695448,14265020,24096908,24066656,24000298,38,49,51,0.31862524,0.3589732,0.36895305,0.4775,0.5124378,0.52380955,0.9600201,0.95433307,0.9579226,44868,48866,49843,666,1030,940
1724911396,9833,12202,12208,102723072,202359808,247054952,441678848,745062992,712073504,16420.400146484375,21619.419708251953,21810.151275634766,328885700,927995036,931005629,67267.15,63499.85,63907.43,45.671688437600075,52.40349292060002,51.8271051860001,74.56418095000001,83.9370183,81.7741295,3.474909331255533,3.9942136988888888,3.956989297899988,9.051407950000002,10.715975350000003,10.57769345,16421863,12485153,12613455,21988564,21099820,21041554,38,50,52,0.3364325,0.3892858,0.38626194,0.50374067,0.5386534,0.53266335,0.9732716,0.964951,0.9621029,47851,54808,53855,328,927,931
1724997823,9927,11098,11085,216778016,118095360,103688528,624563088,515676672,568853504,16445.287956237793,21602.26554107666,21828.64649963379,684008462,610576309,466683850,70561.69,66973.1,68451.02,43.22031990360013,49.53617093160005,49.2842765168,69.28579540000004,80.19303490000001,79.52052110000002,3.2790438866333065,3.768474025388851,3.758305741188888,8.8422213,10.033546300000005,9.986866600000003,17478528,14202918,14257796,23410067,23480024,24180688,39,52,50,0.324445,0.37990826,0.37365806,0.49253732,0.5386534,0.53482586,0.9468623,0.954855,0.9514186,45880,51877,51851,684,643,486
1725084078,11402,11190,11222,200936688,248338400,134263296,628637696,758793088,524685824,15729.335014343262,21666.979866027832,21639.503273010254,711148970,997702904,468483061,67100.88,68077.48,66426.84,45.71521379900001,48.06997142720011,51.500974383800056,75.3848965,78.26960235,81.67629910000001,3.474914542155581,3.6609957194444296,3.9335048301778293,9.3793448,9.875173900000005,10.408450850000003,16805899,14569274,12465102,22503964,23961216,21070442,39,51,51,0.34391037,0.36992028,0.3948173,0.5062035,0.52618456,0.5361596,0.97094977,0.96388054,0.9562144,47863,49941,53855,711,997,468
1725170634,8472,11114,10172,226734848,218134320,262058144,637464576,735781792,790621184,17006.579795837402,23322.04246520996,23583.78205871582,737531826,834238976,991369600,69791.02,69614.055,69435.016,42.11703930640013,44.833597168199994,45.452725664400056,68.02131600000007,71.56155645000001,71.397124,3.1851171251888943,3.411343072899971,3.4497033626222064,8.460969500000006,9.15159435,9.230267450000003,17922088,15123176,15198364,24006530,25016623,25008990,39,49,50,0.30764496,0.3473358,0.35146356,0.4950249,0.505,0.51492536,0.9595102,0.95793694,0.9509633,43855,46852,47844,737,834,991
1725256851,11086,11182,11167,218536584,207705600,240303104,681245696,726906368,745329032,16425.310691833496,21686.664375305176,21888.052253723145,641260244,916376974,899384431,68580.02,65781.19,65821.516,44.13999692220015,50.12416388860013,51.34437396340004,71.19755980000001,80.29429705000003,83.03445390000002,3.3484622379222237,3.8063092371999376,3.9176338183332855,8.92573885,10.298970300000004,10.569802200000007,16801144,13603418,12447872,22494471,22572001,20796361,38,52,52,0.33317718,0.38607565,0.39002928,0.4950495,0.5187032,0.53333336,0.9737136,0.9637261,0.9535248,46007,51990,53867,641,916,899
1725343321,9680,11120,11145,220701544,267047416,143776256,700924800,761852872,574236672,16414.407028198242,22216.13845062256,22401.60524749756,672766738,938666406,367935050,69783.06,68808.66,67743.055,42.82904830519986,46.81319097220008,47.14724613720009,68.80093570000001,73.74956135000001,74.61603385,3.2495224125444535,3.544087328599985,3.584205810033323,8.650051350000005,9.472235250000002,9.459259600000001,17589666,14941042,14520835,23560995,24484944,24520114,39,51,49,0.31960064,0.35982975,0.36297646,0.47619048,0.51724136,0.525,0.9541693,0.9595769,0.96702826,44893,48841,48862,672,938,367
1725429775,10114,11097,11272,201789880,244434072,111266816,596039512,832647072,452114944,16367.641632080078,21648.005744934082,21763.275970458984,695921059,965678463,563838489,68911.72,66436.414,67393.125,43.30999838360027,50.45942081440008,49.629411009799995,68.92347260000001,79.80381775000001,79.87522795,3.287531902822206,3.853048426444472,3.776770611455624,8.755085900000001,10.417995900000008,10.0906847,17328045,13869257,14103686,23208021,22593202,23922878,39,51,53,0.32111394,0.38134044,0.38392767,0.48138958,0.52369076,0.53,0.94640833,0.95579845,0.96009254,45869,52852,51860,695,965,695
1725516238,9424,11175,11126,176855040,157552640,247946784,613357952,569702928,750299344,17034.930335998535,22633.65227508545,22482.99089050293,636344933,758357304,889262834,70175.56,69234.35,67079.98,42.12281435219996,46.949085726399936,47.10077420559997,66.39488405000002,75.07048575000002,75.90679505000003,3.1860898020888904,3.5672592650666686,3.5806929485111363,8.533513950000001,9.635423100000002,9.629615150000006,17424850,14813689,14537511,23335141,24603378,24252368,38,49,51,0.30758688,0.3627303,0.36357358,0.48387095,0.5311721,0.5185185,0.96000904,0.9586797,0.96581495,43870,48865,48852,636,758,889
1725602545,9473,11168,11075,177869536,265776736,102556696,607539712,756214832,598209024,16373.125114440918,22594.0008392334,21856.53978729248,652629200,1057925813,451538932,70662.4,65257.37,67489.555,42.86743464499982,49.71746860039994,50.76036036760002,68.98608600000001,78.58479625000001,85.06351,3.2521674006111474,3.7894513041554965,3.869057784166631,8.694297650000001,10.143621650000004,10.286427450000007,17588353,12910208,12537585,23555625,21271864,20843963,38,51,52,0.32148734,0.38119447,0.39414352,0.48621553,0.53960395,0.5409429,0.960086,0.96285945,0.97439957,44873,51842,52853,652,1057,467
1725689019,9753,11134,11103,206011560,273373248,266322136,580399488,785933824,742260984,17010.276008605957,22514.6695022583,23404.724647521973,694434635,926858032,880979442,72508.695,68504.4,68369.99,40.936353279600155,48.24694286999995,45.95788927580011,65.09327915000003,75.86520115,71.37031910000003,3.097587769811101,3.661059719477823,3.4718649486666253,8.308836800000002,9.8827041,9.375478750000005,18216781,14564749,15127552,24396517,24189026,24521869,38,51,50,0.3079307,0.38171932,0.35293898,0.47890818,0.52205884,0.5150754,0.96991575,0.9661925,0.9624134,42873,49929,47857,694,926,880
1725775478,9503,11165,11119,120783872,261769096,248753664,444413952,805257248,789915624,16388.313217163086,22477.77889251709,22718.445404052734,444165301,898312755,914978833,72125.36,68942.016,67306.31,42.45280636400013,46.88569410460009,47.952471270399876,66.59327990000001,74.7584582,75.34569395,3.214680904055535,3.5634115425444475,3.660766495311098,8.4501355,9.66130695,9.945806850000004,17791997,14917071,14432806,23829413,24404440,24221123,38,50,51,0.30516502,0.35447404,0.37029454,0.48379052,0.5074627,0.5225,0.9465817,0.9594139,0.96419793,44874,48841,49853,444,898,914
1725862027,8941,11196,11078,156148480,245205920,144840192,583006560,764208640,511906304,17008.173370361328,22665.513008117676,22652.67781829834,603007289,859090011,690389793,69635.875,66325.64,67712.36,42.38530110940004,47.782555186799954,46.74385969199993,67.06761070000002,75.30009935000002,73.57184075000006,3.218290030233344,3.6293374551333404,3.5581962509000733,8.438377150000003,9.82519605,9.505267100000003,17488895,14532008,14939271,23427841,24310140,24774955,39,50,50,0.31975016,0.36756933,0.35874337,0.4925,0.5124378,0.5136476,0.9622452,0.9763888,0.96161807,44873,49843,48861,603,859,690
1725948213,10084,11251,11189,149927312,192487424,237580184,635894048,706435968,749323312,16373.87272644043,21620.28862762451,21731.50688934326,574426352,891257706,879875855,71638.305,67691.59,67205.46,42.326148963200005,49.51205915280004,49.046928573399995,67.19064865000001,79.43103045000001,78.56852625,3.2075765452333243,3.779715770899997,3.7464530205000437,8.563975350000002,10.1298293,10.244030000000002,17234928,14228789,14302090,23083941,23309648,23788920,38,51,49,0.31416556,0.37396845,0.38171312,0.4975,0.52369076,0.5273632,0.9466017,0.9542444,0.9645918,44859,51866,50874,574,891,879
1726034622,11432,11091,11203,221395968,238757408,139062784,691502176,731906048,623370240,16427.72560119629,21685.142280578613,22534.855072021484,716454586,939565009,480482085,69188.086,67484.01,67891.766,44.064218933,50.96548235799989,47.142747759199914,71.61979825000003,81.02463145,75.04567445000002,3.3444208891110816,3.879909634055595,3.5721503317000507,8.8882204,10.406135300000003,9.474914800000002,16871008,13425734,14446295,22601353,22239671,23753553,39,51,52,0.32313696,0.39441627,0.36475572,0.4764268,0.52618456,0.51741296,0.94238436,0.96449244,0.96734947,46873,52874,48952,716,939,480
1726121121,8543,11126,11108,220624008,229041848,159084544,620203232,786219168,540587520,17128.95970916748,22551.438690185547,22641.761291503906,745021463,876294210,645616892,70315.64,67004.0,68901.63,42.818388542399894,46.71553855039997,46.647594202800086,68.85747405000001,73.53438650000001,75.246007,3.2457226186889034,3.5405486693000054,3.532267600233319,8.626465,9.56210045,9.53263665,17086825,14690179,14687522,22886954,23865755,25075695,39,49,49,0.3083693,0.35931933,0.35844842,0.47117794,0.5012531,0.51237625,0.9540958,0.9585943,0.9558242,44874,48850,48860,745,876,645
1726207333,8815,11086,11178,187705408,169675776,160814000,579802080,597535880,643988784,16364.43822479248,22678.41008758545,21593.119552612305,673856269,680080550,833592839,69249.92,67264.92,64761.848,43.81815539900014,48.59242454379997,50.98277601599988,69.9871463,77.76509495000002,80.7180593,3.325557113388916,3.694291574844431,3.901605599433332,8.843787900000002,9.8498756,10.483960200000002,17549080,14326402,13703115,23504224,23976059,23409724,39,50,51,0.3350873,0.3724045,0.39227214,0.48258707,0.52618456,0.52463055,0.97137004,0.9630893,0.97088283,45865,50841,52766,673,680,833
1726293857,9001,11064,11034,183794120,134568448,144351232,635314488,562938368,456873984,16404.717208862305,22742.322189331055,23610.42431640625,630351318,444249747,605869385,72245.66,68551.78,71344.46,42.0036364406,46.354110707399855,44.669156664599946,67.36252345000001,73.80010545,70.09035580000001,3.1820245958445046,3.5208984114667006,3.3983879371666763,8.489603350000001,9.313823650000005,9.058729100000003,18002669,14920292,15238411,24120976,24272584,24468342,39,49,49,0.3216192,0.3640465,0.343034,0.4862843,0.525,0.49,0.9638811,0.951767,0.9550559,43861,48867,46849,630,444,605
1726380430,11625,11162,11214,132699568,154248192,139777024,396589840,521558016,565068288,16381.979835510254,22708.339309692383,22513.575149536133,367887097,688508078,444987851,72152.87,68568.77,69248.7,42.8229517023999,46.687583147000026,47.31190437899987,68.77091305000002,72.7374511,75.1572749,3.2453862177555424,3.5359816999111646,3.5999686219444564,8.65029875,9.411944700000001,9.564786750000003,17847904,14853762,14489524,23910946,24818094,23708290,39,51,51,0.33040044,0.3640882,0.35769093,0.5,0.51122195,0.50247526,0.972866,0.96109396,0.9491322,44859,48860,49879,367,688,444
1726466691,10909,11142,11132,221088056,161696256,155006464,630578440,608003584,588229120,16287.295059204102,22571.87171936035,22648.895973205566,748004112,403686581,455341600,68883.63,67164.766,69042.19,44.131055312799944,48.154002851400165,47.18550240980022,70.70195075000001,76.0655613,74.50147345000003,3.3553611984666185,3.6519234299110916,3.574906271722195,8.848615250000005,9.64991725,9.40779305,16901592,14156272,14462804,22630284,23635056,23808277,39,51,49,0.32751232,0.36987314,0.3560512,0.49624062,0.52487564,0.5087282,0.94342107,0.9667997,0.9500386,46866,50001,49855,748,403,455
1726552991,9530,11152,11121,234447728,251624960,258631168,672553472,758606816,750341120,17041.729522705078,22738.327354431152,22678.576133728027,677883734,886086639,878893770,69701.93,68476.41,69242.95,43.044269466200014,47.70807919019999,47.42993941279997,69.01042055000003,76.15528490000001,74.8634978,3.2684670226999875,3.6190117389888767,3.5968231587888777,8.716358650000002,9.68594675,9.7523965,17015690,14751220,14419674,22785438,25041621,23590025,39,48,52,0.32252213,0.35982746,0.36261058,0.49875313,0.525,0.5148515,0.96082485,0.9584,0.953126,44858,49879,49858,677,886,878
1726639386,9842,11049,11172,218132904,114679856,111116464,645187880,610867712,673718784,17073.867752075195,23538.257720947266,22594.993728637695,648198685,446863775,545937398,73161.69,69124.96,67583.28,41.834013116800044,45.897284371999966,48.71086832939992,67.7036054,73.83592055000001,77.8044895,3.171154285833332,3.4868392122777245,3.7124908497110645,8.547603250000002,9.148839850000002,9.866969350000002,17529143,14983426,14400932,23484280,25366629,23690348,39,51,51,0.3133129,0.34937003,0.3744112,0.46882793,0.4975,0.52487564,0.9542982,0.9601712,0.961378,43869,47859,50850,648,446,556
1726726183,10313,11100,11047,115037696,144478208,143522816,449692352,623889920,602491392,16370.018539428711,22566.38883972168,22454.15118408203,493738376,411856775,437421940,63787.13,63192.684,62393.805,41.51839015220005,46.3435089418,46.18863595980001,62.26765100000001,69.8724788,69.3686861,3.1903442819555834,3.564854566600041,3.556914409722181,8.119121100000001,8.742392300000006,8.712512600000002,18210566,14995970,15073810,24348225,26653936,26285873,39,49,51,0.31405175,0.36617807,0.3560039,0.50864196,0.53349876,0.5186104,0.94676036,0.9670369,0.9640855,43907,48902,48898,493,411,437
1726812379,10305,11171,11148,156696624,127413760,243818112,555817568,603191296,756545520,16382.62857055664,22811.830848693848,21845.0186920166,691560121,436431663,950706323,62635.445,61639.49,60682.258,42.826951646999895,47.566703406200105,50.8005863225999,65.61226540000001,70.39637685000001,75.23654690000002,3.2880317955000176,3.6739898943222107,3.9608437058111057,8.319437950000003,8.963153200000002,9.830286300000003,17912280,14824251,13585041,23949580,25869059,23799064,39,51,52,0.32782525,0.36744538,0.39582348,0.50248754,0.5386534,0.539801,0.9690489,0.9531311,0.9720838,44912,49905,52882,691,436,950
1726898796,9693,11175,11161,109534208,116467928,126411328,398295312,674433536,693149184,16405.508186340332,22746.803482055664,21639.870346069336,371498790,472047266,482245307,63337.434,61628.56,61186.605,42.35509992000004,47.24520405899994,49.30290840399997,62.6419451,70.86102595000001,73.98843745,3.2429772211666763,3.658376848433323,3.8310125451666814,8.150800350000003,9.037041850000001,9.385182649999999,17929945,14571341,14319342,23971634,25658666,24735135,38,51,50,0.3301477,0.3772553,0.39839992,0.5049261,0.5235732,0.5506173,0.96990526,0.9725988,0.9734739,43956,48900,50952,371,472,502
1726985262,10814,11095,11225,183984768,156935168,165326272,646349312,623085328,612246528,16372.819519042969,21572.379539489746,21805.67025756836,664662897,761863603,803367418,62764.79,60803.16,60471.977,42.271286840399995,49.21172639380012,51.19172528200009,63.2883189,72.25382715,77.17017945,3.243970616811103,3.810261869255562,3.987492378422281,8.294253500000005,9.353346250000003,9.964921600000002,17961368,14051380,12723195,24011450,24689330,22207742,39,52,50,0.3139478,0.38548937,0.39862174,0.50124687,0.53960395,0.5614035,0.9457092,0.96578807,0.9746465,44895,50971,52999,664,761,803
1727071667,9930,11137,11138,154845184,175889920,156742144,530292896,605448704,664626264,16373.66537475586,22461.96018218994,21840.69817352295,697438047,398990960,853381938,62760.57,62174.848,62353.125,42.82042093579999,46.243092049800126,48.70130310960005,64.63635475000002,66.80192579999999,73.4267314,3.285285182399986,3.574255043500015,3.775497667166662,8.367991650000004,8.737181350000002,9.359500150000006,17747783,14935111,14313579,23723376,26310084,24586826,39,51,49,0.32627505,0.3544208,0.3906333,0.5162095,0.52227724,0.535,0.9562267,0.966116,0.9740953,44918,48893,50897,697,398,853
1727158050,10149,11130,11094,148164568,236356992,159008360,542988616,690311360,638298288,16334.187553405762,21630.575813293457,21803.718894958496,640128805,984785344,822372010,63493.75,61277.89,62452.12,41.934070408599965,49.25155871719991,48.03164139879997,63.352511900000025,72.22101505,72.74624805000002,3.2228304812444595,3.8322757466000033,3.716085251988943,8.1845332,9.598630650000004,9.298647500000001,18015063,14370942,14550296,24088764,24943609,25717834,39,51,51,0.3213464,0.38816997,0.38534454,0.51122195,0.53846157,0.5273632,0.9551147,0.9648956,0.9728526,43902,51915,49891,640,984,822
1727244479,10932,12182,11246,142227456,169614848,148993024,502458896,626921984,469804496,15763.884262084961,21712.050788879395,21791.45588684082,617001257,474325369,619894231,61562.074,61123.34,60184.652,45.25348012179999,49.05849147820001,50.30308313140016,68.92109995000003,73.91692050000002,75.13769485,3.5003734619333953,3.7972430309888394,3.906898078366671,8.795740799999999,9.302285800000002,9.565923450000005,16933138,12993302,13696811,22629094,22774346,23619071,39,51,49,0.3400695,0.38201827,0.39196223,0.5346535,0.5361596,0.53,0.94855374,0.9738202,0.9690647,47913,50897,52897,617,474,619
1727330823,10874,11194,11145,105936384,139184640,251115680,397933568,569142272,729332736,16390.16020965576,21896.083290100098,22481.41583251953,371499091,549623472,1037289319,62751.25,61593.086,60266.22,43.55357606360004,49.35576291859983,47.966001776200045,65.2966295,72.79501370000001,70.00596880000003,3.352669236411169,3.8257800836444398,3.732002021511139,8.416390300000005,9.383589950000001,9.33482195,16989913,13947145,14390674,22705810,24318650,25106896,39,52,50,0.3270063,0.3921009,0.3802826,0.5062035,0.5275,0.52955663,0.94957846,0.96925265,0.9718462,45914,51913,49885,371,549,1037
1727417140,8430,11145,11093,209755328,205843264,123002376,607690752,716498456,661202432,16370.231010437012,22760.09595489502,22748.14421081543,665634255,905251202,519483402,64037.082,61829.97,62487.254,42.06281649199986,47.31694980699991,45.97992833560005,63.62514565000001,70.84570090000001,69.1233808,3.2174374518110977,3.667833025555529,3.5374436272555503,8.168687750000002,9.219946800000002,8.78435,18065141,14601321,15143572,24158674,25406523,26646551,39,50,51,0.32031143,0.37860835,0.36050764,0.4937656,0.5286783,0.5286783,0.957869,0.9674392,0.96016234,43911,48938,47877,665,905,530
1727503540,9525,11162,11249,126129760,144150432,155806208,497875616,616401288,525430272,16390.416358947754,22502.974647521973,22727.697731018066,597505934,735821960,811432678,61867.227,61396.023,61367.645,42.56008321279999,47.23681888800005,47.708843416799915,62.32972535000001,70.98903304999999,71.4847669,3.2794803587444328,3.666009899711072,3.7096182064444387,8.292331600000004,8.986472900000006,9.160356600000005,17853823,14669873,14667338,23872394,26314962,26229773,39,51,49,0.3160442,0.36565527,0.37607184,0.50374067,0.5208845,0.53846157,0.94842166,0.97148013,0.9727784,44899,48882,49882,597,735,811
1727590011,10065,11127,11142,91596368,148126208,115016656,427296640,554127872,674989056,16425.17389678955,21807.795150756836,21639.826889038086,325470693,468714630,441945163,63013.188,61723.938,62394.883,41.90410168200004,48.430007842399974,47.72463325220005,62.7154534,71.67489230000001,71.9037068,3.2189381159222172,3.7520628209222444,3.696142106933289,8.039391600000002,9.235622700000002,9.177169500000002,17624650,14666794,14769007,23561344,25923040,25952981,39,50,51,0.32136914,0.3847995,0.37837538,0.50497514,0.53349876,0.5308642,0.9561811,0.9690653,0.97277087,43922,50911,49875,325,468,452
1727676560,9681,11109,11096,213888888,123747152,143674368,634675792,627852800,578704896,16394.118942260742,22559.292274475098,22732.656898498535,709437449,472560578,489676862,63623.05,62456.68,60401.98,43.741080632200095,46.90215667380015,47.26524166780033,65.9085608,70.65054310000001,69.2476687,3.372596051366641,3.6242313309666363,3.682009184622166,8.563634300000004,8.941470100000004,9.004146400000002,17651508,14803301,14948621,23596412,26165366,26188989,39,51,51,0.3396606,0.37258002,0.36495495,0.5099502,0.52853596,0.53366584,0.9530102,0.972099,0.97231036,45917,48892,48883,709,504,489
1727762878,8362,11152,11120,205360928,242990976,198610440,624928224,689411584,745653992,16380.050392150879,22672.2052154541,22742.523071289062,679690288,893286209,849334524,60959.92,61122.664,61636.582,43.92943032240007,47.666203600599864,46.50100178720001,65.3191958,70.52037345000001,68.2162178,3.3907381080443977,3.6885811832111233,3.587479103099961,8.537817000000004,9.244377000000004,9.051360050000003,17505704,14548718,15035659,23400407,25514976,26026148,39,52,51,0.32843035,0.37438866,0.36242533,0.51,0.52463055,0.5286783,0.9571573,0.97253805,0.95017004,45899,49884,48877,679,893,849
1727849170,10191,11143,11093,103243264,125634048,124122912,380448048,521907712,677139968,15784.352516174316,21724.39956665039,22573.5167388916,435409491,514089253,491951953,64231.605,62458.062,62897.75,43.54539375700012,46.583343896399924,47.23147064980026,64.9176992,69.0235974,71.75042540000003,3.3508780580777793,3.5809597938333666,3.6478763030667083,8.3771714,8.733444650000004,8.994655300000002,17661541,14918223,14686921,23609000,26411471,25792969,39,50,49,0.3398606,0.3744299,0.3724421,0.5125,0.5235732,0.52853596,0.96932065,0.9709525,0.9658682,45917,48896,49888,435,514,503
1727935573,9545,11167,11121,212767296,219640360,147099648,604619576,681434912,598858056,16430.381637573242,22543.947006225586,22747.78530883789,700593244,891442799,709677843,61982.414,61594.863,61746.176,43.3316827666,47.887266613400016,47.19021501680014,64.60791405,70.68099515,69.6928061,3.3247078777222088,3.7059334156333357,3.6412052333333405,8.4260985,9.2508377,9.105599050000002,17433848,14715320,14702533,23302820,25833842,25542100,39,51,49,0.3216052,0.37780866,0.37343237,0.51492536,0.5323383,0.52227724,0.9445995,0.9589206,0.9721934,45916,49895,48889,700,891,709
1728022098,8454,11076,10135,217207024,141224448,153041408,637851376,460731504,600843264,17011.03483581543,23472.03662109375,23367.545692443848,693975913,510541285,434860030,62808.695,63947.223,63169.4,42.00580450699997,44.41633141340004,44.175520426199995,62.8638762,64.87438505000001,64.60783275,3.2280084085666347,3.420484422388889,3.3933215099444434,8.278566950000002,8.462706449999999,8.303843550000005,18025600,15374300,15554484,24099467,26518020,26860188,39,50,50,0.32226297,0.3610309,0.35941565,0.52,0.52487564,0.5235732,0.968885,0.9661265,0.97059023,43910,45990,45878,693,510,434
1751006504,11665,11162,11185,135843136,149408224,101014512,463887744,431429568,425458784,19582.76831817627,24590.925788879395,24445.553253173828,482342908,481971191,483020518,65212.035,63478.164,64131.12,38.351467306799876,44.08610912599998,44.11819477259998,55.36972625,64.8348579,64.6664054,2.9335743084110883,3.403305449111104,3.4127246151000095,7.294331550000002,8.434351050000002,8.469983650000005,19810346,17695631,17831428,26735457,93809338,94457850,38,51,51,0.29591513,0.34481403,0.34546015,0.4154229,0.48019803,0.505,0.980885,0.9843195,0.98755366,38930,44885,44863,482,481,497
1751092473,8766,11107,11129,249561088,163472792,179187456,639033232,580805048,621300224,19009.53018951416,24583.884071350098,24472.760780334473,654336737,694325125,764670391,64343.42,63895.05,63487.855,38.80692793760008,44.681658053800085,43.52856235680004,56.85563435,65.93338375,61.87386930000002,2.978337660922268,3.45778428201104,3.3516003831110712,7.518834400000005,8.690748550000002,8.430867350000002,19971231,17644842,16265713,26957954,93537574,86000093,39,51,50,0.3083227,0.3514797,0.3397089,0.46287128,0.51378447,0.51724136,0.9847098,0.9840762,0.983574,39881,45887,44877,654,694,764
1751179613,12457,12094,11152,247798720,124168928,126430208,646290216,454605312,390781480,19061.352851867676,23694.180786132812,24285.113220214844,701476634,577623253,552693595,63737.41,62840.195,62569.816,40.338791783199994,45.95836675320011,45.33351564060007,58.752176250000005,67.57672895,65.60939775000001,3.1179217445889473,3.5631101325999643,3.5160818949444073,7.809112950000002,8.793319800000006,8.654232100000003,18850186,17297933,15640857,25435226,91620606,82493132,39,51,51,0.32047614,0.36467946,0.35095143,0.49253732,0.5125,0.5110565,0.98434436,0.9870889,0.98486656,40891,46885,45925,701,577,552
1751266105,9672,11134,11132,263858816,98289432,119762432,686546576,635749888,553417728,19556.3475189209,24336.74363708496,24326.608558654785,708434258,370534774,395025522,64571.13,63997.0,64047.28,40.666930572,44.45347121739978,42.954853815600025,61.105277900000004,65.87141035000002,62.930086450000005,3.1764192244222347,3.4471965050111364,3.31257710094443,7.981189200000004,8.478769000000005,8.063554250000005,18798910,15918336,18256864,25374319,84268977,96829895,39,51,50,0.29972723,0.34552622,0.33380437,0.5012346,0.49253732,0.5,0.9852601,0.9831134,0.9845486,41937,45917,43869,708,392,395
1751348459,10161,11072,11173,153968640,161825688,172391136,524663040,500563936,574233624,19681.603942871094,24672.11225128174,24416.17056274414,619048632,634895136,740959739,65096.17,64144.555,64174.594,38.58910300720003,44.39828429819999,43.59558441919989,56.5774899,65.7975695,62.09077515,2.969042044455563,3.444374876755547,3.3868009171222293,7.549055900000002,8.617562600000001,8.528514350000005,19955681,17751138,17917891,26938473,93971887,94854656,39,52,51,0.29659826,0.3506272,0.3485275,0.43424317,0.49876544,0.5062344,0.9785929,0.98124754,0.9844317,39903,45887,44864,619,634,740
1751438541,10331,12125,11210,244542936,119960064,121694720,643355424,485996032,499810304,19015.42153930664,23546.564598083496,23639.42017364502,726257848,386416772,390080867,64627.086,63350.86,61980.016,40.233282368999916,44.825002194600025,46.84572041619992,61.50212545000001,65.6654604,69.72608515000002,3.121747535666685,3.4664959335110925,3.6358628349111948,7.85384715,8.513943050000002,8.899669250000002,19315299,17501198,16896454,26067907,92856205,89359780,39,52,49,0.30677584,0.3473414,0.3574652,0.47407407,0.5111663,0.5147059,0.9770705,0.987706,0.987192,40910,45883,47856,726,386,390
1751524659,9209,11145,11176,250920960,270852288,131696160,685752208,703387648,453671424,19603.151039123535,24363.06866455078,24595.489250183105,647034040,784518364,575606540,65815.25,63984.31,64444.29,37.76235616919991,43.91191217919995,43.67013451140008,55.08325490000001,64.51106925,63.24159035000002,2.8949825898444566,3.3949903051000145,3.3773904335444187,7.374325850000001,8.574483700000002,8.432733450000006,20142347,17934731,16244296,27184896,94922852,85897027,39,51,51,0.30263528,0.3466334,0.34973726,0.4552239,0.5125,0.5125,0.9640477,0.9862233,0.9843019,38903,44892,44883,647,784,575
1751612061,9769,12103,11181,262118208,136887296,155191392,727516128,513316352,536257424,19057.58129119873,23688.614837646484,23800.972686767578,732832544,393813797,695690716,64363.69,63028.08,63171.95,40.19357052039998,44.80866250999994,46.13868634400005,61.117569100000004,66.06480860000002,68.9602454,3.093107295688884,3.4774767740222736,3.5750781763333,7.916280950000001,8.586828450000013,8.9807055,19406252,17736324,17055688,26188469,93853125,90009816,38,52,52,0.31011635,0.35457087,0.36571026,0.46882793,0.5037037,0.53598017,0.9841072,0.9872858,0.98732567,40902,45891,46872,732,393,695
1751698384,12466,12102,11187,154388784,241516760,98391552,469845120,627347464,562698240,18975.00319671631,24483.773262023926,24471.157028198242,540220316,706734373,382750033,65008.598,63107.27,64708.918,39.85964176779998,44.388437361799916,43.95111404079981,61.47827855,64.23989675,65.32077315000001,3.069135738488887,3.432700833788877,3.378591179288873,7.752857450000003,8.643137399999999,8.342447050000002,19407058,15866117,17981094,26189921,84021354,95166581,39,50,51,0.30824926,0.35007855,0.34127995,0.4937656,0.5012531,0.5311721,0.9687583,0.985238,0.98540366,40888,44934,44866,540,706,397
1751785173,10386,11179,11138,169808576,229390800,120775680,530123896,559427184,506391552,19738.257415771484,24593.195541381836,23724.157722473145,600800189,642032193,369796312,64945.71,63787.965,63575.582,38.692060386399945,44.434042540399936,44.38494341419993,55.6574298,64.97860080000001,65.1380448,2.980785513055564,3.446960806488852,3.4457344821444513,7.4970759000000005,8.599961300000002,8.4708438,20183671,17768323,17936903,27239861,93979528,94987678,39,51,51,0.29591337,0.3477555,0.35627124,0.4075,0.5099502,0.5136476,0.96831286,0.9829874,0.9871967,39904,45880,44940,600,642,369
1751871574,10262,12120,11192,291713080,128320512,150156800,685788688,461053952,504319968,19682.028678894043,24515.380447387695,24546.24607849121,699965832,461901192,671371500,64140.457,62920.633,63373.152,38.92901721779984,45.219007287399876,44.2834732334001,55.99078455000001,66.77201355000001,65.1388922,2.9965048251555637,3.5101590176444146,3.4235002094221465,7.549602850000001,8.611124150000004,8.462620700000002,19504712,17241272,15977552,26320276,91291302,84634125,39,49,51,0.29559723,0.34972104,0.34657085,0.41336635,0.50877196,0.516129,0.96950084,0.98431075,0.98625684,39901,45856,44851,699,461,671
1751957724,11170,11047,11066,186252592,99384824,157438592,596433448,422386960,584306224,19017.625663757324,24527.801345825195,24311.642707824707,623381428,487442387,705308696,65146.055,64136.434,64116.883,38.23790843239995,43.010025528000064,43.26557673459984,56.92511005,62.600986600000006,64.10994775,2.94149552182224,3.3346361534000284,3.34085500874439,7.544190900000003,8.325240150000003,8.35597445,20251118,18310161,18194867,27329096,97004304,96123176,39,51,51,0.31588963,0.34524128,0.35275292,0.5062035,0.51,0.5062035,0.97535294,0.98464024,0.98531574,38905,43873,43863,623,498,705
1752044843,12309,12006,12008,282625352,148106368,124125168,757051840,410443072,572868608,19626.930374145508,24526.660484313965,24377.617881774902,688563059,571150555,335074096,63526.99,60611.33,62955.51,38.7800140985999,46.02765564439998,44.37667518280003,56.28504805000001,66.18936755,64.24048044999999,3.003246500166644,3.6251807683444426,3.441660226211128,7.471863050000002,8.820553800000006,8.416282700000004,19552042,16968471,15855634,26386012,90013241,83807420,38,51,51,0.31079698,0.34669238,0.35510397,0.4275,0.52955663,0.505,0.96546924,0.988465,0.9831407,39905,46882,45874,688,571,335
1752131000,8440,11142,11209,107594752,177589816,121732096,440528384,560916608,516061184,18930.24877166748,23790.515060424805,24576.309608459473,356732957,742440573,360360499,63986.31,61643.777,63208.54,38.443720386799924,45.93358825940009,43.989303283799906,57.5830994,68.88720025000005,64.91522960000002,2.9559206685777766,3.567815033422237,3.3956279269667258,7.3161034500000035,8.966160350000004,8.373776000000001,19708123,17295070,17791668,26597068,91705231,94065135,39,51,52,0.30617625,0.35686216,0.3468336,0.45137158,0.5210918,0.5111663,0.9680841,0.98635846,0.9866361,39898,46898,44866,356,742,360
1752217574,16595,11107,11105,116412536,98754240,139210752,391371776,604154880,473355264,19044.065200805664,24537.40460205078,24615.040267944336,367269084,331941774,395435427,64011.797,62435.47,63769.414,38.516403336399904,44.6693346607999,43.729686632600036,56.3822311,65.4368723,63.46532510000001,2.9634374050777708,3.4613062290444687,3.3750169955555727,7.333147350000001,8.648628400000002,8.346289700000002,19905122,15958463,18028348,26861665,84506208,95463017,39,51,51,0.3164201,0.3572186,0.3600218,0.48129675,0.52605456,0.5184275,0.96020734,0.9869401,0.98759156,39891,45896,44852,367,346,395
1752303711,9834,11046,11091,274156544,184627952,138028032,711969600,579884544,479378432,19689.746772766113,24595.46762084961,24618.56450653076,661682794,737011287,403773913,65524.99,64349.36,64060.383,37.61498533739999,44.14636406219997,43.3425009378,53.68088585000001,64.59127515,62.67193290000001,2.89579611946665,3.418843456555573,3.34373971082216,7.443846400000001,8.568381700000002,8.266787250000002,20180586,17687726,16226818,27241185,93620188,85815756,39,50,50,0.30355802,0.35438508,0.3475703,0.4691358,0.50247526,0.5062344,0.96010023,0.9868561,0.9875648,38892,44872,43885,661,737,403
1752389698,11341,12059,12174,244675072,100529056,107096384,670410752,647256064,597364736,18484.728439331055,22929.033058166504,22830.0931930542,685020497,456449576,303940096,61770.668,60827.887,60833.4,40.12297740220003,46.88225469060014,46.614642809200035,59.32108885,68.74369980000002,69.25167140000003,3.1044682112222186,3.6477169726444765,3.620250892666704,7.7698948500000045,8.907159350000002,8.83497215,19028998,16773984,17018637,25678617,88714157,90169509,39,51,51,0.32414663,0.3661745,0.35992485,0.4862843,0.5086849,0.5321782,0.9740126,0.98748267,0.98611045,40888,47863,47864,685,467,303
1752476334,8806,12093,11004,272063200,99339200,256785264,673905992,453944320,703343616,19018.54221343994,23709.126708984375,23710.632804870605,721016280,460176215,849851302,63552.023,62781.586,61020.29,39.85275360540008,45.11526956040003,46.86341059560011,59.98844020000001,67.34279885000004,69.3236908,3.0788750657110855,3.502944477611149,3.667511724299939,7.79645085,8.572803750000006,9.121781450000002,19600484,17432474,16832626,26448380,92122598,89110217,39,51,51,0.33093363,0.3587474,0.37177938,0.49257424,0.5147783,0.5282555,0.9840059,0.98648936,0.98522836,40896,45882,47861,721,471,849
1752562387,10304,11006,11122,86554944,101805056,123984384,582973952,395658560,456864256,19036.538108825684,23766.01670074463,24501.746116638184,403605033,553661047,549109862,63993.402,62271.562,63191.504,38.68676718320001,45.77668587999997,43.51619053299993,57.35157060000001,68.53815715000002,61.722722600000004,2.9892402494444363,3.559711930477787,3.3667593502888526,7.42717905,8.8200624,8.34973455,19945748,17355064,17956160,26918656,91825375,95005709,39,50,52,0.3111049,0.36742398,0.34546453,0.49748743,0.5049505,0.49257424,0.96384907,0.9871966,0.98395914,39903,46885,44868,409,564,549
1752648568,10041,11143,12071,264841664,133227520,101031312,668991488,598852608,543530384,19020.692153930664,23641.289169311523,23773.143730163574,715482270,307150046,536756419,63348.26,63174.996,63201.64,39.34296800940002,43.645397965200004,44.94065572940001,57.68662745,62.3847632,66.08614085,3.0372274534778034,3.374469184500016,3.478523225322258,7.608278900000002,8.268838050000005,8.625658950000002,19497568,16218259,15933073,26313193,85874569,84457445,39,51,49,0.31994247,0.3456976,0.36289033,0.47263682,0.51724136,0.5136476,0.97920763,0.9846273,0.9864855,39913,44897,45856,715,307,547
1752734779,11385,11112,11070,263248224,122957312,125774856,727023488,569108992,464462336,19160.040550231934,24381.666244506836,24628.6870803833,651996093,316865508,416945283,64099.96,63687.656,62875.227,38.722122004999946,43.655615209599944,44.049757657400015,56.9101487,63.6196933,63.79124035,2.9845054612444537,3.370497477655546,3.4109587607667096,7.535852650000005,8.2257699,8.38892165,19799677,17971735,17704800,26721785,95284065,93719164,39,51,52,0.3183874,0.34543565,0.35302466,0.49253732,0.5186104,0.519802,0.9641255,0.98641014,0.98615927,39895,44893,44865,651,316,416
1752821823,10005,11054,11144,144769888,143001088,122695168,484658096,533908992,469009920,19712.904899597168,24719.18647003174,24413.561012268066,458741310,681273768,437262700,64823.87,62705.777,63047.56,37.24659463140001,44.37728736960011,43.10730074219993,54.02802965,64.16581915000002,61.66697080000001,2.857186486411122,3.44570033450002,3.3235459868111064,7.166509000000002,8.588393250000001,8.151953950000001,20448596,17712294,18254688,27601644,93451417,96685577,38,51,51,0.3083705,0.35437253,0.34467524,0.4225,0.521197,0.5099502,0.9851059,0.9865331,0.98758566,37897,44898,43855,458,681,437
1752907469,12730,11035,11086,248072608,102554656,137038336,683671552,625046016,452333328,19011.67571258545,24495.01731109619,24618.556816101074,659944984,455285763,441851288,64442.08,63296.98,63238.88,38.29310256960001,43.28976023119991,43.98804185980005,56.81133580000001,62.87656835000001,64.8599916,2.950780527888903,3.3434909584222128,3.405709009544409,7.5018013,8.24818845,8.440556950000005,20039900,18216963,17830649,27045043,96528191,94309343,39,51,51,0.3217881,0.34514806,0.35748965,0.48395061,0.49627793,0.5247525,0.97648406,0.98345405,0.98806167,38894,43870,44868,659,467,441
1752995429,10029,11064,11148,160636928,130188992,229622272,512311360,397670416,700897584,19569.396514892578,25309.555656433105,24467.966423034668,589769874,519655777,711025055,63960.21,63788.363,63608.06,39.12957635339996,42.73751017439998,43.10998858600005,55.054602200000005,61.82349945000001,62.07675055000001,3.054284196133311,3.3019779594222105,3.3219075741111346,7.6418782499999995,8.179434,8.35458875,19560304,18345160,18208374,26403779,97119816,96208109,39,49,51,0.29770142,0.33814254,0.34854636,0.40547264,0.48507464,0.51237625,0.9744099,0.9851383,0.9854947,39890,43891,43858,589,519,711
1753082276,12792,11089,11063,140005472,146896336,123139904,408864648,433622096,590923264,19086.450828552246,24532.676315307617,24524.75786590576,401002131,608972474,295732336,64403.04,62836.082,62154.992,38.67226229940006,43.85984590560015,44.116340011600066,57.34596810000002,63.046000150000005,64.04710575000001,2.9883387521000158,3.399087969799969,3.4088637705555316,7.363107350000002,8.41173945,8.384075000000005,19889829,17798644,17755894,26845319,94196361,93796984,39,49,52,0.3147341,0.3453356,0.34166846,0.4937656,0.4739454,0.49379653,0.963357,0.9861829,0.98608595,39888,44874,44873,401,608,295
1753168244,12581,11071,11122,178612112,258286712,149222912,592710144,729489560,500827656,19045.428680419922,23949.904739379883,24579.427894592285,588508920,833038218,676734441,64377.848,61839.047,63548.297,38.22961394639989,46.498478533999986,43.53743416680003,55.496023,68.5007535,62.737255900000015,2.938706383366654,3.623899936966725,3.3810199775777665,7.376264050000004,9.11343915,8.380784850000001,20117671,15342930,17945787,27152979,81167137,94781589,39,51,50,0.310771,0.36649773,0.3438708,0.48877805,0.52605456,0.5062035,0.9769513,0.98408985,0.9842296,38931,47883,44872,588,833,676
1753254086,12311,11090,11069,226896104,99650624,149579664,654082968,695315456,497547776,19036.77507019043,24645.94019317627,24502.572494506836,613115707,363994376,670500645,64235.03,63202.08,63239.55,38.78608317579993,43.523775029800106,43.66971672239997,56.4385575,63.48188165000001,62.65148125,2.9912693678000077,3.3655535130444467,3.3812092949111214,7.615503900000004,8.262636000000002,8.467184050000004,19750696,18020285,18015431,26656898,95237090,95360956,39,50,51,0.319582,0.3466411,0.34366715,0.521197,0.5234568,0.475,0.96495074,0.9841635,0.9858137,39890,44881,44860,613,378,670
1753340855,11318,12144,12153,85845040,118884864,128663824,531463680,403884032,442429440,19072.419273376465,22910.751739501953,22936.042167663574,351710561,582984675,455712764,61735.785,61905.836,60780.465,42.49692533839989,49.56020933219987,49.21061812139994,60.697996450000005,72.66561990000002,71.0695115,3.2722799555333113,3.8474404975444596,3.8167945735222117,8.059865100000005,9.6128886,9.406992100000002,18149232,16066434,16204695,24482532,84905008,85619925,39,50,51,0.30361784,0.36059883,0.36671776,0.47848102,0.5282555,0.5112782,0.8988617,0.93925214,0.95016253,43908,50878,49869,357,582,455
1753427100,12987,11027,11112,258365912,118099968,121366528,737588520,454991360,580626432,19636.35019683838,25270.431922912598,24548.4603805542,665986537,468971670,339509567,65516.69,63639.945,63455.39,37.20877525180001,42.62657529080017,44.126057244799874,53.00740155000001,59.95677475,65.5424809,2.865088715122222,3.3026519850332527,3.404113176633287,7.334934450000005,8.09956125,8.427423750000006,20456903,18355730,17931228,27612564,96981224,94934669,39,51,51,0.30767164,0.32631755,0.35082522,0.47029704,0.5037221,0.495,0.9741378,0.9648819,0.98544097,37885,43889,44888,665,468,339
1753513238,10810,10968,11001,258092432,203801056,102050384,670338576,552917488,613836288,19120.320823669434,24683.04843902588,24509.71368408203,662946133,695533168,357710255,65202.54,63101.74,64092.164,38.20783493720004,43.19656340399998,43.869428316400004,56.1047043,61.79260295000002,65.48873904999999,2.949081479688894,3.3397644971999267,3.3948806553222033,7.514441650000002,8.270674650000002,8.345178550000002,19952862,18331278,18028296,26927589,96907462,95423890,39,50,51,0.316159,0.3500271,0.35578874,0.48507464,0.47890818,0.5207824,0.97576416,0.9868626,0.9860279,38874,43886,44870,662,695,372
1753599919,8455,11020,11105,185995856,137530368,136230400,642482400,478303744,562181632,19116.81707763672,24679.707000732422,24537.188758850098,637625917,400023927,335736148,63516.543,63259.445,63313.176,38.69042641239994,44.096575016799854,43.02135187040002,57.099998500000005,64.92143809999999,60.96477545000001,2.9793823751444,3.4070484709555284,3.323224580788893,7.517417000000002,8.39340245,8.084915550000005,20182668,17859546,18246656,27243060,94476742,96685551,39,51,51,0.31086668,0.35045335,0.34217972,0.5012407,0.51,0.48621553,0.95759183,0.9859623,0.9856556,39913,44893,43877,637,400,335
1753685926,9483,11036,11141,275245696,142319552,119742464,672921264,440085784,454922752,19722.804039001465,24624.566276550293,24352.805854797363,696460825,634069806,407289376,65304.547,64151.223,64173.01,37.592060745999866,43.81201454940005,43.29687429199979,54.502591249999995,64.0553781,62.90135720000001,2.887715594311115,3.3764000229333333,3.352018312866676,7.357504000000005,8.478881100000006,8.244739200000001,20277096,18047033,18205273,27371451,95437572,96282827,39,50,52,0.3143397,0.35450295,0.35091305,0.4950249,0.50374067,0.5012225,0.98340786,0.98542047,0.986167,38891,44890,43878,696,634,407
1753774021,12363,12058,11072,251066344,242288640,128994176,674436656,699774760,454118400,19025.563026428223,23968.011932373047,23713.65633392334,698206753,812233863,597280706,62468.37,62678.965,61835.582,41.0963127044,45.87799660699994,44.74140090580007,61.0064318,66.76958,65.76713885000001,3.212020325377831,3.561225208177735,3.467392724488885,7.970219950000002,8.888492600000005,8.60773655,18610162,17260376,17580871,25118345,91270737,93127758,39,51,51,0.32423785,0.3696787,0.35775787,0.51358026,0.5037221,0.5162095,0.9745181,0.98706037,0.98685396,41893,46885,45871,698,812,597
1753858482,10009,11069,11061,192398656,99964416,121869312,667417216,614439936,499874816,19716.004943847656,24432.44598388672,24329.24626159668,649278206,376150358,362974999,66016.79,64404.957,64627.51,37.15766234320006,43.33407906360002,42.47555883559984,54.71413040000001,64.18053715,61.0858177,2.8608322035444647,3.3540633893777407,3.2744024017110895,7.273912900000001,8.252307400000001,8.0014675,20199446,18173579,18572062,27266470,96223525,98342642,39,50,52,0.2886401,0.34619305,0.34537527,0.43316832,0.52487564,0.5136476,0.90226036,0.98582935,0.9833637,41573,43892,43867,649,386,362
1753945275,12389,11079,11156,132591616,129290752,150983168,481086976,429320128,497314168,18969.855613708496,24719.547821044922,24593.782669067383,295589314,440580896,637637699,64753.223,63491.504,63069.57,38.228628767799954,43.46116122039989,44.81523403520025,57.161766500000006,62.76359800000001,65.1967285,2.939012378755578,3.363284147088881,3.4683333810111305,7.261436250000001,8.249896350000002,8.5899261,20009695,18079136,15758369,27001859,95537526,83220688,39,50,50,0.3191006,0.34149486,0.36404437,0.48379052,0.51122195,0.51741296,0.97565585,0.98269445,0.98403144,38896,44896,45872,295,440,637
1754205236,10970,11092,11104,269802496,125933568,118695936,670120000,481282048,462328320,19059.89412689209,23760.367179870605,23746.57635498047,717476512,396107647,436305333,65555.19,62609.133,61746.305,38.58519462019987,44.90814364620014,46.06742548880004,57.94681270000001,66.34101525,66.38460655,2.970402113577774,3.4696790002889073,3.5877669872777807,7.5671501000000045,8.4760961,8.801661450000003,19889097,17692145,17172074,26841703,93776846,90723470,39,51,51,0.3263923,0.3589662,0.37040502,0.4925,0.52853596,0.5235732,0.97229755,0.98510444,0.9854919,39879,45880,46877,717,396,436
1754377687,8905,10984,11001,275214256,132989224,130239920,727421248,459737896,464558944,19718.708374023438,24514.81049346924,24602.50355529785,666358315,548562004,528788311,64467.01,63470.42,63689.68,37.958836589000065,42.62357008760023,43.18705903420004,54.655197,61.641851050000014,62.08891915,2.925604476700015,3.2885120560221983,3.335153963900014,7.3941761,8.186362,8.269379250000002,20038748,18234938,18115080,27049767,96417558,95914966,39,50,51,0.30516157,0.33885017,0.34196988,0.42713568,0.505,0.49131513,0.9779553,0.9852878,0.986448,38889,43887,43875,666,548,528
1754464563,10135,11132,12064,145109504,224443496,121448448,503678760,622200320,551079424,19017.124786376953,23659.249771118164,24620.435913085938,591410533,768087447,327451101,64004.098,62685.156,63091.426,38.781512522599954,45.25910483820001,44.25993149359992,57.88508325,66.7585335,65.05914555000001,3.003185108855564,3.517247152199986,3.433018768044398,7.573476400000002,8.774129400000005,8.470483900000001,19972850,17552798,15952407,26954782,92820766,84461591,39,50,52,0.32167825,0.36468002,0.35215673,0.46517414,0.4937656,0.52618456,0.9867125,0.98767716,0.9787616,39890,45873,45870,591,768,327
1754549537,11335,10945,11092,143584320,119366656,281343720,461102720,501282304,670878496,19079.41986846924,24481.757034301758,24235.423095703125,496389320,376708834,767795551,64909.027,64063.63,62724.54,37.29727610800004,42.778242773999956,43.259978656199955,54.8828536,62.066806250000006,62.36906100000001,2.8721473285888797,3.2966962696555764,3.3334724658444337,7.284032050000001,8.149496200000003,8.449608850000002,20525981,18424682,18204780,27702974,97524734,96302846,39,50,51,0.31516755,0.34275225,0.34954512,0.49379653,0.49004975,0.5,0.9787307,0.98615396,0.98630196,37889,43896,43868,496,376,767
1754636679,8563,11079,10971,288336640,123320448,125377024,756310016,418841472,459894272,19749.682189941406,24655.463066101074,24589.359077453613,701589063,467786822,424955917,65017.996,63562.273,64976.41,37.41712158799996,42.99501826559998,42.79411686539987,54.02359995000002,61.33485015000002,61.85906670000001,2.874359127377764,3.321122535255587,3.3052377075777764,7.288874550000001,8.126375800000002,8.182207550000001,20541859,18186285,18271616,27732387,96065677,96597661,39,50,51,0.303825,0.34186488,0.351628,0.4375,0.5,0.5110565,0.9649061,0.98676306,0.98836803,38888,43890,43864,701,467,424
1754722263,9658,13046,12116,256785952,245357056,124110336,660069888,705872048,465524736,18309.727172851562,22971.579307556152,22847.79689025879,774587015,851777532,424882630,61638.945,60520.844,60392.402,41.211912721800026,47.98877271059996,49.461449407999915,62.31496290000002,70.81055875000001,75.64275850000001,3.2001636821666644,3.738277904411111,3.8692732276999626,7.968763600000002,9.18537425,9.4953781,18552600,14762612,16012031,25030660,78057400,84622726,39,50,54,0.33819434,0.3656062,0.38635376,0.5124378,0.515,0.54228854,0.98685443,0.98827726,0.9846759,41918,48880,50887,774,851,424
1754809194,9483,11088,11157,266832576,167443584,141590016,664925184,537154512,465409536,19066.109954833984,24629.056701660156,24443.741523742676,733627475,705210854,411304709,64591.92,63669.367,63254.67,40.09154847760003,43.795646753599975,42.88912955199995,58.64886725000001,64.80569935,61.10721065000001,3.120530979944432,3.399270893633314,3.314236727688901,7.8936163000000015,8.4749643,8.1666217,19455630,17957396,18437915,26259584,94887045,97581020,39,50,51,0.31483927,0.3530967,0.33829686,0.5012407,0.5,0.47880298,0.9736799,0.9846798,0.9864088,40889,44894,43881,733,705,411
1754895791,12301,11155,11103,130609408,148391200,98052416,454627840,409640024,478235136,19042.850997924805,24428.50050354004,24403.892616271973,449383165,569887403,403924474,63851.688,62878.76,63385.81,38.89326053459993,43.555952287000025,43.536554611,57.1823252,63.797199,62.832530250000005,3.0084715480555535,3.3803894034555575,3.3595842265999765,7.46766555,8.282021000000002,8.347479,19948363,17992031,17939726,26923727,95133847,94891552,38,50,52,0.31212276,0.34460428,0.34369346,0.471464,0.5074257,0.4938575,0.968466,0.9846176,0.9837074,39889,44887,44867,449,569,425
1754981348,9623,12067,12078,135673376,101784128,123728384,414748520,661734912,484610048,19101.35358428955,23607.66436767578,23727.448448181152,394498582,440678213,432462765,63770.47,60147.64,60961.023,38.99078568759989,45.49330282280007,45.15471934399992,58.67690835,65.48637685,65.28655200000001,2.9959470000111046,3.526828092144421,3.5205237963666707,7.462318750000003,8.58672295,8.6053268,19802085,17392534,17306817,26722170,91804183,91606656,39,50,50,0.31668213,0.34675887,0.3477887,0.50374067,0.4827586,0.5074627,0.98015976,0.9846405,0.98730165,39902,46911,45881,394,458,432
1755067760,9718,11051,11178,240132464,198181568,97640400,693344576,574073480,543485440,19074.42032623291,24613.275886535645,23687.284965515137,660277622,733655695,433080272,63948.137,62898.652,62867.555,39.81993481420005,43.86837098920001,45.65128895500005,58.900602300000024,62.470077249999996,67.7433627,3.076596535688858,3.3932921250667185,3.551488671177733,7.8511663,8.471405050000003,8.810390300000002,19628902,18035471,17313401,26493830,95325280,91564728,39,49,51,0.32836804,0.3452788,0.36749688,0.4950249,0.5074627,0.52487564,0.9742036,0.98557085,0.9847722,40895,44887,46882,660,733,443
1755154295,10025,11049,11070,252785152,120103424,122114560,637372416,530717696,507804160,19000.38745880127,24457.19403076172,23530.608085632324,660944234,329153227,339175574,63892.53,63631.195,63922.363,37.902071928800055,43.04268029960003,44.54364238759991,54.52379110000002,61.97889825,65.00654410000003,2.926097295077755,3.3400454088444653,3.4457966139666825,7.407572750000001,8.212384300000002,8.536487150000001,20113206,18173748,17887389,27149035,96160177,94607320,39,50,51,0.31155255,0.3433121,0.36230245,0.4430693,0.5037221,0.51378447,0.97151524,0.9853895,0.98521507,38878,43887,45872,660,329,339
1755240743,10006,12056,11154,268052744,129043888,253440240,705688064,388025448,704569344,18970.624320983887,23890.212661743164,23513.76873779297,717343155,588477073,845848469,62576.97,58481.92,61089.547,41.37974759779991,48.85380681460015,47.09533090039994,62.8480139,69.41108995,69.49357045,3.221521506055577,3.8515854651221755,3.6686930112110847,8.142431050000003,9.320926550000001,9.0579958,18453691,16224560,16751970,24892422,85814967,88510016,39,51,51,0.33476353,0.35557655,0.37225384,0.5148515,0.5234568,0.5137157,0.9820085,0.9874247,0.98747104,41973,49903,47858,717,588,845
1755327491,9967,11000,11061,106125824,151953720,100369688,453898240,484252160,697955328,19567.091369628906,24712.745727539062,24567.60740661621,271080915,640655405,385477097,66147.66,64464.344,65612.66,36.57186433639988,41.99107492859994,42.16366577899999,52.25717885,59.617451450000004,61.382220150000016,2.802438259333322,3.239827069344416,3.259913616522239,7.002596050000001,8.081697750000002,7.984610050000001,21316001,18587148,16631896,28776665,98551077,87903271,39,51,52,0.30216593,0.34247833,0.34465504,0.42857143,0.48019803,0.5137157,0.97535455,0.9867671,0.9871217,37875,42876,42856,271,640,399
1755414633,9796,13114,12104,83391744,236395008,121558528,524240896,601109808,493286912,17847.65325164795,22159.59324645996,22065.580123901367,410253778,751730245,477142091,60034.473,59781.098,61759.82,43.58927331339994,49.826588605599966,49.3491762034001,66.95831005000001,74.18094275000001,75.4544455,3.3856286519888807,3.8937134339333324,3.846689045000001,8.324801200000001,9.67799490000001,9.466233800000003,17717631,14246829,14474314,23894926,75372106,76411885,39,52,52,0.34938058,0.39388135,0.3838604,0.5124378,0.5346535,0.53846157,0.9857985,0.9876096,0.9821533,44918,50905,50875,416,751,477
1755501263,10119,11992,12040,85544128,236599808,103948784,501254144,699352128,737361920,19038.0057220459,23891.686325073242,23688.62841796875,329794237,794665368,572229226,63426.188,61054.18,61597.96,39.30867349959999,46.568632726600065,46.63435467040015,60.212662200000004,68.47234,69.67488145,3.0309166310000175,3.6025851436222465,3.6172249036222213,7.544726000000001,9.0412399,8.881010450000002,19744037,17032152,16752880,26639563,90274047,88367140,39,51,50,0.32126284,0.3642853,0.36842,0.50247526,0.5286783,0.515,0.9800671,0.9849777,0.9866152,39916,47904,47866,336,794,589
1755586192,10084,10935,11028,110405608,268224512,124115784,667012064,703721984,614691840,19669.451110839844,24670.864067077637,24485.500030517578,718764602,793821719,262695703,65452.71,64084.316,64978.312,37.278388652,43.043516702200044,42.721376018200054,53.21811640000001,63.128474000000004,62.549606100000005,2.877556071555542,3.3437018734889383,3.303583679166693,7.296072400000005,8.40178225,8.1313155,20741229,18282789,18456270,27998802,96673877,97651490,38,51,51,0.30714163,0.34682617,0.34737065,0.41102758,0.51741296,0.51,0.9776292,0.9857999,0.9864635,37889,43907,43868,729,793,262
1755672499,10353,11075,11079,116321360,265529664,105573120,389311600,735377912,407267328,19586.788200378418,24671.60944366455,24576.911949157715,378269918,781549203,562027284,65681.69,63286.484,63354.195,36.92265747400001,44.10513310080002,44.65650584500015,52.549609450000005,63.93677075,64.44884145,2.836794939133385,3.422984037644473,3.460650195811108,7.014015600000005,8.624772750000002,8.5679354,20565692,17884526,17520116,27755148,94601908,92830478,39,50,52,0.3116968,0.36222863,0.35603592,0.44416875,0.52369076,0.52369076,0.9826953,0.9864671,0.967026,37890,44890,45869,378,781,573
1755759729,10223,10995,11136,146937856,255477064,194660864,475763712,725076920,619939360,19588.17958831787,24441.08578491211,23757.632583618164,497157415,758345515,722361089,64993.902,63506.797,63625.023,37.190643691799984,43.55256137500009,44.04702309099994,53.600044150000016,62.24073170000001,64.02437485,2.8537361246999917,3.375352452822168,3.4269525307444515,7.12801535,8.498165450000002,8.636146,20342695,16149560,18030856,27459956,85320164,95477687,39,50,50,0.30357093,0.3481755,0.3630655,0.4321608,0.50617284,0.51492536,0.96915996,0.98285574,0.9868732,37896,44890,44871,497,758,722
1755845674,8605,11064,11135,268488208,238478000,185310136,685048144,634572160,535615168,19618.168663024902,24598.31768798828,23753.121696472168,671669758,797460858,686024608,65901.04,63693.684,64224.566,37.44690317359987,43.29383764500006,44.59615999959984,54.001057750000015,64.09781595000004,65.7477363,2.889217937288881,3.3467139524778022,3.4643411577999768,7.337513300000003,8.465550700000003,8.743533350000002,20365708,18192805,16059293,27491370,96167429,84882331,39,51,51,0.30828205,0.3506032,0.36523366,0.40897757,0.5186104,0.52853596,0.98005724,0.9855415,0.98557705,38884,43884,45870,671,797,686
1755931767,8655,11053,11102,113389552,153674240,121574912,417825840,514601512,567747072,19682.47144317627,24673.065948486328,24528.878845214844,326837723,671476973,325728029,65152.438,62978.207,63640.773,37.757513501800005,44.02016232140012,43.14497103959995,55.34290535,64.72290685,63.11594675,2.9006081145999936,3.400493028455518,3.3317891888555833,7.254295300000001,8.5080723,8.17865795,20113365,17823846,16232698,27148189,94189195,85887230,39,50,52,0.30310494,0.34964484,0.34837145,0.47761193,0.51237625,0.51741296,0.964577,0.98556155,0.98532575,38901,44910,43865,326,671,325
1756018859,12470,12025,12008,168603968,124393472,134738128,580211296,487783424,448624640,18940.928413391113,23887.576484680176,23692.430221557617,592932446,365168951,443098466,64080.934,61959.43,62930.875,38.369415252999985,45.031781144199925,44.666638186400064,56.09914915,65.42319175,65.44209505000002,2.9656197080666673,3.5007438246110447,3.4644525155889134,7.394530200000002,8.556542000000002,8.439510100000005,20189067,17494602,17787597,27249016,92589555,94065872,38,50,50,0.31406236,0.35927308,0.3525293,0.43672457,0.49379653,0.49257424,0.9787802,0.98642004,0.9857423,38909,45892,45867,592,365,443
1756105173,12777,12059,11059,209365280,129323728,102210080,644921888,395754608,395697664,19043.451278686523,24463.195838928223,24558.663459777832,622201560,490215961,489845888,64346.69,63192.504,63401.06,38.373340587000044,43.6990228523999,43.45240589119984,56.258351850000004,64.30052465,61.88482615000001,2.9553122331999746,3.385908791688834,3.3669407086555023,7.491674650000001,8.381702400000002,8.3342267,19935627,17975729,18123710,26910858,95179643,95936939,39,51,52,0.31987482,0.34780028,0.3477883,0.50374067,0.5187032,0.5,0.97522616,0.9849255,0.9837257,38928,44899,44877,622,490,501
1756191639,9587,11076,11081,287562784,137217120,119208960,729474984,406732800,504967680,19691.27466583252,24781.13035583496,24657.96565246582,670406551,533202543,374921027,64813.855,62424.586,63249.727,38.05339668279996,44.187667460600075,44.23673874619995,54.1952118,63.58288555000001,65.1620712,2.944584975977784,3.4368177130111146,3.4324194061444264,7.463205150000002,8.541418100000005,8.374507500000016,19978646,17686089,15981269,26966239,93664832,84496964,39,51,50,0.30884424,0.35109377,0.35404086,0.42326733,0.5124378,0.518797,0.97186345,0.98732,0.9855357,38891,44897,44867,670,533,374
1756277234,12697,11995,12070,133157552,168490480,126876160,404604416,595502056,516617728,19138.511322021484,24549.999137878418,24519.622512817383,437938517,702605356,358169468,63796.92,62793.28,62867.367,39.9497111496,43.895963004199906,44.447007754999746,57.64825525000001,64.12346295000002,64.4187828,3.128457898366643,3.399894031055627,3.440662876222225,7.66333805,8.512501200000003,8.421929000000006,19177834,17902829,17580977,25888081,94743393,93089129,39,50,51,0.30923796,0.3443312,0.34967202,0.5,0.46898264,0.52605456,0.97017473,0.98521334,0.9824943,40886,44903,45884,437,702,358
1756363105,9679,11058,11083,275077120,269865376,120833024,718104768,755659280,482292224,19713.485557556152,24739.621185302734,24457.515350341797,651443726,806347340,452369912,64829.633,63531.586,64017.39,37.37296847660001,43.77121638360011,43.16203093600007,54.13816175,62.800812150000006,61.80151915000001,2.873379686866676,3.399571316455595,3.335022480677848,7.320122300000003,8.469417650000002,8.162427000000003,20735754,16085200,18192527,27990348,85281423,96407360,39,50,52,0.30540648,0.34765983,0.34100628,0.37406483,0.4862843,0.48138958,0.98212564,0.98517424,0.97794265,37911,44880,43862,651,806,452
1756449842,9909,12012,11068,159385632,140751872,198131040,466485760,411668992,585945184,19799.572982788086,24656.08698272705,22917.977767944336,580924385,488829586,770254353,64122.26,62999.1,63014.992,38.666931001799995,44.17047597200004,45.67925451639998,56.21745205,63.26162840000001,67.73308640000003,2.9782018691444447,3.429463481511103,3.5532143837222248,7.533962900000002,8.519580300000003,8.90209005,19757162,17706229,17404976,26667360,93656888,92085047,39,51,51,0.31695616,0.3562941,0.3746175,0.4529703,0.5186104,0.5321782,0.9734403,0.98767316,0.9867321,39897,44917,46867,580,488,770
1756535758,9685,11154,11056,88225288,195491768,122600448,380567880,562036736,518404096,19662.50922393799,24687.77052307129,24508.624969482422,362396430,767854857,342892941,64764.617,62839.082,63539.383,38.0900457788,44.625430895999976,43.74123909139998,55.518747700000006,65.86411495,63.63705850000001,2.9328604784666727,3.4650742995111,3.3880618323777707,7.3040896,8.618168200000005,8.242892700000002,19976261,17552944,17888134,26960691,92998172,94606085,38,51,51,0.31106985,0.35352743,0.34410775,0.5160494,0.5087282,0.5086849,0.9735381,0.9855487,0.9877406,38908,45897,44872,367,767,342
1756622850,8875,12060,11100,256757368,272896648,119042560,667728896,726817760,511589888,19001.82684326172,23644.284225463867,24512.90258026123,659928808,799817710,340326397,63406.54,62627.285,62791.805,39.293763312000046,45.70536067559993,43.722165929000134,59.0014959,68.21831855,63.27350005,3.036382925455574,3.548101793077788,3.3931460126110777,7.689932050000004,8.927921150000005,8.365603100000001,19782223,17243872,17838657,26698863,91146218,94386754,39,50,53,0.31985158,0.36158508,0.34560704,0.4950249,0.51,0.49876544,0.9776448,0.9857121,0.9867807,39892,46886,44856,659,799,340
1756709918,11397,12056,12061,122855680,144525296,151071104,426904352,508254048,431248896,19012.366592407227,23781.61141204834,23701.11782836914,326087135,655862366,490248165,63681.027,61723.984,61889.156,39.21342625080003,46.11629091979994,45.75562877659992,58.4562575,67.9259023,66.76960340000001,3.031635107855498,3.585248225755639,3.561316364755575,7.405575000000001,8.83325215,8.767693150000001,19684607,17142345,17316580,26562266,90733443,91584425,39,50,51,0.31763044,0.36683187,0.3643357,0.50124687,0.5075,0.52369076,0.98014766,0.9879068,0.9876448,39879,46884,46878,326,655,490
1756795768,12145,12043,11044,180257792,246293720,139550896,559076856,750608704,520207616,19008.2400970459,23934.304801940918,24569.15552520752,633220965,775207677,639647428,63475.61,62275.316,62947.816,38.68833893939999,45.25147089199997,44.93304392340016,55.1252531,67.03556095000002,65.80687485000001,2.9925689218666527,3.5168339100999737,3.4967921031888825,7.4567068,8.802492550000006,8.733524400000004,19810350,15698031,15647156,26740307,83169430,82949668,39,51,51,0.3188897,0.3616748,0.3609608,0.44527364,0.52238804,0.5075,0.985282,0.98871595,0.98579884,39922,45863,45869,633,775,639
1756881698,10243,11028,11101,288356648,126680080,102223008,754088152,447456720,662162592,19644.155235290527,24773.531044006348,24606.519325256348,708096181,420176198,462620501,65015.992,64122.18,64052.562,37.85616377959999,42.94484954219994,43.22818883339993,55.381106,62.067070400000006,62.65728475,2.9073843525222123,3.315754578399961,3.3453536849555805,7.393668300000002,8.191355300000001,8.288944600000002,20145835,18265985,18255634,27191302,96697679,96769024,39,51,51,0.31320685,0.34385228,0.34458444,0.471464,0.51,0.50374067,0.9803809,0.98693144,0.9848796,38874,43885,43862,708,420,477
1756968065,10414,11953,11984,123552744,248094520,121013760,749197520,723841368,473466880,19630.21509552002,23797.99476623535,23690.37075805664,697941650,783049803,407081810,63409.938,62356.957,62555.668,39.07614722139987,45.53541794099981,44.74600153440011,57.79824690000001,66.56541115,65.3353106,3.0209041517000186,3.528570253555599,3.485505805344453,7.634574850000003,8.775183300000002,8.505079450000002,19466122,17386557,17641160,26270042,92042592,93180065,39,50,52,0.31694528,0.35808808,0.35448864,0.50247526,0.48129675,0.5074627,0.97248983,0.98387915,0.9880909,39892,46899,45879,705,783,407
1757054827,11311,12031,11114,243199376,259467264,123116544,722514656,723696992,488359424,19093.53941345215,24742.735160827637,23684.53466796875,685698265,801318212,408561377,64057.383,62303.52,61465.66,39.01544580519994,44.71905682280003,46.058340002400065,57.118923300000006,64.35781565000002,67.37182215,3.024081715188883,3.46999742804444,3.593728175566652,7.6308802,8.75294965,8.852459100000003,19829349,17555336,15494079,26762648,92908119,81740421,39,51,51,0.32588005,0.35662603,0.36918256,0.51111114,0.53,0.535,0.97027934,0.9846986,0.9873443,39887,45872,46880,685,801,408
1757140793,9365,11089,11164,115968512,261234768,119919456,453691392,724314880,414638432,18986.94048309326,24659.896797180176,24330.528831481934,291179326,797582167,505771669,64713.37,62837.547,63562.574,38.31912629660019,44.410850083,44.058986286000035,56.884341500000005,64.6726689,65.001462,2.9548475994888808,3.448264278955536,3.4044012096333724,7.384202300000002,8.676385950000002,8.425801350000002,20272949,17644629,17774702,27363274,93446873,93967587,39,51,50,0.31925812,0.34983033,0.35710967,0.4764268,0.5124378,0.5087282,0.9849977,0.98118144,0.9867304,38888,45876,44877,291,797,505
1757227645,8630,11096,11132,277048832,264148864,266467936,727540448,724299680,740165008,19691.05475616455,24511.780151367188,24613.279289245605,693554815,829364595,804916612,64465.26,63099.18,63268.766,39.336548999199955,44.3571825284,44.918419228000005,56.08770475000001,64.63104215,65.03271115000001,3.0708797108555506,3.4530598282999994,3.496514661422233,7.6941163,8.689616750000006,8.80762095,19616150,15966042,17554509,26481337,84656639,92868063,39,50,49,0.3136129,0.35953474,0.36339778,0.50124687,0.5087282,0.5225,0.9790039,0.98717,0.9855523,39904,44889,45858,693,829,804
1757314602,10700,11980,11101,162167848,273022496,144309888,574158848,703958528,446189392,18969.47930908203,24679.130096435547,24534.705696105957,587486619,758820755,457838583,64471.906,64483.6,64199.24,38.51434371680006,43.70173276839993,42.2741204602,57.075884800000004,62.80479905000001,61.13932945000001,2.971458711444415,3.37419465073334,3.259204367133334,7.50084785,8.526875500000001,8.031863700000004,19970044,18040272,18699000,26954140,95737597,99112776,39,50,51,0.32230836,0.35118744,0.33899394,0.5,0.52130324,0.51970446,0.98377335,0.9859626,0.9845619,39889,44869,42869,587,758,457
1757400318,10284,11018,11035,271026704,139389888,125186560,670845440,446819136,388619136,18920.286338806152,24633.00949859619,24607.800247192383,682450333,574894284,539276884,65023.785,63712.113,63397.562,38.1876513658001,43.252041445000025,43.67011271759992,56.48965710000001,61.949279600000004,62.588985850000014,2.9457216025333404,3.340191863577795,3.3843489995777722,7.534684850000001,8.168834950000003,8.431275699999999,20141538,16221305,18050583,27184621,85824832,95468727,39,50,52,0.32029977,0.34594908,0.35000825,0.46534654,0.5099502,0.5086849,0.9760359,0.98605746,0.9843384,38887,43880,44865,682,574,539
1757487214,13133,11006,11165,123027456,230373888,101310656,433602560,591441408,582119936,18978.072410583496,23830.46508026123,24338.75617980957,492143620,797696702,350358123,64177.746,60947.824,63403.0,38.87473145839994,47.89571174759986,43.51127541140002,57.05025235,70.72300775000001,62.70954900000001,3.001709033444449,3.7475651868555313,3.3690735706111514,7.479305,9.236660800000003,8.23278965,19667087,16501165,17946158,26540251,87161404,95199433,39,50,52,0.32124737,0.37345624,0.33925638,0.4875,0.52970296,0.48762375,0.9688958,0.98736167,0.98408604,39897,48897,44869,492,797,366
1757573632,9721,12085,11061,251417424,266237216,120215552,686760232,725432832,496288768,18989.634620666504,24545.508911132812,24651.417350769043,666663435,776465229,373713853,63339.93,62925.023,63666.832,38.875133729199945,43.87109074240013,43.3015785268001,57.214443550000006,63.85407560000001,63.0685616,3.0046754086222243,3.388391270366627,3.3528943640444564,7.636999950000001,8.432572400000002,8.179442300000002,20069849,17844650,18033854,27087034,94447504,95552398,39,50,51,0.3119846,0.34465736,0.3385128,0.4552239,0.5124378,0.4950495,0.9633339,0.9848457,0.9858009,39884,44874,43870,666,776,373
1757661123,10473,12042,12056,114062776,168571360,121539584,423882016,580834816,472908800,19612.8849029541,24706.973342895508,24563.274589538574,552738599,749427341,384429450,64336.2,63065.062,62542.383,38.07623646319999,44.589084907199975,45.09525126140008,54.57290555000001,63.8147964,66.75998495,2.9291704477666936,3.455128971866664,3.4940578659555714,7.253916550000003,8.556730800000004,8.493606000000002,20005091,15744782,15553583,26994637,83318609,82181138,39,50,51,0.31710014,0.35166726,0.35967484,0.45905706,0.5099502,0.5185185,0.9846838,0.9858025,0.98772484,38890,45889,45873,552,749,384
1757745837,9077,11132,11028,223382528,152635392,100035384,664423648,514476544,437537280,19637.337364196777,24724.134735107422,24585.13999938965,601900100,687871087,480986002,64490.004,63283.758,63113.844,38.11236116180004,44.574715799000145,44.28122707439999,54.932216500000024,64.79225100000001,64.14526425000001,2.937904559144474,3.472070462066593,3.442210733788854,7.489285000000001,8.614503800000001,8.514245950000001,20108675,15869858,17825330,27140027,83844184,94380063,39,51,51,0.30656046,0.3567011,0.35926905,0.48387095,0.516129,0.5111663,0.97378856,0.9844688,0.9866207,38892,45885,44859,601,687,496
1757832814,8658,10960,11039,112216688,165848744,102071872,423345776,461551936,419325464,19041.299270629883,25558.480758666992,24551.286109924316,346040920,653609671,483033007,64865.94,64569.414,64149.227,37.89735133059999,41.93043131520016,43.029980741799896,56.442625,58.36485650000001,62.07003670000002,2.9183459870222084,3.230640506366653,3.3266949425222565,7.298757800000006,8.16862415,8.173702100000003,20351433,18633259,18333747,27465410,98357024,96975995,39,51,51,0.31894374,0.33513132,0.34960097,0.48756218,0.46039605,0.49253732,0.98299307,0.9838618,0.9852736,38893,42886,43875,346,653,493
1757919708,12894,11055,12170,123139264,133625904,130936976,743761776,464617984,391764480,19009.834350585938,24683.09146118164,23628.028495788574,713368815,626600286,557372042,62826.086,61959.71,62862.996,39.75791976519992,45.97392201960011,44.370264056200014,60.28061945,67.75145450000001,65.47056260000001,3.065860481711098,3.5675940968110758,3.4390577430000393,7.7077320500000015,8.710346950000002,8.549486700000001,19073453,17043880,15929291,25737699,90029488,84294754,39,50,51,0.31997982,0.36240336,0.3518638,0.48507464,0.5187032,0.50247526,0.9652817,0.98581636,0.98638725,40913,46885,44916,724,626,557
1758006023,9709,11036,11034,136282624,202727360,154623992,478781440,554550944,495413872,19677.07974243164,24638.821434020996,24296.46755218506,354471750,662016639,653695799,65114.38,64190.125,64489.1,37.027924929600154,42.569612429399896,42.60434280319993,53.44831955000001,60.29980165,61.069357950000004,2.842247032499993,3.2847927695111476,3.2924949219111057,7.02817615000001,8.185191250000006,8.1409452,20523576,16534223,16431487,27697607,87342165,87128582,39,50,51,0.30801347,0.34006408,0.34410402,0.4154229,0.47263682,0.48621553,0.985207,0.98434407,0.9865398,37892,43901,43857,354,662,653
1758091784,9724,10870,11047,144466432,130176000,122944224,472950688,397754880,507055104,19691.72812652588,24618.156448364258,25122.779167175293,430418501,491685550,344461366,65984.1,64449.94,64169.516,37.249125171799996,42.24195106579988,42.215038274600005,55.76476595000001,60.112459550000004,60.015281800000004,2.866164829877822,3.254043265333319,3.2664516358666473,7.260205350000004,8.045178300000005,8.113686800000002,20316476,18805731,18487920,27421792,99381786,97976996,39,51,52,0.31627113,0.3435144,0.33905187,0.4775,0.4739454,0.46401986,0.98367804,0.98631424,0.98454314,37883,42897,42871,430,491,344
1760603099,9790,12036,12015,147911680,148460544,121653760,469597664,511193424,515729920,19298.35492706299,23917.89771270752,24219.31243133545,524760005,734479256,382735177,63339.96,61551.668,63195.1,44.048947630600004,47.1016924933999,46.25119333260011,63.67641705,69.18697945000001,68.3530161,3.4494593345666926,3.6463422854999745,3.5922764743000197,8.388741750000005,9.052701250000002,8.878952650000002,17716661,15024920,15302169,23904561,79479722,81003152,39,51,50,0.368665,0.36654723,0.36310503,0.4563591,0.5137157,0.5186104,0.97796303,0.98626995,0.9876316,44946,47912,46906,524,734,382
1760685479,8825,12022,11126,260887488,202196992,244378728,755040768,536467456,685016928,19938.51692199707,24801.39256286621,24752.408615112305,757084560,671891810,759659118,64009.598,63566.473,63183.215,41.948968032999915,43.398473295399924,43.246666658,59.83581645,63.293078600000015,61.8215056,3.2624253974333643,3.3669748223555165,3.345554616133323,8.103625600000004,8.448161350000001,8.428990450000004,18038703,18135840,18220623,24347201,96126975,96423485,39,50,50,0.35939193,0.35033828,0.34654853,0.455,0.5162095,0.485,0.97193605,0.98584676,0.9842517,42932,43950,43905,757,671,759
1760770961,11340,11198,12146,203055296,131636880,132195808,636803552,393769472,469155776,19369.2954788208,24126.974281311035,24206.49627685547,707964635,569235539,606109222,66608.055,68387.69,67665.63,46.27189127440001,46.93151998240005,47.60068337839997,67.94550985000002,66.754098,68.25834325,3.6498252968888782,3.6645062547222342,3.712775291677735,8.847861000000004,8.883963050000002,9.0841412,16738835,15180500,16589335,22573011,79635500,87158874,39,51,51,0.3540087,0.34003544,0.34641394,0.44278607,0.46401986,0.50248754,0.9859117,0.98621726,0.9855457,46904,47915,48912,707,569,606
1760857811,8926,11174,12119,283085048,126392848,123342336,739131448,400041984,575763968,19955.814002990723,23938.23760986328,24109.33544921875,704216619,503690000,337230657,68407.17,67806.0,67289.83,43.61605865479994,46.74493160740001,45.56775828740008,59.859681800000004,67.2790489,62.433599450000024,3.408080214633334,3.6478703373111236,3.5470209277222184,8.30975245,8.9835919,8.562268350000004,17515562,15325741,17389428,23634930,80464592,91371148,39,51,50,0.34510893,0.3427418,0.32739326,0.4353234,0.4938575,0.4552239,0.9673793,0.98547566,0.98493934,44940,47926,46905,704,503,337
1761030087,9240,11159,11082,273382304,141372080,267609672,689331024,460995584,721741536,19916.189903259277,24974.59507751465,24893.474769592285,682431592,630837610,757615718,63702.617,61337.465,62820.67,41.28098242040001,46.2650117730001,44.05648696439998,57.54425615,66.10328670000001,64.9865972,3.199616797188898,3.602881563788911,3.4075765722889524,7.8869153,8.80178295,8.591048400000009,18706494,16914582,17786464,25245898,89318214,93943731,38,49,51,0.35664245,0.3509676,0.34980056,0.45273632,0.49379653,0.49004975,0.978817,0.9852405,0.9866114,41912,46928,44923,682,630,757
1761117795,9181,12044,12064,272845320,190483536,250818048,757150432,561430656,722383360,19840.447357177734,24167.370399475098,24155.061904907227,734636168,788483347,805145050,62100.38,61427.188,61578.168,43.61162394979992,47.23959616219989,46.56953242139996,62.642709,69.65483030000001,68.5294095,3.399066040277765,3.6742422059555326,3.624893950133366,8.377900900000002,9.220645000000001,9.087449600000003,17629286,15177272,17018174,23785688,80247919,89918950,39,51,50,0.354405,0.3663946,0.35827035,0.460199,0.505,0.5199005,0.9656667,0.9863111,0.98569405,44951,47883,47900,734,788,805
1761203191,14847,12158,12086,267593728,144210936,261065248,671015936,507700728,719469592,19255.4239654541,23268.817764282227,23360.45600128174,782825643,745586437,845109270,60485.156,60687.02,59676.93,44.92552426200004,49.24177254739991,50.09010756360021,64.28220895000001,74.42298355000001,75.86284745,3.515669868144398,3.8488359259666667,3.9272601952333597,8.572920950000002,9.46853105,9.70519475,16998517,16067124,15374633,22929920,84979729,81213593,39,51,52,0.377285,0.38486165,0.38913345,0.47381547,0.5273632,0.54477614,0.97396463,0.988484,0.9874533,46020,49934,50925,782,745,845
1761289633,9543,12103,11089,113648064,255153152,162415616,416897488,719167968,511090976,19919.91790008545,24891.556510925293,25071.94004058838,375733764,809046852,695063991,64258.246,62383.992,63455.57,42.40422331459999,44.720779006599855,44.46301615819998,60.29820825,62.88661890000001,64.6360882,3.302231140011068,3.475950522177736,3.43840329882219,8.006691000000002,8.662425350000003,8.55899085,17746637,17581398,17755472,23949104,92892799,94034504,39,51,50,0.37035483,0.3500417,0.34862617,0.465,0.460199,0.5112782,0.9825763,0.9854098,0.9836054,42940,45922,45895,375,809,695
1761375500,10994,12065,11102,279188064,259101664,259832912,754839256,724288288,724545024,19846.876556396484,24916.219009399414,25014.408767700195,733342125,778779036,771321077,63985.406,62676.465,63280.16,41.688736014200224,44.0259627577999,44.91858169340008,59.149245699999994,62.945646250000024,64.60923975,3.2281986478111055,3.4162088542111166,3.4945093046444384,7.988066000000004,8.625714649999999,8.821965700000002,18168003,17714827,17445329,24517067,93645464,92318088,39,51,50,0.3514122,0.35367048,0.360127,0.4516129,0.47630924,0.5173267,0.9654997,0.98536396,0.9843374,42920,44903,45894,733,778,771
1761462619,8635,12076,11160,262613096,143674624,169744256,737122448,442041856,571933616,20009.195281982422,24107.33979034424,24050.809509277344,729204215,654654006,727594022,63898.43,62633.074,62200.28,43.238891413999966,45.85243514899999,46.4211975698,61.69186225,68.6173141,67.95973535,3.364432155055574,3.566525575944421,3.6240460609444662,8.31259725,8.945160400000002,9.010440500000001,17700065,17252389,17086050,23882223,91263920,90176649,39,51,50,0.3684914,0.36500856,0.3624786,0.4565757,0.5346535,0.5186104,0.98563915,0.9855736,0.9818062,43941,46928,47905,729,654,727
1761549988,11113,11052,11065,115529280,180750056,141805008,390557600,572551936,445303200,19870.036613464355,25011.169425964355,24753.215705871582,347158939,683327906,616040842,65646.41,64032.28,63832.266,40.266318546200026,43.40393127560008,43.7649097956001,56.992400100000026,63.72692655000001,64.66641685,3.10504709244445,3.365650096066705,3.380406263477773,7.583373300000002,8.464544400000001,8.450897250000002,18914939,18196548,18045281,25527811,96343563,95634947,39,51,51,0.3498461,0.34375864,0.35301766,0.4575,0.5175,0.49751243,0.97779286,0.98552376,0.9852381,40914,43952,44888,347,683,616
1761634993,9497,12117,12076,173989392,140166304,149915120,540539416,456131072,517032448,20004.711868286133,24977.972282409668,24172.031379699707,627237165,625266971,675438249,63694.723,63000.3,62499.3,42.50202491319995,45.88204500260004,45.27645415880009,61.41802285000001,67.41872230000003,65.99899615,3.3019311504333055,3.556084751577729,3.5292939158889123,8.186740550000001,8.862159900000004,8.84912215,17992213,16998689,15668247,24277906,89914121,82937461,39,50,51,0.36389294,0.35765338,0.35582128,0.45771143,0.5086849,0.52955663,0.965157,0.9869326,0.98759335,43947,46914,45898,627,625,675
1761721010,9825,12111,12133,176211656,258996592,259949056,569919520,749410288,724852560,19928.950637817383,23115.175621032715,24753.4766998291,657140655,844862296,838164724,63075.97,59266.13,62833.8,43.20117016400017,49.006912447399856,44.61793875360007,61.4748637,72.15361830000002,65.63094385000001,3.364497091488928,3.8140710348889115,3.4528682860444864,8.3124152,9.379151600000002,8.658707300000001,17812880,16265058,17585993,24038022,86095339,93091320,39,50,51,0.36504412,0.37255365,0.34962782,0.460199,0.52,0.5162907,0.97890776,0.9862445,0.9854859,43953,49930,45902,657,844,838
1761808614,8761,12111,12159,222942672,130503336,230556368,619966472,389623296,628525216,19398.988830566406,23093.3983001709,22462.572845458984,761412072,577156509,873927760,60198.64,60338.465,59800.38,46.84105468020004,48.84611549360005,49.93091308479997,66.66097030000002,72.76164075000001,74.05336135000002,3.680044478200012,3.807561591333353,3.9006511294221973,8.8709725,9.482066050000002,9.638273350000002,16493834,14761386,15952924,22244714,78048146,84388238,39,51,50,0.38602528,0.3726139,0.37959465,0.49261084,0.5210918,0.54545456,0.9721017,0.9886189,0.9870213,47976,49920,50882,761,577,873
1761893978,10977,12071,12083,224603400,253492248,250827600,713748992,718009680,589455312,19303.827186584473,24203.41091156006,24149.44652557373,734293800,789586619,831544919,60615.707,61189.688,62551.58,44.648663351800025,46.255353896000024,45.38665430859996,62.973608549999994,68.82997855,66.68473900000001,3.487743385477817,3.6039365821000473,3.5323682842778057,8.559366550000007,9.188298350000002,8.816968600000001,17399561,16984729,17529744,23476178,89691246,92666089,38,51,51,0.38062882,0.3551868,0.35426134,0.47014925,0.52487564,0.5012407,0.9676471,0.98559654,0.985052,45924,46908,45931,734,789,831
1761980797,11571,11177,11108,274975816,245760128,162337600,673540608,702419456,500780544,19273.776763916016,24188.939834594727,24956.970344543457,744078689,836388205,706432172,63054.68,63429.285,63326.402,43.36208761319994,45.82073940019993,44.70474923299998,60.87907265000001,68.62282065000001,65.08732005,3.371055744277791,3.542617270666654,3.465740636088854,8.254755950000003,8.958299550000003,8.6186077,17617117,17360416,17527229,23769540,91693106,92856800,38,51,50,0.3744965,0.3642633,0.3558528,0.4675,0.5286783,0.5263158,0.98591834,0.98556286,0.98613733,43943,46917,45891,744,836,706
1762066881,9111,12082,11156,284324000,262969824,185548416,757456144,703759128,571920328,19886.57794189453,24794.764221191406,25048.283653259277,700728538,814518138,708892066,62100.06,60440.77,62550.18,41.280211745600056,46.937276888199804,44.46856613419995,59.174220500000004,67.1106433,65.34208364999999,3.1997778365222738,3.702767908400032,3.4490450101778265,7.944909700000002,9.202080000000002,8.634648250000003,18551187,16775195,15860235,25035666,88723388,83898795,39,51,50,0.3403921,0.3479208,0.34910887,0.43920594,0.5137157,0.5137157,0.98154205,0.986458,0.98277247,41909,47918,45891,700,814,708
1762153938,11417,11133,11036,286729504,186852768,121425408,754159616,571735144,487097344,19994.936981201172,24797.03533935547,24743.798149108887,740529835,724245206,365476385,64686.355,64891.477,64323.707,41.967429915399975,43.868899464200105,43.28853698999997,61.91696605,63.2045375,62.96362065,3.2595626954888512,3.402759005944503,3.349536525800014,8.08031075,8.561405300000013,8.209781800000002,18159013,17994275,16378343,24501264,94907545,86766524,39,51,51,0.34866023,0.34983212,0.3498248,0.455,0.5075,0.51378447,0.9821127,0.9712563,0.98665565,42928,44909,43889,740,724,365
1762239267,9746,12132,12050,126225408,172339200,261814760,390450176,571283608,704144896,19844.253883361816,24192.573097229004,24197.22808074951,402696383,710920077,832274797,63377.45,61425.746,61912.934,43.191557841599995,44.998219464600005,46.301988012399974,64.97705365,64.58512915000004,68.31252375,3.372258595777815,3.4909721587333356,3.602388525466622,8.22031295,8.682509300000005,8.953446750000001,17630774,17528619,17000215,23785099,92690730,89962210,39,50,50,0.35018632,0.34876162,0.35928535,0.44938272,0.4950249,0.519802,0.97643876,0.98627245,0.98044056,43953,45909,46906,402,710,832
1762326854,11003,12039,11105,249589352,131219760,149313888,651828592,394215656,515328192,19396.664505004883,24103.15948486328,24090.76929473877,704462491,593966433,652164864,62368.49,63003.2,63842.062,43.99492204700009,45.5829971381999,44.3287026446,61.45678285000001,66.65443375000001,64.79379690000002,3.4342769946333576,3.525465416755542,3.4308809799111124,8.450235300000001,8.77687195,8.543320699999999,17288417,15599031,16156336,23327536,82338015,85391315,39,49,51,0.3792517,0.35864168,0.3567923,0.4800995,0.52605456,0.51237625,0.9762222,0.9666173,0.98754156,44932,46896,44885,704,593,652
1762412108,9680,12197,12243,129017280,243632176,236053512,817588560,722107200,634267088,18697.3194732666,22496.29296875,22467.115074157715,796207663,865587502,845427080,58953.91,59348.62,61116.207,50.68270592820008,49.956729645400095,50.69964887879988,74.2909755,75.84644940000001,76.18693160000001,4.02146192547781,3.9072042350888454,3.9765804244333833,9.72539155,9.630063350000002,9.899474550000004,15374508,15592412,15621522,20717884,82366840,82474250,39,50,51,0.40103805,0.37956616,0.39562985,0.48379052,0.5277778,0.5272277,0.98184997,0.9819376,0.98801744,52018,50925,51896,849,865,845
1762499683,11505,12114,13065,268454304,165376840,226424264,674405376,572850592,725583536,19249.084442138672,23254.5771484375,21699.88343811035,783951603,811987469,890948650,61563.062,58124.15,57772.09,45.34541729700001,51.49914944680008,56.17837735319998,66.14297260000001,78.30019800000002,85.6092853,3.539248296811129,4.050187542055578,4.431732020655633,8.707629500000003,9.9270276,10.856300900000004,17132850,15281237,14212373,23108687,80754378,74885093,39,50,51,0.36874115,0.3866584,0.41542366,0.46268657,0.5311721,0.55583125,0.98473775,0.9852353,0.9895058,45970,52913,56903,783,811,890
1762584694,9088,11192,12111,290894416,180842640,251695272,693061000,571341248,636952576,19981.000564575195,24158.285438537598,24084.84750366211,802851409,727807423,838396227,61052.586,62266.04,61694.082,44.38965226240001,45.909416389000036,47.18698985200005,64.58388665000001,67.8432698,69.59124560000001,3.4677662387000088,3.567958160266635,3.679116907255585,8.518748650000001,8.8766985,9.191820300000002,17201742,15506892,16773164,23205398,81951198,88600023,39,51,51,0.36409047,0.35951394,0.37019897,0.46419752,0.51741296,0.5049505,0.9802236,0.98548084,0.98795164,45003,46907,47899,802,727,838
1762672655,11255,10966,11122,241502720,216178704,157918096,593494016,594206160,427373928,20393.751678466797,25592.476936340332,25819.09708404541,1974560906,1942600070,1787044078,71834.266,69774.94,70799.18,37.98114080140001,40.38622530840003,39.77047920739985,60.51261575,59.899346550000004,57.429282650000026,2.949045847077739,3.1425879692777343,3.089615411788859,7.15208385,7.502099750000001,7.325361500000003,20307293,17477445,19540112,27399746,92625759,103635336,39,50,51,0.39498666,0.40204287,0.41060367,0.5087282,0.495,0.5099502,0.96838117,0.9854579,0.9860748,38942,40905,40895,1974,1942,1787
1762757076,8539,11153,12062,270128128,127322816,139122672,717938720,419914640,460731312,19919.7650680542,24986.208465576172,24886.425003051758,697226650,457012605,586872536,63560.074,62981.11,62998.1,42.47334577760005,44.07398210039998,44.70682766639996,63.58614875,64.77739005000001,65.32854090000001,3.30191039956664,3.426332153200026,3.4870457484111066,8.27506155,8.4490569,8.737545100000004,18115369,17854008,15741184,24445432,94465597,83317017,39,50,51,0.34717393,0.34723467,0.3544562,0.46153846,0.505,0.52130324,0.96150684,0.9855718,0.98577714,43911,44905,45890,697,457,586
1762844877,9698,12164,12222,155548704,153525344,232304640,570488320,573778056,722729256,19240.23422241211,22228.679237365723,22380.706718444824,722848089,786654080,851746530,59635.19,58768.438,59240.105,46.533382296599925,51.428064786799986,50.22618812519983,69.47991354999999,78.17566515000001,75.34558870000001,3.6405952144666647,4.031233957899945,3.9214572276888524,8.87640865,9.9250602,9.745111950000004,16553327,15431100,14210070,22321986,81411600,75190157,39,50,51,0.35947987,0.38432166,0.37995994,0.45363408,0.5386534,0.52605456,0.9767808,0.98446965,0.9832385,47977,52885,50890,722,786,851
1762930141,10737,11129,11171,108392448,138234800,102312840,452296704,471355088,706520064,19827.792488098145,24705.740005493164,24945.61767578125,1128702030,1680752151,1200583583,71710.06,70838.21,71387.41,37.691713007800075,40.60881708639985,39.79862331080004,58.1048132,61.3510724,59.57795160000001,2.9271107816222304,3.1670528322555263,3.0853854548777617,6.95372,7.5013413000000035,7.25991105,20397181,19274166,17693970,27527320,102103306,93907089,39,51,51,0.4107351,0.4070645,0.39275676,0.51122195,0.555,0.535,0.98608255,0.9842773,0.96506613,38877,41907,40864,1128,1680,1244
1763016904,10565,12086,12078,277885792,134786048,246803456,708837376,392218624,667098624,19912.490127563477,24958.526054382324,24018.92211151123,749593468,586873567,767210086,64005.395,62389.766,63805.816,43.774573045600015,45.123879887199976,45.76731999040014,63.61459915000002,65.71929865,67.3360486,3.4061162831555585,3.4989012493111127,3.5508471016333036,8.649610450000003,8.7497933,8.91785995,17568800,17438924,17318310,23699397,92130190,91687457,38,51,49,0.36243284,0.35099402,0.36293027,0.4565757,0.49627793,0.5148515,0.98778784,0.97612554,0.9858418,44944,45918,46872,749,586,767
1763102870,8676,11139,12041,289789944,189740816,199190336,758671424,499616560,556435456,20008.486358642578,25015.301567077637,25065.145225524902,671264776,681658319,695123169,65624.71,63983.51,64376.95,41.669482314600025,44.40167684159995,42.972726787200195,63.29536495,65.4309168,62.46636300000001,3.232891036988881,3.4426974511666613,3.3242899163222006,8.200619100000003,8.635195600000001,8.421316050000001,18496202,15874327,18426252,24957070,83984360,97639241,39,49,50,0.34195748,0.3495759,0.3507391,0.45771143,0.5125,0.52970296,0.964736,0.9857037,0.9861169,42916,44923,43882,671,681,695
1763189150,8861,11189,11084,132983968,162990928,125395944,403965952,526255616,414992888,19912.731941223145,24745.376426696777,25079.572509765625,359229795,706798727,495832841,63398.66,62895.73,62895.953,43.13102422740002,45.51283426399987,46.07322588939993,64.79383120000001,67.72306215,67.94899135,3.354822429499981,3.526734734455521,3.5862351200444422,8.315194400000001,8.844666550000003,8.882033400000003,17737591,15564999,15234950,23930523,82340012,80689616,40,51,50,0.34352532,0.34567544,0.36595744,0.44638404,0.52227724,0.51,0.9785725,0.9637428,0.98617667,43971,46921,46893,359,706,495
1763276183,9315,11220,12086,288893136,138959360,124236768,758735200,410095136,427610480,19946.68994140625,24917.21517944336,24844.329330444336,771783945,505931340,481268984,64047.582,62791.613,62703.02,43.05913199079996,43.455424610999906,44.13935931459987,63.2109186,61.981488850000005,63.58689875,3.3449276685221943,3.3564979573777833,3.429836044266653,8.393332400000002,8.279225600000004,8.41938855,17881912,16243504,17670661,24131681,86046372,93424159,39,50,51,0.3517393,0.3335008,0.34552738,0.45273632,0.47263682,0.5073892,0.9750033,0.9833204,0.9864678,43927,44903,44897,771,505,481
1763362095,8407,12039,12061,175988360,152944128,153919248,576079328,509469176,512943104,19906.890754699707,24124.29662322998,24946.06134033203,683683021,757502296,688904606,61385.363,62699.82,63173.18,44.50929022660004,46.158929372799854,44.888993615600086,64.1856493,66.77441785,65.52254650000002,3.469541685277778,3.5765975834444896,3.5015874431999827,8.622284200000001,8.9673597,8.6850164,17559065,17193281,17422883,23690227,91004133,92181010,39,51,50,0.35425067,0.36363372,0.35441247,0.4579208,0.5199005,0.5049505,0.9651103,0.98724794,0.9861613,45956,46916,45912,683,757,688
1763448695,9654,12101,12074,248325072,242742048,233725440,724244576,635320832,577668688,19411.337745666504,24187.298454284668,23312.67658996582,722280990,844747899,822268057,58959.51,60718.27,62508.695,46.58621304799997,49.791849602799985,47.68947264260013,68.3751203,75.1801149,70.76849995,3.6453663823333105,3.880015936466706,3.717420369655477,8.88682675,9.722772050000001,9.32993955,16284356,14351218,16524820,21961100,75938389,87250389,39,51,50,0.36766353,0.38130787,0.3864956,0.4751244,0.52592593,0.54567903,0.96768063,0.9862414,0.98855996,48024,50927,48905,722,844,822
1763534994,8665,12129,12114,290052160,256211456,143516280,733932168,635342112,524955808,20003.292152404785,24219.497665405273,24153.77345275879,774626406,845630015,697605004,62338.363,61374.96,61799.32,44.89961190239995,46.36458832460007,46.29211775060007,65.64432405000001,68.44864015,68.08648310000002,3.50970120963332,3.6208006017444405,3.594343218611109,8.66134705,9.0238307,8.9001199,17059854,16803384,17107535,23011472,88802734,90485773,39,51,49,0.3537743,0.36016494,0.35616314,0.45925927,0.5,0.49876544,0.97300977,0.9867199,0.98845804,45981,46908,46906,774,845,697
1763621202,9865,11202,12094,133489664,125581808,134752448,454938112,409337856,451401216,19356.716705322266,24806.13433074951,24123.613136291504,549924046,460389880,591921276,63647.105,63266.492,62702.918,42.29450527380002,43.63549733320005,45.006962375,60.9320784,61.70782065000001,66.1983089,3.291222969088841,3.379481899766666,3.5027081206999875,8.00920065,8.2986879,8.629822550000002,18197048,17941057,17633693,24554415,95143808,93282847,39,50,50,0.37044635,0.34073478,0.35547927,0.46534654,0.49379653,0.51122195,0.98280495,0.98564917,0.98787415,42919,44910,45884,549,460,591
1763708305,8886,12072,12020,158905320,252124160,239106112,602684440,724587224,663598608,19993.419715881348,23204.916709899902,23981.211265563965,634647879,805202317,740959508,62598.62,59821.66,62511.996,44.25667860520002,47.69946632939996,46.11348598640007,65.8229716,69.8246415,67.98679345000001,3.458478113922233,3.7267471502666476,3.579185061788922,8.685359100000001,9.258562800000004,8.860565650000002,17308806,16615680,15396185,23352913,87839027,81550078,39,51,51,0.3446303,0.35582352,0.3598512,0.4575,0.5062344,0.5247525,0.9730805,0.98662573,0.9861456,44962,48929,46887,634,805,740
1763794542,8312,12036,12047,201016240,155539040,265460648,603812584,505131520,697640848,19963.304580688477,24998.979454040527,25066.771949768066,716786462,661562374,735234112,63005.098,63018.39,62896.453,43.24978592640001,44.140974020999884,45.72499568920001,63.88496950000001,63.45848185,67.52549575,3.362133687633337,3.433926868088835,3.5506314011444053,8.369113300000002,8.626325400000004,8.941239700000011,17721736,17682445,17153317,23909008,93718550,90658306,39,50,51,0.35602677,0.3445198,0.3557326,0.46268657,0.48379052,0.5162095,0.98850685,0.98569053,0.98380893,43961,44909,46898,716,661,735
1763881646,9241,13160,12205,237753392,242274576,131022848,637277184,703718280,458892592,19303.363319396973,22206.206024169922,23278.608612060547,782383658,903468457,564997144,59399.62,58867.965,61057.777,49.16183350320005,50.752715960800096,48.45158221079994,72.6209644,76.33498155000001,71.91972000000001,3.866424857488844,3.9630345442333414,3.780681051000017,9.295968650000002,9.695236000000003,9.310425950000004,15737120,15312740,16238387,21209948,80921218,85804179,39,51,52,0.3864147,0.38542077,0.37530863,0.4739454,0.52970296,0.53366584,0.98078644,0.988263,0.97811353,49987,51914,49890,782,903,564
1763967941,9679,12104,11158,115245760,129396224,136166184,650005344,407778320,398394720,19981.699592590332,24989.46061706543,24973.19603729248,762760610,522814580,566564497,62121.453,62463.668,61986.71,44.98030147180004,44.80694460219994,45.854345272799925,65.91171375000002,64.13949939999999,67.59741585,3.489945687188893,3.5129014637222125,3.5351877060111496,8.602647350000002,8.560125900000006,8.782116300000004,16958128,17490813,17307743,22877342,92711132,91784105,38,50,51,0.36144,0.32763115,0.34502986,0.46039605,0.47772276,0.5125,0.9770894,0.98523706,0.9705718,45972,45925,46894,768,522,566
1764053744,9154,11169,11035,127110464,177793872,155317456,419676288,571974608,473116672,19927.682403564453,24932.21336364746,25039.062339782715,405791513,701296731,593336621,64638.81,63282.016,64451.21,41.313798788799964,44.09770951379996,43.270273122599946,60.43519570000001,64.49832665,62.3717685,3.1927975816888834,3.4000586975888543,3.3362158889444773,7.9090962500000055,8.5418464,8.38348945,18350311,18033440,18067221,24762068,95313359,95482801,39,50,50,0.3310882,0.34592405,0.3455902,0.454321,0.5137157,0.52592593,0.9759653,0.98726124,0.9860784,41927,44925,43899,405,701,593
1764140652,11344,12132,12228,271443936,241520800,244097392,804335832,730249080,702864384,19445.519165039062,22382.822235107422,23290.318687438965,715847128,835569234,809063358,60783.31,59675.26,61349.254,45.95752945240008,50.01204548460005,48.79155188059985,66.75271245,75.6421324,73.6585556,3.6055669498555907,3.9121336071443897,3.7999983166444324,8.857556100000002,9.715241,9.38125055,16595749,15902450,16308048,22380374,84008422,86164964,39,50,50,0.36821502,0.38351274,0.3775527,0.46534654,0.5270936,0.53960395,0.9743475,0.98859483,0.9872604,46961,50920,49901,715,835,809
1764226318,8769,12086,11186,84014200,138891264,245806080,506371072,503424512,607519744,19931.939079284668,25015.710052490234,24152.07797241211,308450919,404160828,762196823,64283.387,62432.312,62983.902,43.773495400399916,44.94645641399985,45.60666981120013,65.68140115000001,66.50406925,66.92173635,3.4038675478444382,3.4866400196666345,3.5435485921666414,8.374988250000001,8.577738400000001,8.952617450000002,17683029,17538032,17399216,23860832,92773253,91943879,39,50,51,0.35489428,0.3402999,0.35314277,0.4540943,0.51492536,0.5012346,0.98852056,0.97299993,0.98494744,44956,45907,46901,316,404,762
1764312747,11326,11035,11164,271862272,139644016,153964768,719576176,419042304,474044016,19266.1753616333,24743.535415649414,23915.249572753906,744761371,513048015,584215143,62170.523,63987.906,63505.996,42.81260027159988,43.70029847439993,44.973355547399926,61.37518335,62.9000258,66.33969755000001,3.3251750018777586,3.376479698966662,3.4768364570332633,8.34017135,8.29398695,8.659080450000001,17908572,17967066,17687696,24165817,95019743,93413129,39,51,51,0.35589352,0.32666737,0.35206714,0.45771143,0.4775,0.5012407,0.96996325,0.9673571,0.98825073,43939,44901,45902,744,513,584
1764399668,9052,12183,12098,194263968,157856656,145733632,638428256,486952496,515899392,19352.284271240234,23866.690742492676,23249.944648742676,771722999,691587359,702522888,58859.4,59847.63,60536.184,46.34716352899999,48.063130335399954,48.43307154360018,67.38694500000001,71.39806015,71.52422455000001,3.622266935511172,3.749198425322237,3.7837535473999755,8.786614300000002,9.351697050000002,9.389397300000006,16501547,16399790,16288416,22253516,86568173,86213173,39,50,50,0.3646041,0.36131907,0.37318584,0.47014925,0.5111663,0.52261305,0.9801142,0.9852166,0.9800842,46978,48915,49883,771,691,702
1764485743,11120,11090,11075,137722240,153612608,182700808,454417808,456270336,569519616,19890.334327697754,24762.648475646973,24903.61728668213,520958992,663431519,733999327,63235.504,63418.215,63274.49,43.07649879720017,44.2613037036,43.74061275959996,61.9682488,62.561200050000004,62.28958980000005,3.341722323499986,3.425072031066628,3.3782944902777627,8.334529800000006,8.453993200000006,8.45488955,17901582,17667165,18041353,24153508,93649606,95526503,39,50,50,0.35321185,0.3481346,0.34063637,0.45544556,0.44416875,0.44226044,0.9763488,0.98675865,0.98432374,43957,44911,44896,520,663,733
1764574656,9613,11144,11106,272399896,174032896,274548576,746741376,515708416,726616064,20035.36252593994,24951.588012695312,24726.758758544922,751249308,709397611,782158823,63105.79,63879.234,63788.562,43.67807332699994,44.18952902839994,44.110685713799995,63.46206885,64.22712285,63.8868297,3.385202487688899,3.4222602518666854,3.4132769767666113,8.429439600000007,8.559395200000003,8.57692315,17625362,17682425,18020598,23775031,93495196,95322522,39,51,51,0.35038468,0.34760976,0.34928232,0.45049506,0.5062035,0.50247526,0.96895033,0.9869202,0.9841282,44958,44918,44901,751,709,782
1764658620,10623,11158,12110,131413824,129730320,155708464,417290752,398179328,477934080,19882.68489074707,24917.764488220215,25061.681243896484,380913500,571290978,611759655,64030.184,61153.125,64062.875,42.43168984219988,46.29349389420006,44.33004004540008,59.683739200000005,65.7396228,64.67394390000001,3.290497553733314,3.6414387250444653,3.431809831244454,7.9651986,8.93682285,8.553625850000001,18055658,16978609,15970588,24367560,89702497,84408327,39,51,51,0.36866122,0.33929247,0.34795302,0.4625,0.5074627,0.5111663,0.98020095,0.98605454,0.98523813,42988,46917,44892,380,571,611
1764745528,8467,12097,11104,286520832,236949824,268591360,691625152,666038848,637249024,19980.902465820312,24725.689750671387,24897.50914001465,760050428,776034208,847943673,62638.91,62121.418,61807.535,44.01338242419993,44.85210941160007,45.319890957999945,66.19158965000001,64.98199985000001,64.2935977,3.438090136344465,3.4626481764110104,3.5248943588333495,8.560924250000003,8.650482300000004,8.770921150000005,17297367,17442499,17281178,23330645,92237029,91345743,39,50,50,0.35003823,0.34789893,0.34571674,0.4563591,0.5185185,0.48507464,0.974218,0.9862181,0.9839975,44989,45957,45902,760,776,847
1764831819,9225,11176,12092,290618216,256542168,251661216,761015616,702470864,702290544,19892.538177490234,23888.876319885254,24144.9268951416,787709634,815863055,826511641,63240.605,62595.863,62322.74,43.37416290799988,45.155641494000065,48.108442781599926,64.79235510000001,65.51456925000001,72.09703569999999,3.367453017566638,3.4931179207444742,3.750907011299982,8.455940600000002,8.734310750000004,9.39652875,17815175,17611034,16346225,24034611,93142310,86568850,39,50,51,0.34656608,0.34775782,0.3707243,0.44554454,0.5086849,0.5225,0.981491,0.9846639,0.9861018,43948,45930,48873,787,815,826
1764919001,8347,12057,12043,115034496,243049912,144704784,387454464,668272032,526339072,19292.581588745117,25019.73867034912,23899.09748840332,446713469,788560471,669145025,62462.707,62024.188,62142.215,44.30935646600005,45.521349002999955,46.2901294069998,66.77938765,64.0054403,67.98582880000001,3.450967246433336,3.5274231403333407,3.6116168053333313,8.466974450000002,8.827284100000002,9.017675700000003,17598864,17132279,17068887,23743435,90801983,90421595,39,51,50,0.35846934,0.35378474,0.36430085,0.4525,0.4565757,0.4987593,0.9821856,0.9849069,0.9873966,44964,46922,46903,446,788,669
1765003898,9014,12116,12083,258230272,121024000,258138128,696360896,511168512,655387496,19971.93480682373,25124.505783081055,25022.470443725586,747199499,411702558,777368383,63035.062,62730.383,63620.914,43.61280679960005,44.764302050799856,44.48950138140002,64.21599880000001,65.8142612,65.37498385,3.394532760866613,3.462409605333336,3.4572237879333403,8.461856250000002,8.5479735,8.654887000000002,17654092,15727888,15807220,23816044,83244994,83609920,39,51,51,0.35111603,0.34494984,0.3480333,0.455,0.50247526,0.5074627,0.96656716,0.9845699,0.9837967,44954,45907,45918,747,411,777
1765091619,11350,11922,12154,105118720,116136112,148112384,470172160,429737984,504003216,19776.206588745117,24054.42253112793,24230.946838378906,1017969062,1699847848,1861629930,71855.96,68717.97,68720.78,39.73040537939996,42.848404636600065,43.73031477300009,61.64167625000001,64.57711845,66.17588285000001,3.1042597807000223,3.3487279209110965,3.428070727299994,7.3192799000000015,7.827765800000001,8.120230450000001,19247090,16360665,17962416,25967036,86542165,95010981,39,52,51,0.4023067,0.4204184,0.42572406,0.5136476,0.5654321,0.5753086,0.9755111,0.9856148,0.9869595,40910,43913,44890,1017,1699,1861
1765177702,8493,12091,12051,135085632,278724608,139274080,464504208,726605312,432728640,20011.672149658203,24783.59841156006,25001.349243164062,490522165,789585460,468702197,64014.89,62115.35,62995.504,43.01903462180012,45.35658087400009,44.97010899159991,63.282096249999995,63.49518315,67.04965380000002,3.3322568172222047,3.521942292977783,3.489131252844448,8.3400732,8.76889965,8.680244400000005,17813931,17234704,17355159,24033251,91083610,91789990,39,51,50,0.3539019,0.3583397,0.34989876,0.4638404,0.460199,0.50124687,0.9872715,0.9873354,0.98574245,43960,45925,45908,490,789,468
1765264193,10480,12258,13145,271183072,151499776,242053568,754359600,411312608,701601792,19286.67707824707,22464.426734924316,22501.65354156494,788367488,612850963,867886776,58550.75,60507.496,60403.418,46.69246978080012,50.63888326740012,49.02211499500005,69.12856240000002,76.60686055,74.24068405000001,3.6551058470222375,3.961437555588908,3.821206544888862,8.96784515,9.76285505,9.5209083,16399090,15626811,16244293,22117815,82494891,85757054,39,51,50,0.37178054,0.3934306,0.3797461,0.455,0.53940886,0.53846157,0.98797476,0.9870224,0.987173,47996,51919,49907,788,612,867
1765350448,9641,12129,12022,127340944,130790272,250701312,786048480,393726464,717241296,19212.990661621094,24165.81227874756,23239.865692138672,784832626,580459505,817660379,59829.57,61779.266,61087.258,46.05971388839997,46.911193653799934,48.73380867220001,66.49207605000001,68.59128360000001,72.47719744999999,3.591721045388821,3.6541203254111614,3.816590451577816,8.842537600000004,8.946779550000002,9.491044250000007,16635369,16735774,14805084,22436731,88538092,78238640,39,50,51,0.36472654,0.3623396,0.38274717,0.45885286,0.505,0.53186274,0.9770039,0.9876516,0.9871865,46977,47920,49897,797,580,817
1765436921,9676,12057,12059,270085536,145402960,151242440,738427904,412707840,516909208,19982.442512512207,24767.751708984375,25039.65121459961,741033969,524640136,664486132,61693.74,62866.85,63621.812,44.19998629540002,44.44482724059989,44.259779293599955,64.14476450000001,64.68077325,64.3562475,3.4445040745444873,3.4407902964888595,3.442570402955533,8.571871100000003,8.530722400000002,8.5213194,17369553,17525328,17682425,23425003,92822631,93645700,38,50,50,0.3545869,0.34950897,0.3452048,0.460199,0.50980395,0.49876544,0.9787356,0.9846199,0.9858618,44955,44983,44899,741,524,664
1765523426,9092,11226,11139,279455624,267149344,255926720,755801592,609251136,721866760,19995.957748413086,25079.349250793457,24129.671501159668,736707781,832008984,805239343,62927.543,61219.91,62256.496,43.95744896820016,46.20348480320015,46.11502848119997,67.0375125,66.10927285,69.06622090000002,3.4258019758333096,3.5853666710444236,3.5705479007889167,8.627884550000001,9.00758615,8.966633550000005,17457997,17024785,15506822,23549372,90204667,81902204,39,50,51,0.35029197,0.34792605,0.35713184,0.46153846,0.5075,0.50374067,0.9721752,0.9842275,0.9857559,44942,46920,46914,736,832,805
1765608925,8555,12155,12223,179520864,230052864,131054624,598682112,610695136,454791168,19351.90003967285,22513.254570007324,23125.280960083008,712442998,851239118,623618965,59266.293,58956.23,61057.973,49.29046816320007,51.825543320400044,48.64959180859991,73.37137755,78.67744855000001,71.53932490000003,3.8704776329333743,4.066232519088895,3.8077320570777506,9.452765000000003,10.063690200000002,9.3688201,15581104,15217312,16228432,20997252,80281870,85794699,39,51,52,0.39203525,0.3956651,0.37306997,0.47381547,0.54228854,0.5263158,0.99095386,0.9889373,0.98766345,49990,52939,49894,712,851,623
1765696082,9054,12097,12090,143830528,256665536,175695936,469894592,725023744,569753600,19186.32633972168,24236.646209716797,24076.58952331543,569905515,813316495,735420054,61409.79,61499.25,62341.83,43.95135099960009,46.07535197419998,45.532881763200145,63.389105300000004,64.12809175000001,65.8019082,3.4169851638110638,3.582954839944471,3.5304970757222507,8.411848450000003,8.851531050000004,8.75500735,17712540,16991760,17405724,23896283,89866446,92033834,39,51,50,0.3528935,0.35490513,0.34833124,0.45812806,0.45945945,0.4950249,0.97352,0.9862656,0.9845414,44926,46929,46907,569,813,735
1765783341,9230,10954,11068,266486672,140405584,139761936,674578944,464959632,419223040,21033.540977478027,25918.476234436035,25751.44634246826,1922151998,1587589470,1622528427,74084.88,72023.59,71810.336,36.82447471659999,38.90076686959994,38.80525786519993,56.51744480000001,55.378922900000006,56.23461545000002,2.857418726077768,3.0116689298667008,3.0011933657666967,6.856867650000001,7.0848946,7.11420295,21135329,20062027,20157641,28531448,106098672,106696155,39,50,50,0.38580874,0.3954643,0.40305704,0.51122195,0.5225,0.5136476,0.97599804,0.97435,0.9803471,37941,39891,39869,1922,1587,1622
1765869462,8510,11160,11116,289484872,159344368,143699664,695829504,498654208,533496832,20049.10513305664,24092.49175262451,24903.37540435791,829651527,731410080,636664873,61736.86,62003.2,62146.742,45.243377089000106,46.59034915619995,45.237798250599965,69.1599582,68.61067275,66.9989342,3.535693086077725,3.625584824888934,3.517972881644408,8.839691250000001,8.98931065,8.757831950000005,16926258,15331149,15568722,22830345,81240703,82413898,39,51,50,0.3584687,0.35967723,0.34803283,0.45679012,0.5235732,0.5037594,0.98016787,0.98567307,0.98546475,45964,47920,45885,829,731,636
1765955445,11346,12051,12058,271069888,164225360,119944592,782637360,523334272,425520448,19321.661392211914,24180.573875427246,23380.431121826172,737070446,691124100,530580935,61823.055,60113.188,61821.152,44.217713978799985,47.45054857720006,48.01910581320008,62.764418600000006,68.5614146,72.8935382,3.4558990194222092,3.6916906523111352,3.7319365419888677,8.46832055,9.133866600000003,9.116408000000002,17302037,15005988,16544467,23341835,79415257,87308451,39,51,49,0.3730356,0.35877702,0.37115097,0.46,0.5,0.5425,0.9835777,0.9832035,0.98071885,44925,48921,48897,749,691,530
1766041686,9315,12198,13057,84471744,166514512,231216496,573262848,565265920,627450368,19404.48052215576,23339.47580718994,23320.48080444336,306799738,767048492,779855564,59964.312,59783.094,60222.09,49.02485623159999,49.64199216100013,49.783583879599895,71.90934485000002,75.3276539,74.79819785000001,3.8553396843333734,3.8761012431667043,3.906021073377776,9.227252500000004,9.5056048,9.620766600000003,15635345,15807173,14443925,21072098,83573978,76361352,39,51,52,0.39212427,0.37766194,0.38050902,0.48258707,0.5311721,0.5257985,0.9836687,0.98697954,0.9862768,49977,50928,50876,314,767,779
1766127699,12142,12114,12084,284913664,129674744,129624928,728918192,389744888,388546048,19965.83041381836,23331.11312866211,23280.20832824707,717477510,588198168,569783111,63360.793,61725.21,60004.598,42.92983224439996,48.48206478899997,49.24965563320015,60.5331642,71.27285284999999,72.6004157,3.342318833622196,3.792683317111125,3.8720672395888722,8.266940600000003,9.300513800000004,9.47398675,17884993,16355796,16209203,24133768,86462214,85456673,39,50,51,0.36282697,0.37729734,0.36913413,0.46268657,0.53846157,0.53170735,0.9760149,0.98485035,0.98608756,43926,49926,49888,717,588,569
1766213580,10414,12147,12086,292444520,132691968,145348640,734295744,420011184,443627520,19907.18226623535,25019.44236755371,25052.130516052246,728451787,507577326,630681565,62475.758,64401.24,63050.375,43.488198364400034,43.90423086820007,45.07400131319988,62.85854040000001,64.0405278,67.00785345,3.3681357929444844,3.3925964571334113,3.4892161156888863,8.3988701,8.397407400000008,8.728284400000001,17863226,16100195,17350150,24102799,85089595,91991209,39,50,50,0.36097243,0.34748733,0.3568538,0.460199,0.47263682,0.51,0.97259545,0.98528194,0.9884148,44952,44908,45901,728,507,630
1766301101,9879,11199,11178,269420872,195711848,171036160,713767296,557119200,571902976,19924.221069335938,24064.240982055664,24214.086418151855,715933718,769293767,762298570,63190.125,61500.8,61577.74,42.908820858800155,46.2195628024,46.87125697199995,62.8308533,67.0623406,70.2501378,3.328721574911109,3.5778740182333255,3.641116064677798,8.308079200000002,8.95894315,9.136703550000002,17838907,16943170,15191700,24067568,89488951,80335656,39,51,51,0.34820846,0.36024302,0.36244294,0.455,0.5162095,0.50626564,0.97433496,0.98721015,0.9857013,43961,46893,47898,715,769,762
1766387607,9141,11854,11037,152154960,168660024,134338560,558545416,492169616,475427808,20630.53938293457,24830.392959594727,25771.45101928711,1697282719,1960274458,1656224587,73835.35,69795.6,70432.984,38.40645100300005,41.48649501520012,40.656379214800054,59.605245100000005,62.17186095,59.59373345000001,3.0064338352889157,3.2295030305666854,3.156680489111084,7.220304050000002,7.692988700000001,7.450840750000001,20379577,19175136,19157018,27502283,101322504,101352865,39,50,51,0.397383,0.40943894,0.41285464,0.5062035,0.54385966,0.5682382,0.9836328,0.9821798,0.98477936,38920,42888,41882,1697,1960,1656
1766474108,8709,12095,12107,180196008,110012928,123725824,606929544,460322304,404655616,19290.578132629395,23390.6123046875,23291.72203063965,690044605,418183462,512605095,59217.992,60924.824,61631.223,47.91380468219996,48.66166413559982,49.24985091299995,69.16379,72.8114863,72.93760745,3.7516911406111455,3.787742566655562,3.8306428230888354,9.14214735,9.165378600000002,9.458695100000002,16179219,16277036,16100097,21815686,86192383,85067262,39,51,51,0.3846986,0.37360692,0.38547808,0.49382716,0.52463055,0.53960395,0.9877412,0.987148,0.9886734,49003,49913,49897,690,418,512
1766560261,10973,12119,12119,274461040,180278832,243930240,716198912,557842432,607078008,19855.617012023926,23405.87180328369,23324.649726867676,705499647,822231967,835130249,63565.574,61175.53,61249.926,42.705238727000015,49.62807920499982,49.09518938379996,62.64183275000002,74.22175525000002,74.49114565000002,3.319359576811166,3.8866345682333785,3.8334797560778244,8.30273265,9.755113000000003,9.69389025,17905472,14538817,16283750,24160512,76802666,86089800,39,51,50,0.3451133,0.3879164,0.39182502,0.45,0.5308642,0.53349876,0.9674351,0.98933566,0.98871696,43937,50863,49900,705,822,835
1766646481,9209,11178,11156,228109824,139281920,144742912,610089440,456808448,418849136,19957.121299743652,24224.158195495605,24776.471939086914,706869395,575049868,502673168,63549.234,63218.355,63727.61,42.344998858599816,46.43599155900001,43.69717792760009,62.506238450000005,68.05468825000001,63.223719300000006,3.2833606296333047,3.5989316398555484,3.3646112181222274,8.274773800000004,9.025364150000007,8.342728000000003,18056167,15387947,18037559,24368117,81359416,95453091,39,51,50,0.3492359,0.3730533,0.3476382,0.4475,0.5148515,0.5074257,0.9766455,0.98884475,0.9852927,42921,46968,44896,706,575,502
1766732224,9045,11168,11103,104745984,259161456,156789760,476666368,702494464,512965424,19918.618713378906,25011.398635864258,24979.926879882812,320939980,815182969,707155904,64674.297,62567.305,63178.375,42.518422641599884,44.979414597599906,44.59860113479981,63.9275335,65.14976935000001,66.2331654,3.2972574458000037,3.4898020821110327,3.441727342166672,8.086594400000001,8.700140500000002,8.657662499999999,17988186,15623682,17685876,24270354,82615942,93664487,39,50,49,0.3417855,0.34988868,0.3500176,0.4525,0.5074257,0.5162095,0.9636406,0.98706156,0.983855,43916,45909,45910,320,815,707
1766819431,9001,11221,11144,294101504,246356992,182429424,780742976,699791872,583827024,19947.357704162598,24165.237663269043,25005.348342895508,801366221,783904236,776492482,60744.152,62408.176,63058.117,44.47173344099997,46.70227179920005,44.44042589440004,65.52926970000001,69.96536250000001,64.8296574,3.457793598266657,3.6317223578777713,3.443152937166715,8.567532200000006,9.0897383,8.6840604,17204897,16765479,17851824,23207639,88564100,94484210,39,50,51,0.35649493,0.3676265,0.35142902,0.45386535,0.53333336,0.50497514,0.97936374,0.98689747,0.9820428,45017,47919,44973,801,783,776
1766905795,10473,12109,11090,225670584,245084504,191507688,637448288,701673984,561989840,19919.722526550293,24866.020133972168,25016.14492034912,654891763,783558113,705405522,64564.406,63167.434,63856.87,40.91659714299995,45.02419623539997,43.71954301740007,58.800821,65.15548425,64.13604975,3.1647565643555544,3.4834604219333283,3.3800071012778026,7.926263450000005,8.79209365000001,8.589734100000001,18751432,17344615,18035573,25304319,91801520,95320983,38,50,50,0.35450378,0.35944384,0.34996063,0.4563591,0.5012407,0.5075,0.9863736,0.98523325,0.98507553,41892,45916,44898,654,783,705
1766989585,9053,12119,12075,232600064,130327040,216726080,635705904,400405504,529319168,20058.68480682373,25082.003784179688,24941.499542236328,666083032,560523548,718982867,62824.99,62680.727,62461.117,43.14638738080003,44.42510695560011,44.931709272400084,63.05508935000001,63.73786425000001,66.82029705000001,3.360795107033353,3.4611463545444603,3.507447769577806,8.2814153,8.559972750000009,8.779430950000007,17730087,17562253,17418464,23927511,93255983,92319053,39,50,51,0.35391924,0.34281522,0.34680396,0.455,0.49379653,0.51358026,0.97829854,0.98330796,0.98699915,43926,44958,45888,666,560,718
1767077895,11331,12134,11143,113597136,260282880,257253896,397111808,703430144,728144384,19275.274726867676,24181.5517578125,24065.712074279785,390133406,839220939,822317034,61388.406,60737.82,62178.23,45.60909313439988,46.78531213960004,45.20889252479987,66.91959080000001,65.5228666,66.50343905000001,3.5772690439888954,3.6427346104222154,3.521132999344474,8.699603150000003,9.0748832,8.820498700000002,16690821,16728910,17571480,22511044,88492781,93074908,39,51,50,0.3700373,0.3669979,0.35268962,0.460199,0.46134663,0.5,0.9688753,0.9878739,0.9870345,46968,47922,45886,390,839,822
1767162176,8702,12100,11116,112426168,246753280,173077296,417510992,701788672,569894912,19983.05699157715,24231.91567993164,24726.020362854004,389430345,823340826,705586603,63636.473,61356.6,62961.33,43.5460835776001,45.89602547039988,44.791174024000064,63.637065850000006,65.50598125,64.33801195000001,3.3824504371111144,3.5645002384221947,3.4689414625777903,8.249991100000004,8.93393125,8.700691650000001,17660576,17222712,17581377,23823025,91113042,93055326,39,51,50,0.35523024,0.35986176,0.34868944,0.46287128,0.5086849,0.52130324,0.9671269,0.98640275,0.98500365,44950,46923,45902,389,823,705
1767249283,9082,11179,12044,285276056,202435584,133563040,686511616,559674232,468592640,19980.594123840332,24890.294662475586,24813.787437438965,770859608,728160041,554696046,62670.066,62958.727,63045.574,44.115410232599906,45.123007569599906,44.28694305680002,65.5379147,66.1629399,65.26418645000001,3.4401095719999732,3.4962911334333655,3.4287702881777116,8.586111550000004,8.849307400000006,8.552246400000005,17459177,17486489,17844011,23550220,92690776,94526131,39,50,50,0.36037487,0.3552767,0.35184732,0.46268657,0.509901,0.5221675,0.9763443,0.9845585,0.9863907,44958,45928,44898,770,728,554
1767333245,9148,12158,11132,150516224,163636216,138085128,517212416,503316480,447423456,20077.82056427002,24178.21173095703,25040.534996032715,596016920,710167500,626287782,61105.38,61596.5,60997.5,44.27034458819999,46.911185486199855,46.968951616999924,64.07117850000002,68.67011450000001,68.1523039,3.4571135610000225,3.648408493188928,3.6493992713555583,8.46812305000001,9.13971885,8.936478400000002,17248362,16790382,16743361,23272806,88880751,88651907,39,51,50,0.36744326,0.36759928,0.35167086,0.47117794,0.5160494,0.53,0.97965455,0.9865821,0.98796153,44980,47927,47916,596,710,626
1767418233,10268,11153,12058,240577424,234949224,149671936,636312352,637436600,514919936,19780.277702331543,24142.898727416992,24117.888633728027,742488690,780409616,732099152,62666.066,61417.867,62216.33,42.51879920180001,46.48142271819995,46.83356988559996,62.30725645000001,68.6326816,69.36668279999999,3.2992254524778017,3.62328396064442,3.6312430773222664,8.1411698,9.07630120000001,9.0059476,18067636,17087540,16767050,24378142,90201444,88453055,39,50,51,0.33562276,0.36489826,0.3713517,0.45945945,0.516129,0.52487564,0.962991,0.9834388,0.9884296,43936,47911,47901,742,780,732
1767509934,11049,11175,11138,214328360,139850752,277716992,668991488,396361728,725712384,20022.843147277832,24899.29746246338,24982.39695739746,722262072,548060600,807703949,62527.035,63449.54,62889.445,43.58137560659986,44.39035146000002,44.220277906400035,60.97928775000001,64.24354625,63.58235715000001,3.3985963237110957,3.4362439436444476,3.4201104391555504,8.33520195,8.545610850000001,8.571577850000004,17579176,17585601,17712414,23722819,93084880,93703910,39,51,50,0.36275592,0.35123727,0.33981082,0.4525,0.5136476,0.48507464,0.9672503,0.98682576,0.9858043,44957,44924,44894,722,548,807
1767597794,11041,11136,11022,137388544,251077120,186304512,461600256,607590744,556805424,18750.09523010254,24282.651428222656,25046.71597290039,332897894,764238521,693163984,58427.543,63647.547,62666.9,46.071937981599994,45.25825299160003,45.19278087960017,64.7729263,65.8899261,64.69500145,3.594394874511088,3.5031352203222514,3.4881250854555503,8.738782500000005,8.771285400000002,8.838839000000002,16579632,15845762,17463665,22361521,83848633,92391938,39,50,50,0.38146362,0.35374123,0.34209275,0.4461153,0.5173267,0.50497514,0.965619,0.9715259,0.9634832,46943,45893,45903,332,764,693
1767682784,9173,12170,12156,283558552,247340112,196361304,692141200,722439552,665288192,19765.303688049316,24268.00065612793,24784.279899597168,822896538,810731029,753408627,61505.9,60953.527,62269.137,44.59327846919986,47.73341365119996,45.971036417400164,66.44035185,70.63696885,67.62262755,3.4859052173110703,3.7240927038444833,3.567187118844415,8.666276100000003,9.281386250000011,8.928535950000002,17140792,16519770,15286143,23123571,87384276,80937232,39,51,51,0.35231602,0.37120438,0.36276814,0.46898264,0.51492536,0.52618456,0.96529835,0.98600215,0.9873138,45984,48927,46904,822,810,753
1767765760,11320,12115,12089,12262,261035520,151313920,259410416,112166400,725015040,523876864,637461776,445882112,19329.32502746582,24325.161834716797,24269.11257171631,25659.383979797363,684870497,659246692,869097998,486581936,62224.91,60774.39,60980.113,59707.22,42.84055034280012,46.79123933779993,47.52962489979988,49.2740752148,62.758954100000004,68.5113144,70.80403935000002,72.74903975,3.3250481497111757,3.6326970288221836,3.7207483521332874,3.8540941558111252,8.305290000000001,9.050948000000002,9.242152550000004,9.243790500000001,17999107,16764742,16496587,16026085,24284528,88741711,87148425,84587400,39,51,50,51,0.36175683,0.36550668,0.369929,0.38314477,0.5187032,0.51358026,0.51724136,0.54,0.9704476,0.98569036,0.98433703,0.98830694,43920,47918,48897,49859,684,659,869,486
1767851513,8334,11119,12167,12217,198717952,215102976,155694352,98550784,578115072,544256176,519703552,442632704,19932.577476501465,24174.27278137207,25284.87294769287,26467.165641784668,688331813,733584095,732308996,522119871,62400.3,62092.555,62129.047,61815.375,43.648371205799926,46.09845539660004,45.24859131479995,46.60027359780019,63.827264950000014,68.80564515,66.38679905000001,69.3640479,3.4063065837888984,3.578785305111135,3.500986572122211,3.622097823733386,8.450995299999999,8.919084550000006,8.673064400000003,8.8187937,17616374,17152566,15526692,15216483,23768830,90818037,82042492,80668570,39,51,51,51,0.3664996,0.3591529,0.35061318,0.36542353,0.4565757,0.5012407,0.5136476,0.5235732,0.9871635,0.9855575,0.98649055,0.9857574,44930,46943,45915,47908,688,733,732,522
1767938077,9157,12105,12122,13118,120634368,148227376,139952816,100506496,450832384,500732944,436430176,631799296,19159.099838256836,23433.355812072754,23143.035919189453,25707.792877197266,368562542,692996480,681317913,350397702,61991.3,59817.254,61566.773,61287.855,43.2600663421999,47.95531459260019,47.44272168140002,48.32966903679996,60.97097230000001,71.02033800000001,71.2689837,72.28776835000001,3.3679391391555864,3.745068525922135,3.708590733277851,3.754929500844419,8.113101200000001,9.2698633,9.257030200000003,9.0454261,17735257,14808296,15012524,16475676,23929582,78279900,79286682,87174611,39,50,51,52,0.36487263,0.36888155,0.37095615,0.37655383,0.4575,0.52605456,0.5325,0.53101736,0.9811815,0.9878451,0.9838302,0.98186415,43944,48914,48882,49904,368,692,681,375
1768024335,9170,12112,12137,12224,122958184,156336128,263203480,239069808,423069664,535309232,723736504,607619968,19350.88035583496,24271.378967285156,24216.795532226562,25603.52702331543,334189354,733164108,845611963,779945671,60857.4,60482.21,60988.805,60102.438,44.714220897800146,47.857987499599936,48.061834739799984,48.075905736200035,64.49044205000001,70.46083345000001,71.73357505000001,70.51660925000003,3.486410157422204,3.7393216063666763,3.7632843561888887,3.7497227610000157,8.4768204,9.1954318,9.25337275,9.176504350000002,17260560,14924254,16497071,16419385,23282050,78958181,87023136,86961924,39,50,50,50,0.36559972,0.36023316,0.3770752,0.38040003,0.45771143,0.5210918,0.5382716,0.54320985,0.9714525,0.9873219,0.9851417,0.9879069,45933,48920,48896,48888,334,733,845,779
1768110070,10168,12060,11097,12090,142425960,136859984,257378816,262573088,409230536,404874240,723919360,629985288,19278.089149475098,25096.09516143799,24352.51399230957,26518.978561401367,434386903,567841785,854796064,757625972,60619.914,61748.926,61417.05,61341.227,44.61814944899987,45.06425246880002,47.56900483299997,46.15669328379982,64.0157079,63.29090775,70.01449690000001,65.38235995000001,3.5044801801777408,3.5131537441999754,3.710257207411127,3.583264319933299,8.506594700000003,8.589697350000007,9.258116350000002,8.761467150000001,17453191,17361208,16696798,17197828,23546572,91970974,88274094,91210352,39,50,51,51,0.35438538,0.354081,0.37590942,0.36292765,0.46134663,0.45885286,0.52238804,0.5136476,0.96712023,0.9872932,0.9847142,0.9882514,45943,45920,48895,46891,434,567,854,757
1768196256,11098,12062,12075,12144,293273248,155779584,148921856,106779136,709312832,570109808,409849856,454410752,19823.547454833984,22357.25277709961,25058.42328643799,25613.23565673828,807374830,729794298,577233224,483040515,59048.18,61521.176,62907.438,59271.09,45.60930538899982,47.93572705760003,44.366420215999995,49.81621016960002,66.0722069,71.9952856,63.7086738,73.60274355,3.568407119288875,3.733986449833348,3.4359257509444454,3.907294481800012,8.786966150000008,9.347519000000005,8.526299900000001,9.434427650000003,16753811,16518407,17567803,16005849,22597979,87358500,92930874,84657400,39,50,49,50,0.36681524,0.38226265,0.3480694,0.3846644,0.46287128,0.539801,0.49004975,0.53,0.9669373,0.97478485,0.9870234,0.98818743,47005,48938,44895,50893,807,729,577,483
1768283297,11457,12086,12083,12069,195556384,243714496,256675728,129492832,580497464,720085384,703661056,596144128,20041.350730895996,23973.945777893066,25055.420249938965,26290.09494781494,718004801,806250539,796896164,313293522,62284.656,62387.066,62633.78,62721.64,43.56517137659992,45.85277903319995,44.61982014760017,44.96914064579983,63.666185500000005,67.90959405000001,64.27536305000001,65.65976380000001,3.3861765761666525,3.5643219303221563,3.4567130770222296,3.4962748104777512,8.422126000000002,8.912548750000003,8.668782750000002,8.449607850000001,17610384,17300528,17450987,17534301,23759883,91480109,92527213,92528119,39,50,51,49,0.35497433,0.359823,0.350427,0.3568231,0.455,0.5137157,0.5162095,0.50124687,0.96465904,0.9880308,0.9857497,0.98583484,44964,46956,45900,45879,718,806,796,313
1768369847,7918,10991,11058,11106,228589568,169218536,118510592,106879688,605951360,469181952,464774656,727323648,21829.41219329834,25734.832023620605,25873.68521118164,28432.659187316895,1808889310,1767019816,1312902668,1154459298,72207.8,70809.3,72359.35,71237.51,36.15565666319993,39.80548315260008,38.44108643860008,40.110693986000065,53.912944550000006,58.3112103,57.1405816,59.263339200000026,2.7900742482333496,3.100418446011071,2.9690058500000287,3.1189838097221503,6.6755823500000036,7.339279150000002,6.9956286500000004,7.306468750000002,21274940,17405282,20575592,19420087,28721300,92266200,108954282,102790674,38,51,50,51,0.38767844,0.40560284,0.40435794,0.41801748,0.49751243,0.52970296,0.51378447,0.5470297,0.97890514,0.9840118,0.9867988,0.9858963,36889,40902,38919,40888,1808,1767,1312,1197
1768455591,9591,12078,12084,12138,262203584,250116120,260164176,102308896,665569984,727197184,724538112,649843200,19267.99432373047,23380.016830444336,24287.580078125,26582.92977142334,774539920,844573230,843925451,503830784,63148.184,61461.97,62292.426,61840.395,43.74073947799999,47.00978051059993,45.40090134640003,47.22171640640003,65.80038215,69.9132051,65.27673175,70.07513110000001,3.4167521641222565,3.663020342844512,3.5427177069444493,3.675306849355593,8.490956000000004,9.170986850000002,8.86315615,8.839555950000001,17499352,16846630,15604368,16708408,23610766,89262591,82646650,88486967,39,51,50,51,0.36326692,0.37550557,0.36136726,0.37917933,0.4552239,0.5286783,0.50124687,0.5199005,0.9807983,0.98741394,0.9870374,0.98895997,44936,47903,45945,47893,782,844,843,519
1768541714,8704,12074,12024,12052,132949024,128456000,129735168,133101056,417976832,412135936,408753664,503254424,19865.61515045166,24717.293487548828,25096.333892822266,27260.52205657959,365875634,497885457,493739102,649989693,65011.297,63108.18,64038.582,62997.402,41.72274132840006,44.68554246519993,43.18235440800004,43.604624059200056,59.5685872,63.52189910000002,61.38303580000001,60.57876920000001,3.2425083820555307,3.471035345955561,3.3411068264111625,3.3856781688777535,7.874583300000001,8.526877850000004,8.2558424,8.31578365,18169224,15826852,18275752,17899188,24521331,83613149,96825042,94839216,38,50,51,50,0.35560992,0.35056993,0.33870497,0.35386956,0.4625,0.45544556,0.4675,0.47381547,0.96747375,0.9677397,0.98771673,0.9847364,42955,45932,43891,44887,365,497,493,649
1768627821,11557,11167,12068,12068,126268704,239224336,117015552,121842472,800317568,582583936,453489664,583629312,19880.15727996826,24323.648887634277,25033.05544281006,26533.470825195312,676735952,733992481,424402718,323108959,64060.977,62750.477,63191.42,62767.215,42.344591310399935,45.209802208999896,44.26317182280009,45.557025697799986,63.05012295,66.25928775000001,64.49664425,66.32333009999999,3.28449095495556,3.511871100277797,3.4394386156888523,3.546912381200009,8.150812700000008,8.884354500000006,8.436736400000001,8.5022816,18142022,15816326,17686353,17471910,24478575,83588212,93526844,92615215,38,50,51,50,0.35025853,0.36379686,0.34950164,0.36331666,0.4565757,0.5272277,0.5062344,0.518797,0.9808762,0.98684436,0.9875752,0.98587835,42946,45906,44888,46894,688,733,424,323
1768714714,9688,12164,12067,12138,110991328,254206560,264897504,148516864,616404960,723069440,726278184,512320008,19184.328155517578,23234.254081726074,24192.438514709473,26610.6824798584,726050975,799465856,834449147,768702419,61115.82,61116.953,62251.473,61213.516,45.41595608020004,46.50789548759991,45.25473519140007,46.48406612419981,70.1276016,68.6656093,65.7538011,68.74827105,3.553235065644422,3.624524916366674,3.5205727669555436,3.617929309244445,8.811622700000001,9.14715335,8.812506899999999,8.945482350000002,16842139,16909831,17571952,16952092,22706085,89617074,93091605,89736855,39,51,50,51,0.37234727,0.3630952,0.356475,0.36465362,0.5308642,0.516129,0.5037221,0.53101736,0.9828945,0.98315406,0.9868027,0.98364353,46010,47921,45892,47883,737,799,834,768
1768801598,10877,12239,12212,12130,278029696,249638400,265837152,122290688,676899840,645548128,723426824,540511744,19353.575706481934,23423.317375183105,24773.26808166504,26618.798217773438,843796626,795936737,800029810,368565966,60551.668,59015.688,63422.473,62233.87,47.07181141259997,48.970255484599974,43.82125430820017,44.92775491800011,69.97519975,72.86396510000002,64.0410741,64.83557680000001,3.6883985515555744,3.8111770275778087,3.3962387231777886,3.5041690456334043,8.92581,9.565432550000002,8.564694400000004,8.4818602,16457241,15962656,17827720,17443652,22194132,84416407,94424681,92445148,39,51,51,50,0.37694648,0.37495935,0.34905007,0.36193907,0.46867168,0.5199005,0.5111663,0.5049505,0.9773078,0.98530096,0.9859936,0.9873918,48015,49927,44901,45900,843,795,800,368
1768887376,9041,12154,11175,12164,104403968,247973752,188366960,145777664,442512896,701381016,574085344,471248384,20006.54741668701,24068.65766143799,25109.359466552734,25565.52593231201,339843319,741702971,770811766,685519100,63941.316,61689.895,63092.363,60414.535,41.48553824300005,46.23078706080001,44.93362812520011,48.50480639159986,59.33329465,66.96140615,65.51709575000001,71.7398915,3.211679615111117,3.5819248228333613,3.492036738477814,3.782122292633302,7.784442200000001,8.98306505000001,8.709832600000002,9.2672734,18329085,17015950,15652469,14842503,24741877,89908105,82850194,78547417,39,50,49,51,0.35069355,0.3700873,0.35379106,0.38726905,0.45885286,0.50248754,0.48267326,0.5470297,0.9634058,0.9848669,0.9862858,0.986599,42936,46899,45909,49894,339,741,770,685
1768974023,11659,12095,12044,12204,274328560,269804264,231750056,262828544,716822528,706484736,605220256,715126352,19973.576057434082,24019.985847473145,24253.11139678955,27439.145782470703,765420897,815748994,745647508,815529355,63745.676,62015.594,62136.434,61707.99,43.42600302440003,46.17442802400008,45.80838361559997,44.82652472540008,63.347331000000004,68.5495486,66.9030113,63.05795760000001,3.3806853243333954,3.5877331013666667,3.567594948955553,3.471171744255532,8.381994750000004,8.986149700000006,8.86951505,8.621935150000004,17704768,17106224,17404956,17438853,23888215,90515158,92119153,92299162,39,51,50,50,0.36047626,0.36431408,0.36448947,0.35578138,0.45024875,0.5037221,0.5199005,0.5,0.9821265,0.9853196,0.9881233,0.98703724,43972,46924,46884,45879,765,815,745,815
1769059966,11860,11142,12186,12113,135274240,154966208,142303856,108592752,404536816,449630208,449206080,631993856,19946.952697753906,25071.676040649414,25007.246353149414,26559.076065063477,1418428166,1879264090,1726274975,1082694732,70244.125,68167.45,68368.875,68636.445,41.38643052940009,42.61527276139993,42.360958440000005,43.246029539199924,63.00221015000001,62.31764530000001,64.81275040000001,64.7145141,3.2414657368333106,3.325827925466647,3.3059826039111337,3.3932586221332834,7.643065750000002,7.74287675,7.799681100000002,7.826635950000009,18168850,16504518,18479024,18290603,24518156,87317464,97805137,96765359,39,50,51,50,0.42923287,0.4086328,0.41666436,0.4255029,0.5124378,0.48877805,0.5735661,0.5771144,0.9816035,0.974301,0.98572,0.9854044,41943,43897,42882,43884,1418,1879,1726,1082
1769146415,9611,11212,11134,12190,274872800,241946624,157465328,158714376,757170760,663937816,496610816,528012288,19948.31120300293,24270.279319763184,24188.427459716797,26458.36675262451,739287871,730907889,705966400,722330667,61967.72,61627.86,62235.53,61651.438,44.647613886200034,45.747292055599985,45.98549551439987,46.57383205119998,65.44837070000001,67.06420355,67.04088075000001,68.5715105,3.4747668727888867,3.548112637666608,3.583049830755498,3.631606109633332,8.629822600000004,8.876598200000002,8.97251115,8.903024600000009,17067641,17147111,17151131,15324550,23016504,90578629,90752730,81040609,39,51,50,50,0.36198136,0.36543876,0.35925737,0.37377864,0.5199005,0.5272277,0.5124378,0.53846157,0.96620744,0.9867479,0.9873749,0.98561954,45996,46915,46898,47891,739,730,705,722
1769232582,11753,11152,12060,12034,275420672,200947936,276598264,123490304,686286848,559363584,727440896,565762048,19984.14626312256,25106.660118103027,25061.84259033203,26453.775367736816,730501394,774771722,863996261,385851437,62710.445,63306.785,62987.61,62767.293,43.0533234084001,44.14007688539993,44.499251557399894,45.34349550079998,61.78171090000001,63.082477550000014,64.96062060000001,66.9518857,3.359380698700054,3.433455788344517,3.4547357698666796,3.513526917622219,8.3714711,8.556663350000001,8.6794379,8.491963300000002,17891540,17709373,15775432,17315825,24142464,93760176,83443394,91597792,39,51,50,51,0.35768667,0.3474403,0.35332662,0.36473978,0.460199,0.48635235,0.49004975,0.52463055,0.9754871,0.98486537,0.98422235,0.98672503,43962,44909,45903,45879,730,774,863,385
1769405906,9162,11176,12055,12136,281208368,135214304,241839104,120587776,730377192,455448144,701038768,511112192,19950.723175048828,24283.358757019043,24171.958572387695,26358.605995178223,702326642,591568826,832033617,429567824,64537.633,61949.64,62303.91,59665.5,42.49028792399998,46.07311493559985,46.28340889279997,47.595731493200084,62.109498200000004,68.21827680000001,69.48831425,71.09335455000002,3.304326908744447,3.5792053092999883,3.5979506542555795,3.7163249862889183,8.248226800000003,8.900692600000001,9.02227295,8.9371892,18001247,17158645,17119412,16632899,24286174,90651640,90575741,88072749,39,49,51,51,0.34349397,0.3618373,0.36467797,0.3639184,0.4552239,0.5162907,0.51122195,0.53349876,0.961479,0.98740053,0.98671895,0.9881367,43926,46918,46895,48919,702,591,832,429
1769496323,11262,11161,12006,12122,259612368,264720584,254124144,167107368,847775240,721781600,701494272,512778552,19922.503135681152,25118.199668884277,24369.1932220459,26603.077514648438,735440975,824528850,850634994,691135038,62635.48,61262.668,61597.742,60730.66,43.663435660200214,45.82465639719994,47.006420958800035,45.95968430239989,64.48793660000001,67.56412680000001,69.71384450000002,64.89879645,3.3940439093443953,3.575707779666699,3.6688272963222595,3.5830236048555584,8.456233100000004,8.970476000000003,9.114386000000001,8.747628650000001,17570395,17064232,15224734,16951794,23702278,90286762,80423629,89768034,39,51,50,50,0.34937963,0.36188346,0.36949515,0.36195183,0.47524753,0.519802,0.5187032,0.49625936,0.9674448,0.98640656,0.9868061,0.98707205,44944,46914,47903,46894,735,824,850,691
1769582991,10150,9796,11004,12010,217920232,168203776,119473120,102657592,622822664,491681672,457160192,604684288,21749.356979370117,25772.294509887695,25932.70516204834,28379.68569946289,1817589934,1746116285,1377449471,1070092973,73643.13,70989.6,72450.17,70608.555,35.24786473160001,39.04353720899991,38.80494156900003,39.80786200339996,52.4977924,56.48588200000001,56.518011400000006,57.08924540000001,2.7236656837889086,3.0315392149222133,3.007034625988885,3.1015146124222195,6.43674075,7.163643050000001,7.136537200000002,7.205052050000001,21936577,17658808,20282360,17387206,29613366,93436515,107679483,92010646,39,50,50,49,0.37814137,0.40610495,0.3996442,0.41012377,0.50124687,0.51492536,0.5,0.4751244,0.9750817,0.98544204,0.98557585,0.9844511,35903,39894,39890,40896,1817,1746,1377,1070
1769670973,10692,10974,11044,12058,130410688,218748672,124656128,97047552,437866808,493832192,424800928,443770880,21766.273544311523,25915.87599182129,25597.883270263672,28151.374801635742,1532568133,1799984880,1586423898,1386573390,72832.53,71331.03,71383.47,70730.14,36.04157623739987,38.74305834859996,39.0341221007999,39.915826546200066,55.82422995,55.566088199999996,56.69344660000001,57.312722650000005,2.779469562700013,3.003304035633351,3.0284352867332984,3.089239083611131,6.6348018500000014,7.11686415,7.092071700000001,7.186347850000005,21386611,18256206,19835112,19937313,28867403,96830125,105075233,105414098,39,51,50,50,0.3849675,0.4005625,0.4029442,0.41271406,0.5187032,0.46153846,0.4725,0.52853596,0.9714717,0.98425764,0.984915,0.98552835,36906,39906,39893,40873,1532,1799,1586,1386
1769757914,9061,12201,12212,13065,274081232,129599808,233269568,228185152,683383296,398059008,609705120,597345120,19319.602447509766,23410.533599853516,22536.869522094727,24677.90589904785,825984280,557789309,851547506,835668790,60441.68,60392.92,60138.402,59009.293,48.679955455600016,48.31398117360008,51.04836704460002,50.61338906719981,71.18570980000001,71.79920415000002,76.08469590000001,75.90397765000002,3.826673201199971,3.7745051834110903,4.006898428411092,3.963364814844516,9.34402955,9.2454096,9.9017066,9.698280350000001,15889027,16297974,15506740,13989960,21419814,86141342,81812464,74049067,39,51,51,52,0.38496572,0.37288722,0.39705893,0.3896087,0.48762375,0.5272277,0.5497512,0.5459057,0.9750367,0.9888019,0.9835232,0.9756408,49981,48935,51900,51880,825,557,851,835
1769843768,9362,11142,12100,12142,112284232,244625920,149032128,163520512,388923600,609626448,472142336,476471296,19186.46630859375,25089.554321289062,25046.2924118042,27432.78825378418,360808942,811314664,601517013,676592286,64390.242,62791.227,62790.605,62120.85,41.56046081999992,45.39759232679999,45.091280883200014,44.84662348840007,60.94021335,64.40733395000001,65.48089485000001,62.832631750000004,3.2198714813777563,3.5320271919777824,3.492714488144432,3.4792121278888986,7.930170000000007,8.783974650000001,8.756514350000003,8.504112600000003,18495824,17208090,15729854,15753364,24961876,91152948,83147449,83246541,39,50,50,51,0.33780652,0.35300055,0.3564635,0.35443783,0.45,0.44334975,0.5012407,0.4729064,0.9621087,0.9852012,0.98457277,0.9857634,42917,45972,45887,45889,360,811,601,676
1769931416,10791,12123,12100,12225,107798016,132216048,265616984,139366208,436185088,442159616,703456496,474970496,19653.599082946777,23512.73927307129,24256.357597351074,25570.560737609863,370943248,489534909,798972553,654152348,61710.945,60771.2,62141.3,60441.42,41.498674402799956,47.44743890780013,46.914860692,47.86808956840002,62.96999150000001,67.36796720000001,70.8582346,70.78446935,3.2237317888999977,3.695827244166655,3.6545827291555626,3.7346259854889365,7.880652100000002,8.934112450000004,9.2111718,8.993272500000002,18406600,16675624,16769649,16523023,24835915,88314449,88723746,87426170,39,51,51,51,0.31386375,0.36858332,0.3723974,0.3807151,0.43283582,0.46882793,0.5199005,0.5137157,0.96044016,0.9837081,0.9861473,0.9876372,42923,48937,47853,48870,370,489,798,654
1770017660,8396,12087,11146,12177,183169536,235947832,172462792,246424536,542785536,590788936,560678912,609583104,19229.81244659424,23280.884132385254,23416.222480773926,25611.96869659424,649888482,766574903,742613722,866343195,60974.613,60961.133,61520.44,59736.16,43.881028929400095,47.097443666400146,48.278357889000034,47.84543349240004,61.99551150000001,70.1482591,73.6071016,70.7204487,3.425042019577743,3.6547264007444875,3.7562414752332987,3.742567896644485,8.38827475,9.187827200000003,9.353823300000002,9.2601038,17604672,16785032,16458045,14868059,23752845,88682825,86995448,78549016,39,51,51,50,0.37562668,0.36886194,0.38764772,0.38619664,0.4775,0.52227724,0.54950494,0.5407407,0.986943,0.987284,0.98814553,0.98804504,44924,47911,48910,48840,649,766,742,866
1770103475,10916,12104,12106,12133,234263456,248225792,241608720,135552208,614294144,605268352,606985504,475695104,19885.716987609863,24306.064346313477,25065.0965423584,26518.822410583496,713443303,724243721,789301081,572599977,63200.02,61301.04,62045.58,61461.47,42.712290102400026,46.19478361420011,45.01744727539994,46.04181006499992,62.7857971,67.53843055000002,65.31712030000001,66.44894440000002,3.3263575319222305,3.60546994706667,3.5105312154222026,3.5863635480333445,8.27807655,8.981335800000002,8.788999350000001,8.779444650000002,18003896,17185436,17369776,16957554,24294373,90820811,91973209,89712228,39,51,50,51,0.33922422,0.36729643,0.35214835,0.36961004,0.4625,0.535,0.5012346,0.54679805,0.96717435,0.9852354,0.9848978,0.9876112,43921,46911,45900,46879,713,724,789,572
1770189585,9349,12192,12053,13163,268642528,138641568,134451824,231466832,774211720,447572392,452408320,666296832,19248.513465881348,24352.85654449463,23420.389389038086,24712.18522644043,715131818,622514839,621927275,873354202,62117.84,61549.008,61157.24,60247.605,44.7477180536,46.20221340059998,50.090121862200085,50.77060964959997,69.75214725,69.18294625,76.01652510000001,74.73983820000001,3.4709410850000495,3.5961788490332998,3.91849468595554,3.9709350559333085,8.739947100000006,8.9287454,9.723861500000002,9.760998550000002,17356712,15312329,15693752,15818215,23402380,81135204,82764285,83582905,38,50,52,52,0.3624572,0.35990587,0.3986641,0.40408698,0.5160494,0.5187032,0.5483871,0.53634083,0.96876377,0.9862914,0.98846674,0.9904222,45926,46900,50887,51894,715,622,621,873
1770276837,10737,13162,13091,14192,120780800,239024536,217422848,132627968,455081984,685205504,646814560,458417856,18723.669174194336,22551.893257141113,21656.042442321777,23753.97551727295,316371545,881349097,872055675,706705063,57946.73,57965.812,58781.29,57180.71,50.04926682739996,51.71116346540007,53.26676154659994,53.88603782819989,74.6782017,78.67752025,81.31391435,81.50271305000001,3.9452789595777706,4.039161940511117,4.18520051325558,4.227040215366643,9.346060700000002,9.8838318,10.37564105,10.22646005,15259130,15036423,14773359,14774913,20564347,79418815,78133676,78179180,40,50,52,51,0.3998913,0.38902953,0.41487497,0.41142157,0.4800995,0.53731346,0.5519802,0.5483871,0.9897379,0.98767275,0.9887115,0.989681,50985,52917,53900,54883,316,881,872,706
1770362761,10027,12158,13075,12086,289594304,117122960,261332256,113461248,681949872,440282112,703304736,442212304,19960.427032470703,24368.74520111084,24191.87441253662,26488.59075164795,770769548,446893098,798128058,457056657,64353.023,60996.703,62645.176,61805.016,43.27189998900004,46.76977036779997,45.46292243119998,46.806868368600135,63.22350800000004,68.2741528,67.88222195000002,68.69423385,3.371622075055597,3.6442707164555,3.527129896800034,3.6375997544222125,8.389025950000002,8.952160150000005,8.851172700000001,8.850714600000003,17700768,15160724,17161896,16767091,23884283,80090828,90818480,88627292,38,51,50,50,0.3634583,0.35930893,0.36468413,0.3794652,0.45386535,0.5210918,0.5173267,0.5320197,0.9736401,0.96909046,0.9821046,0.9875158,43973,48924,46889,47892,770,446,798,457
1770448167,9245,12198,12246,13162,263458360,255135360,178221632,158804480,665049088,701905928,553161224,520887808,19092.104164123535,23218.255096435547,23411.3126373291,25600.026336669922,764600865,835447402,744793656,744041948,62103.07,59679.395,60758.773,59577.07,43.91677180540009,49.0105228197999,48.78804352740009,49.07900702480011,69.41592160000002,73.0587153,72.9325389,72.27414569999999,3.4261819530444058,3.8342274537443584,3.818590499433365,3.8383467542777647,8.6065402,9.49756625,9.267056750000004,9.346423050000004,17664544,16029154,16265695,14659428,23826605,84672787,86095106,77476762,39,51,49,51,0.3513441,0.38279504,0.38477919,0.38411933,0.5160494,0.5199005,0.5247525,0.53333336,0.9704463,0.9881835,0.9880112,0.9881981,44945,49956,49857,49889,764,835,744,744
1770536174,10433,11890,11089,11125,182265696,101052480,142141632,108564584,510931040,653201408,456864240,780975616,20545.05625152588,24857.604515075684,25923.731101989746,27382.79168701172,1655500766,982933046,1713351896,1615183566,70532.94,70446.13,71896.64,70830.28,37.05505329760005,40.34669992440008,39.3503849015999,40.66732476279996,55.11815295,60.37216335000001,56.87289535,58.3875128,2.8809853687111495,3.1379218372000355,3.052936920200052,3.160936418433324,6.821715300000001,7.31196975,7.239142850000003,7.378796700000002,20942468,17112847,19906946,19268757,28267120,90595101,105545082,101982515,39,50,51,51,0.41570064,0.40529284,0.40050468,0.41766292,0.51122195,0.5375,0.491358,0.5382716,0.9862904,0.9853684,0.97811174,0.9851122,37893,40909,40875,41876,1655,1038,1713,1807
1770622952,10525,11152,11064,12072,281527680,265462368,115900928,130871808,705253928,727462400,440674432,498779136,19866.427360534668,24282.543815612793,25044.692680358887,27362.221794128418,703541047,800600087,473770997,436640303,62806.88,61732.12,63967.812,62390.406,42.678586888599895,45.355640053599835,43.90162880800008,44.944481158399974,61.24807535,66.58029175000001,63.833283200000004,64.04216875,3.3132267730778056,3.5336013175666916,3.3950046040999924,3.4943356341222302,8.106685200000005,8.816016150000003,8.3069712,8.39184155,17971487,17474920,17897703,15655252,24251141,92548555,94721128,82921653,39,50,50,51,0.3597538,0.36226794,0.34939587,0.35770333,0.46134663,0.5074257,0.516129,0.5111663,0.9877067,0.9868749,0.98721445,0.9851382,43958,45908,44884,45881,703,800,473,436
1770709288,8338,12087,12098,12162,276129472,254717344,175277352,141929504,731153112,588664208,580521088,423280640,19938.026008605957,25131.20969390869,25190.780380249023,26521.577346801758,774286586,767755319,696058214,571678226,64160.605,61580.066,62102.16,61840.01,43.451023480200014,45.37608649620003,45.2501416342,46.68928435920005,64.67871755000002,66.00403039999999,66.00947565000001,68.97560695,3.393334646422182,3.5282076362110644,3.528392045711118,3.645473232300011,8.4590335,8.875294650000004,8.8178745,8.879038500000002,17715289,17246102,17320679,16847520,23892496,91158885,91557307,89143648,40,50,51,50,0.34820676,0.35860044,0.3595946,0.37208655,0.51741296,0.5160494,0.5187032,0.5136476,0.9641877,0.98627114,0.98622733,0.98778105,44951,45917,45894,47889,774,767,696,571
1770795574,8592,12132,12132,12126,284168992,230514176,152509440,100616832,756970144,571825152,500708864,604239872,19824.45344543457,24234.203491210938,24240.9493560791,26320.7781829834,764578389,777364223,701842793,471168689,60089.047,61894.133,62641.68,61819.41,44.67317954859995,46.30075599379997,44.974634871999946,45.61850164840005,63.433830650000004,68.44927195000001,65.6896203,65.63930865,3.5050586240222388,3.5986358912999923,3.48001108045556,3.537859512622203,8.610349050000002,8.8912902,8.592570200000004,8.50772765,17085224,17039626,17681642,17401826,23053237,90262193,93559042,92215182,39,51,50,50,0.34453607,0.36429977,0.3546139,0.35600734,0.4488778,0.50497514,0.5099502,0.47524753,0.96708363,0.9859398,0.9870027,0.9865187,45982,46913,45895,46894,764,777,701,486
1770882708,10468,11222,12122,12087,107556352,253367552,237727368,119602688,436706304,725218304,608804864,485358080,19349.928703308105,24288.22972869873,25130.40899658203,26508.25910949707,334555935,828491734,808489220,420755829,62444.977,61718.21,62057.266,61478.414,43.26973959339997,46.06529990140003,44.894465299799855,45.526327999600085,65.6456489,68.20687050000001,64.08245055,65.5463711,3.358249645833333,3.5873670822999952,3.483910281977752,3.5517937941666733,8.371962800000004,8.978881300000012,8.777300250000009,8.561652950000001,17773816,17225789,17430218,15686840,23972991,90975479,92258736,83082592,39,50,51,51,0.36414078,0.36900577,0.35031506,0.36446744,0.5311721,0.515,0.5123153,0.5,0.98817176,0.9853043,0.98351187,0.98450917,43936,46911,45884,46898,334,828,808,420
1770968017,11442,10982,11003,12048,264525192,114027008,152590448,123477296,680932352,472969728,441916928,456173568,20624.787994384766,25915.458808898926,25842.04689025879,28436.82527923584,1985412377,1332693540,1764055602,1616492461,78390.24,79184.74,79828.75,78349.695,37.79416890659998,39.712824800199876,39.41421166240003,39.71805318139992,56.74322295,56.3492333,56.60627405000002,54.8330697,2.9320010119333197,3.089432668822214,3.0624010634110768,3.092114239199984,6.866472450000001,7.217152499999999,7.098885000000002,6.997713950000001,20470466,17737838,20051844,17643361,27629920,93290412,105643318,92827115,39,50,51,51,0.4008146,0.39485478,0.39679137,0.39902788,0.5012407,0.5411471,0.54477614,0.48387095,0.986427,0.9819681,0.9825778,0.9807293,38925,40902,39913,40884,1985,1332,1764,1616
1771053730,9098,11267,12199,12262,285929192,259706368,245210120,123181672,727936416,640934416,701743432,462206560,19881.853385925293,24180.956733703613,23437.80401611328,25599.7181930542,704930707,819650782,824840757,630383101,67487.66,65945.625,66004.5,66430.984,43.840245552400035,49.320132861600015,48.92817286939991,48.841073431200044,61.9375463,70.93323720000002,70.87888600000001,68.60747285000001,3.4179166095666806,3.8650060644888655,3.835883960455574,3.8303182023000018,8.324898100000008,9.54126365,9.530541350000002,9.123680750000005,17402284,16201475,16410884,16389235,23480739,85063980,86354656,86213310,39,51,50,51,0.33854827,0.3569553,0.3588282,0.36316264,0.4413965,0.49754903,0.509901,0.4937656,0.9835406,0.9853062,0.9864707,0.9881201,44943,49935,49890,49861,704,819,824,630
1771140618,9152,11248,11193,12108,145319072,252823560,140573656,123130880,442293216,744872752,456574784,528751616,19833.237716674805,24093.29148864746,24183.913612365723,26306.726768493652,360700230,813918864,574576935,375835749,68978.11,67738.88,69567.56,67526.79,42.33451593959991,47.70362756079982,45.96511374759979,46.583637104200086,60.47105965000002,68.57574990000002,64.2713001,65.21033295000001,3.2849567114889027,3.745067032644434,3.594439777744451,3.646557758377766,8.020603450000001,9.230629400000005,8.736317800000005,8.6475247,17814992,16706700,17448488,16845717,24039045,87757341,91586489,88450596,39,51,51,50,0.33453238,0.35251307,0.34272164,0.3488256,0.42821783,0.4950249,0.47783253,0.4937656,0.97954184,0.9828746,0.98674345,0.9864792,42931,48946,46890,47874,360,813,574,375
1771227727,12131,11300,12175,12175,170139648,255159888,159795096,137861120,538617584,653195512,501941088,410349056,19906.426887512207,24282.541961669922,24077.25521850586,26529.07521057129,620811602,789768052,759495650,596350378,68205.04,66867.91,67194.0,66233.26,43.92866707699996,46.84082653380003,46.8957274717999,47.48830988260009,65.50620810000001,66.54905029999999,67.5468024,67.49435240000001,3.40665876464443,3.6501362284222156,3.6511313263555354,3.7234792692666865,8.503846750000001,9.067164150000005,9.0602256,8.902646550000002,17669251,16894977,16993105,16781662,23841105,88785939,89146805,88270193,38,51,51,51,0.3402666,0.34349853,0.34581506,0.34841803,0.4325,0.48138958,0.50248754,0.4975,0.98134714,0.98611766,0.98660755,0.98390025,44939,47896,47896,48874,620,789,759,596
1771314222,9208,11345,11296,12222,292564992,265885184,239444424,244975088,802169232,772663216,702362112,668009616,19954.343742370605,24310.55499267578,23351.36092376709,26554.50576019287,794934575,852762940,808294753,863244056,65738.7,65028.176,66713.69,66721.72,44.95630956020014,49.67893107219995,47.91341525679996,48.114160554200026,66.10489725000002,69.90226065,69.74183595000001,67.57362475000002,3.496022240377779,3.9170194846889244,3.7394550444222445,3.760116965355583,8.624650950000003,9.6147097,9.2418013,9.19235695,17049180,16064995,16681520,16498872,22997576,84397554,87539917,86718040,39,50,51,51,0.33830574,0.35315967,0.35292128,0.3522842,0.4289277,0.48762375,0.5086849,0.4888889,0.9720604,0.98351187,0.9832496,0.98457247,46184,50931,48881,48877,794,852,808,863
1771400674,11353,11271,11291,12233,231283712,129574400,249282848,123516928,628947968,460571824,741611008,551109632,19385.772102355957,23526.17398071289,24251.30170440674,26613.76628112793,708687566,440548959,799943538,365585702,64451.81,66720.45,66502.9,68510.34,46.44100068939989,49.03977026219986,47.49315036020007,47.45600331299987,66.4098698,70.36869030000001,66.9657457,66.73055145000001,3.6047663119111526,3.8314796284000288,3.701534274644461,3.6992914254667055,8.75449895,9.448743750000002,9.151897300000002,8.719857200000003,16749943,16387945,16704169,16731006,22593664,85875699,87739921,88010000,39,49,50,50,0.35763928,0.3609788,0.33782047,0.34931302,0.44416875,0.5025,0.48883376,0.49379653,0.9836757,0.98656785,0.9656545,0.98373324,47946,49909,48884,48870,708,440,799,365
1771487539,10408,12208,12145,12233,249763840,220858608,163577856,248970720,703606864,650742256,583982848,668623216,20009.41862487793,23447.546531677246,24232.18782043457,26628.143180847168,705972832,806950667,738271745,899988199,64511.7,66415.49,67531.94,65842.73,45.820504546999956,48.650957980000086,48.1512825024001,48.92859314120018,65.19525285,71.49420175,69.9093479,70.87279085,3.575083500366715,3.816646678711116,3.7722681274889243,3.832631446922214,8.71368065,9.474190250000001,9.19709965,9.33659115,16605191,14937381,14973136,16283105,22397633,78458528,78628298,85496281,38,51,50,50,0.35966125,0.3603521,0.3564854,0.36302507,0.44389027,0.5275,0.4975728,0.50753766,0.97352844,0.9851105,0.9848786,0.9846473,46978,49909,48877,49875,705,806,738,899
1771573212,10981,12157,12220,12208,237879256,201058496,137346512,242809856,683597888,611761664,448767000,683657920,18633.155563354492,22678.64614868164,23363.13599395752,24694.292770385742,744802202,819310198,658678670,922977021,58483.312,58436.27,61383.184,59719.613,47.466989231599946,51.096589907400045,48.66244709199984,51.09752122460013,69.3262905,76.12948795000001,72.01141360000003,75.70361220000001,3.7324570190888693,3.989377776444448,3.800707064433337,4.007235025200005,9.004893400000002,9.802755900000005,9.25261055,9.79426115,16229593,14109477,14775934,14119951,21876900,74525552,77927746,74563109,39,52,51,51,0.3958263,0.3858342,0.39044267,0.40493467,0.53366584,0.52130324,0.53349876,0.5346535,0.9831583,0.9777503,0.9880467,0.98376495,48971,51914,49906,51896,744,819,658,922
1771658627,11090,11180,11120,11129,281385616,120874496,130944816,142484480,708245504,466347520,446591488,473227264,19904.654945373535,25153.298683166504,25045.51488494873,26550.33706665039,732198328,454508254,427570946,711532321,63464.113,63539.277,63853.258,63396.043,42.81610679800004,43.84133269859999,43.53652763059994,45.07983464959992,62.87132115000001,63.92446705000001,63.32108825,66.5992931,3.321464185000001,3.3947286678666657,3.3789393939444503,3.508970497133322,8.300942200000003,8.335784550000001,8.301352600000003,8.75836925,17894945,16119946,16298873,17659570,24145997,85277172,86048097,93392189,39,50,51,50,0.37082422,0.35116634,0.35479325,0.37011883,0.52238804,0.5175,0.5025,0.51970446,0.96859306,0.9866999,0.98528236,0.9875367,43940,44942,44908,45890,732,454,427,711
1771745425,11087,11078,11142,12102,275352224,270621848,232405648,146425304,712223816,753117152,586774016,469305824,19871.140464782715,25131.23773956299,25035.548500061035,27374.186431884766,736577814,819792715,708698934,614334114,62940.125,63029.29,63544.227,63013.695,42.43153950320013,44.66974201919994,43.559070062200036,44.561416574400035,60.354423100000005,65.34936055,63.352014900000015,63.9369263,3.2918959041444675,3.471206345811096,3.3615927277333535,3.4597658644555924,8.247950050000002,8.70339775,8.468833750000003,8.499342500000003,17910912,17552444,16258456,17610498,24166841,92674800,85973776,93138562,38,50,50,49,0.34925404,0.35373998,0.34771934,0.35738102,0.46898264,0.51237625,0.4950495,0.49253732,0.9607659,0.967369,0.9834494,0.9851915,43924,45925,44899,45882,736,819,708,614
1771833022,11516,11015,12181,13172,143348240,203743088,190538280,104372608,467995144,491575472,556076032,697072640,19868.006462097168,24212.09730529785,24941.577270507812,26349.422691345215,1662757383,2026133674,1961140545,1508064096,72222.26,66610.29,68495.16,68683.42,40.06547604460013,43.60754566119992,41.813437878999956,42.92764692760004,61.60161070000002,65.70739825000001,62.40918450000002,63.72317460000001,3.1452301784444434,3.4193914668889063,3.269018602944384,3.3623560976333633,7.479540500000001,7.899770550000003,7.6422171,7.759394000000005,19041030,16324554,16741592,18430798,25692232,86218547,88403985,97528557,39,50,50,51,0.41588706,0.42749926,0.41927505,0.43228975,0.51492536,0.5891089,0.5760599,0.57462686,0.9844823,0.9846661,0.9854472,0.98713374,40931,44932,42892,43873,1662,2026,1961,1551
1771913989,11936,12100,12098,12142,271772536,143717376,248891840,122736128,756497392,499154432,704494080,523215360,19343.002967834473,24221.580696105957,24159.341499328613,26480.747749328613,748601693,398966861,812385901,415474980,60475.105,62465.414,61612.61,61767.395,44.64275416179991,45.7476382334,46.36482070679993,45.77204369220002,66.75296524999999,67.63992465,67.23952650000001,65.58874065,3.4778314435555884,3.564898497211109,3.6071288947555495,3.566877788055559,8.65699655,8.78279455,9.000152800000008,8.520956350000002,17236714,17307138,15428055,15295807,23247475,91216973,81594610,80898138,38,50,50,51,0.36622688,0.3666062,0.37040517,0.37101313,0.460199,0.5160494,0.5235732,0.52227724,0.9853971,0.9868015,0.9874414,0.9873818,45933,46914,46918,46893,748,398,812,415
1772001332,9543,12216,11121,12096,281666104,165137920,250125688,126396928,708348888,533841808,653699392,554392576,19391.07032775879,24268.071899414062,24221.407806396484,26601.064323425293,714138475,687928639,824928692,355529996,62425.23,62800.34,61610.88,62758.695,41.69919353659998,45.24868949520005,45.854021137200114,45.642339240200066,61.73341325000001,67.06636700000001,67.33849950000001,66.80475255,3.2319449999555867,3.5207649584333347,3.5746752483666886,3.5509246898000253,8.170762300000002,8.777286400000001,8.8759479,8.5011363,18226863,15839612,17364599,15560064,24590388,83677523,91961661,82230742,39,51,50,50,0.33567828,0.3671558,0.3655464,0.36734325,0.4565757,0.51358026,0.5270936,0.5124378,0.9712259,0.9862622,0.9863113,0.9867569,42913,45936,46890,46891,714,687,824,355
1772091507,12122,12068,12143,12280,273878096,161162752,133268384,228228776,759561600,524611256,393999360,680213440,19895.923751831055,24082.147659301758,24278.28385925293,26585.862922668457,733222495,667098306,581718038,790203832,66517.74,67192.52,67398.54,66637.484,45.10250040399998,47.01965538059988,46.36362988939992,48.18909211279998,65.97078395000001,68.07017330000001,65.59378050000001,67.2284265,3.505977699333309,3.6703977061444286,3.610055725811091,3.780578927066691,8.64267165,9.061784200000009,8.86829715,9.1705375,16925753,15391662,15570092,16555568,22834425,80646411,81681043,86978558,38,51,51,51,0.3435381,0.3533611,0.34281808,0.3630513,0.4475,0.48756218,0.48768473,0.4962963,0.97428364,0.98467124,0.98728895,0.9866807,46049,47912,46902,48883,733,667,581,790
1772178385,10094,12165,11198,12167,286673920,264358400,248334256,243614232,902690304,657097184,635302912,683804320,19957.3849029541,24277.98854827881,24349.42840576172,26316.967407226562,625229734,817732914,803038337,824718109,66207.695,67465.37,68161.1,68139.34,43.94433165759989,47.03762662839993,47.09225976000009,46.38669819960003,59.43411040000001,66.1152335,67.2850488,65.24798905000002,3.459577139422234,3.6834585063777565,3.68773641326665,3.613378926988907,8.330741250000003,9.206510050000002,9.199560550000001,8.740171000000002,17785900,16868433,16866432,17058387,24008665,88458392,88687198,89467022,39,51,50,50,0.3342536,0.3542507,0.35614184,0.3497303,0.426799,0.4975,0.50497514,0.48635235,0.9855772,0.9857167,0.9857767,0.9806149,44919,47898,47884,47875,625,817,803,824
1772263074,9074,12381,12273,13209,180922768,116390400,155271848,234538752,676040704,431390280,586636800,602746368,19251.491333007812,22519.552940368652,23397.092262268066,24634.13491821289,794524273,511879001,742034925,744423526,65736.805,65418.31,66629.414,65160.72,48.08442425940003,51.32176382900005,49.88157609760001,51.783908190399956,66.119221,75.8408065,71.85111775,75.60383600000002,3.778066931522212,4.036941627022185,3.915896509711145,4.078525582866684,8.963950500000003,9.772126000000002,9.522263200000001,9.695595200000003,16105997,14236647,16041041,15505188,21716656,74742825,84153340,81301012,39,52,52,51,0.3752576,0.37478817,0.3645274,0.3802645,0.4540943,0.5160494,0.50246304,0.53101736,0.9778791,0.9886956,0.98571837,0.98849523,48972,51929,50877,52883,802,511,742,744
1772350894,11767,12214,12208,12286,268877816,249564968,255397888,142965872,690642136,642040952,724763872,482897920,19289.898612976074,23522.26922607422,24227.197471618652,25581.39044189453,743529531,825623178,824756534,722630998,63672.0,66829.6,65943.32,66824.95,47.19581921760005,49.76583802120005,48.27191257760012,49.06545253120013,67.12505595000002,73.88631015000003,69.51500680000001,70.59167015,3.699584724377755,3.918057893322309,3.7837405564333615,3.8623126425888983,9.058176300000001,9.647619950000005,9.300100550000002,9.321711650000003,16170038,14674857,16457036,16396756,21802011,76971715,86324072,86118014,39,51,50,50,0.3662884,0.3678085,0.35472488,0.36813638,0.4475,0.4987593,0.4950249,0.50617284,0.9884809,0.98496133,0.98716825,0.98698115,47989,50909,48885,49873,743,825,824,722
1772437272,8650,11287,12143,12245,243488832,259737680,174730864,150836160,646151608,751662312,589221552,418146880,20029.92017364502,24285.684257507324,25096.479347229004,26486.294479370117,728182663,842100497,734627664,642453244,67474.555,67210.64,67749.625,67330.5,44.63505558720004,47.43415509980006,46.41997637160006,48.324151151600034,64.10171960000002,67.14991694999999,66.39598360000004,69.14426165,3.4875813021222477,3.693975130777766,3.605767894066668,3.7824016972445005,8.546073300000002,9.131379650000003,8.918919400000005,9.051507650000001,17074549,15259024,15370994,16576752,23034298,80071962,80554605,86963083,39,51,50,50,0.33678707,0.34554777,0.3366875,0.36264554,0.44527364,0.48621553,0.48138958,0.5037037,0.96478754,0.98279953,0.98214877,0.98698926,45965,48908,47892,48870,728,842,734,642
1772523236,9149,12144,11195,12222,137289104,255634680,252012536,222775288,400780288,627264000,724354952,633961504,19939.82061767578,24343.86636352539,24101.881141662598,25636.51734161377,435318356,797404423,789878275,873120682,67942.23,67914.42,68156.67,64790.26,45.129810631600066,46.17854036360002,47.800475219999925,50.87501615400004,65.15247515000001,63.23148655000001,72.16476270000003,73.16264699999999,3.521277575700037,3.6140528371666294,3.729766609711075,3.99531225542221,8.51220445,8.933789950000001,9.51883495,9.721020200000002,16948184,15527560,16681834,15798319,22856761,81528316,87758490,82972846,39,51,50,51,0.35278615,0.34475523,0.34140882,0.3786517,0.43283582,0.4353234,0.46268657,0.5235732,0.97725356,0.98605025,0.98686486,0.9872029,45973,46919,48881,51881,435,797,789,873
1772609692,11332,12250,12143,12247,136434256,143923296,145983792,133748224,414246800,521784512,470616576,443882496,19201.647994995117,23478.444122314453,23946.521171569824,25380.250778198242,395966684,692795402,614278394,498518619,65878.26,65215.34,68159.95,67549.47,45.591621033600155,49.672117861400004,46.120499115000115,48.90660564179997,66.1461881,71.66771435,65.7254189,73.64815545,3.554705953966686,3.900626274766683,3.6028677632999697,3.8245995830666812,8.517120000000006,9.485789350000006,8.8015115,9.282049850000003,17083192,16174186,17144271,14789217,23039496,84861373,90026213,77593165,39,51,51,52,0.35505107,0.36538768,0.34628755,0.36625686,0.4477612,0.5012407,0.4987593,0.51741296,0.9871052,0.98657346,0.98567355,0.9867858,46971,50924,46864,49874,395,692,614,498
1772695699,11723,12174,12171,12135,269307824,266186240,135810752,127543808,803512016,726665952,460173216,419845632,19447.326278686523,24044.067611694336,24003.25486755371,26486.074600219727,721704017,874962216,634566448,528820725,64260.62,67008.09,68862.09,66234.2,46.99908232520001,47.6166653859998,46.8907853719999,47.66828172759999,70.43658310000001,67.52784140000001,69.0846381,67.70998310000002,3.6661092383666554,3.739122947366697,3.6824698903000863,3.7378510062555512,9.068926450000003,9.2696465,8.947363650000005,8.946580750000003,16459603,16610448,13930325,16597432,22198452,87259537,73048469,87228164,39,50,50,50,0.3707749,0.35288462,0.3478891,0.35444167,0.45771143,0.49751243,0.48883376,0.49876544,0.98815155,0.98508143,0.98607695,0.98491293,47980,48916,47893,48882,721,874,634,528
1772783249,11396,12204,12237,13173,274970640,134524480,129672704,118394368,685625384,462609920,462900688,494098944,19170.66300201416,23466.71343231201,23218.404296875,24688.82543182373,764417585,616713219,627202931,714853050,65263.49,65162.504,66802.38,64284.586,45.76108616260005,49.37493788899997,48.52115653439992,52.3652148436,67.31125355,72.21070730000001,70.10547720000002,76.30522685000001,3.5867874027889117,3.865522007455554,3.814710900300012,4.118820069488895,8.724027500000002,9.4903127,9.28035230000001,9.856986850000002,16776877,14716112,14970280,15059076,22629056,77265527,78682582,78887875,39,50,50,51,0.34375396,0.3623437,0.360003,0.38272932,0.4488778,0.5099502,0.5184275,0.52605456,0.97053355,0.98593974,0.98496425,0.98846996,46993,49978,49898,52950,764,616,627,714
1772868927,8658,11282,11241,12202,295729456,255748096,185974272,249700688,829303808,636966208,554947680,654106368,19967.039680480957,24384.427391052246,24257.446197509766,26608.60976409912,710196526,816905439,723570692,895821826,65429.555,65438.105,67329.5,65038.086,45.86644504960002,49.146781560399916,48.42724199839997,49.31677970580004,67.0141469,70.56338675000002,71.04894645000002,71.34194185,3.5799340826777697,3.8326655499889077,3.799091657111099,3.8648436580221532,8.77120805,9.506491100000002,9.3871065,9.375176350000002,16586785,16278066,14944898,16092876,22372424,85321558,78507804,84392441,39,50,51,52,0.34640074,0.3570745,0.359095,0.36916235,0.4425,0.49379653,0.5219512,0.5087282,0.98572356,0.9864431,0.98356867,0.98721826,46965,49948,49883,49878,710,816,723,895
1772956457,11442,11178,12284,12285,273465856,138833232,128242056,102319616,756601344,450133448,411687936,662259200,19235.382652282715,24252.807098388672,24904.228065490723,25579.86060333252,735079271,641652267,486813928,476934287,66130.91,67357.99,67105.94,67496.055,45.44032153440016,47.39569718339989,46.21723573700002,48.914630462000034,65.47260265,67.34491665,65.76243135,69.5731233,3.5345432056000354,3.715894616411103,3.6102512659889,3.8452179424888886,8.688850000000006,9.082546050000001,8.730086800000008,9.151542650000001,17104131,16735425,17039692,14895986,23073680,87732423,89453303,78041293,39,50,51,50,0.34965482,0.35028052,0.337928,0.36204022,0.44913152,0.48635235,0.49373433,0.4975,0.9845509,0.98589236,0.9851734,0.9882365,46911,47967,46881,49882,735,641,486,487
1773043648,9294,11268,12206,12312,289403120,267224552,123459048,108233728,815786608,753987656,425437936,446552576,19906.784202575684,24093.03923034668,24205.985092163086,25362.03554534912,762848839,830324439,538864628,442999320,65922.016,64236.406,67092.46,67176.08,45.72989229340007,50.18498361139996,47.74941664239997,48.36559011780008,66.3499764,71.1261479,70.40687530000004,68.58551935,3.5751032276221726,3.9576373834889194,3.7200929957332822,3.7861014941777795,8.762284400000002,9.663074550000003,9.052225350000002,9.096959700000003,16641413,14477371,15144410,14894904,22443989,76035351,79506381,78271652,39,50,51,50,0.34610176,0.3511859,0.35127315,0.36416164,0.43890274,0.4950495,0.5012407,0.49751243,0.96978956,0.98657423,0.9872222,0.9873052,46961,50916,48906,48923,762,830,538,442
1773131703,8642,13192,12185,13196,128184592,236636160,255654952,241103632,431531120,654321400,725244824,636067264,19219.174491882324,22608.456428527832,23365.520126342773,25644.726570129395,348419162,863019736,883542024,827483454,63817.637,63246.55,65383.418,66378.375,48.863041129999985,52.78288525699987,49.94867455239996,48.94452657319999,71.80932400000005,72.40538480000001,74.1213078,70.78426499999999,3.840357099800063,4.1751504586222,3.9279214308778165,3.8369968410999333,9.045262800000005,10.124113500000004,9.573964550000001,9.374043499999999,15719409,13739443,15898004,16241611,21188356,72134560,83308363,85533100,39,52,52,52,0.3695674,0.37979504,0.36258185,0.367462,0.43920594,0.46039605,0.5111663,0.5074627,0.9904012,0.98869675,0.9888262,0.9883651,50000,53940,50811,49888,348,863,883,827
1773218325,18045,12275,12225,12262,269280000,141473048,144558080,145088512,702306848,420964864,509762056,496456544,19380.23690032959,22620.131805419922,23338.93984222412,25560.613845825195,731267674,532999839,652666377,720756771,64564.074,64781.61,66833.07,67419.56,48.764038150200065,52.08099595760013,49.267988646600024,48.14849679320003,69.47977940000001,76.59806675000003,71.28445735,69.1646203,3.8347100103444083,4.127443024166664,3.848263642855533,3.754304229788937,9.172316050000001,9.946334200000004,9.499307000000002,9.215513900000003,15753852,13917137,16145954,15004315,21243592,73065653,84671055,79000737,39,51,51,51,0.3628472,0.37888607,0.36507693,0.3611262,0.4516129,0.5162095,0.50248754,0.49507388,0.97440493,0.98849815,0.9884771,0.987035,49957,52903,49886,48886,731,532,652,720
1773303995,8862,12196,11250,12188,277897040,134257632,131495936,187192904,715975120,478581840,406522880,582784664,19957.009719848633,25186.86840057373,25116.294006347656,26464.671592712402,717107233,620486384,503771982,715556622,67499.8,70008.695,70520.74,69420.37,41.94581598880003,44.737272732600076,44.024240256400034,45.231563816199845,58.50918720000002,63.81240740000001,61.88472570000002,65.27548605,3.256318238888811,3.501636281244458,3.4629162079666513,3.5418230232777876,7.801578050000001,8.389085300000001,8.162767650000005,8.311618050000002,18131712,17557760,18006736,15828532,24468002,92025320,94579235,83173697,39,50,50,50,0.3466492,0.3512813,0.34539297,0.35513785,0.43781096,0.509901,0.49627793,0.48883376,0.97294617,0.98385155,0.9849646,0.9830262,42915,45908,44888,45885,717,620,503,715
1773390613,9317,11287,11215,12276,87976320,135193056,251135088,258973328,395626960,400067072,723237344,743812208,19918.195671081543,24954.728996276855,23898.257415771484,26456.023696899414,409316436,549839723,770575307,839710279,68962.61,68801.9,68041.68,67828.5,43.382466974799975,45.695776916399986,46.24776337979991,47.171486605999895,63.90685775000001,64.37609705,64.89139605,67.55547595,3.3625068825666617,3.5431978772332995,3.6041776155999434,3.6906050203111294,8.199333100000002,8.765470050000001,8.888602350000003,9.041524200000001,17701515,17303847,15548527,15137948,23888870,90719935,81497490,79412198,39,50,51,50,0.33558318,0.33620825,0.3406317,0.3552253,0.4488778,0.48267326,0.48129675,0.49131513,0.9750925,0.9841484,0.98578984,0.98546505,43954,46922,46900,47869,415,549,770,839
1773476919,8769,12175,12161,13172,113760304,129037824,150513152,139706880,414756480,414216192,512210752,493517312,19862.87046813965,25091.478660583496,24116.533477783203,26485.99373626709,382747197,503719455,686254836,662627983,70375.69,69065.266,66341.4,69126.375,42.06425905819996,43.88818377859991,46.41230398059999,45.227547636400026,61.97050265000001,60.15122525000001,64.51503235,63.713182,3.272834044466688,3.424324672299972,3.639199352977754,3.536263162144468,7.7273739500000005,8.150086600000002,8.624307100000003,8.279962250000002,18265851,18059784,17185926,15986151,24646371,94846019,90184843,84132630,39,50,51,51,0.34289527,0.34364364,0.35295326,0.3569317,0.44389027,0.48635235,0.490099,0.509901,0.97574854,0.9843638,0.98181224,0.98564565,42950,44907,47880,45871,382,503,686,662
1773564239,11192,12278,12280,13172,245748224,238185856,253234448,120791552,754104288,766491200,704311296,487825920,19335.67514038086,22649.87508392334,23184.31413269043,25621.215408325195,765174370,790889256,814102549,430603340,62940.035,63776.434,66135.42,65376.348,48.91251739759997,52.51125763820006,49.437640473800265,49.27898722740002,69.35763015000002,77.40667669999999,72.00844055000003,69.89978805000001,3.834266898122194,4.111668347844455,3.8714234560888623,3.844374926433359,9.222198250000002,9.972615000000001,9.530336100000001,9.077378100000002,15846286,13735276,16153552,14668017,21365803,72048186,84854910,77012641,39,52,51,50,0.3703276,0.37010112,0.35981613,0.3611229,0.4477612,0.5247525,0.52369076,0.4987593,0.9875872,0.9842731,0.98199356,0.98719454,49973,53916,50915,49876,765,790,814,430
1773652251,9316,12232,12181,12291,103297392,146819408,143724112,136338440,412224912,404979712,419179152,458810880,19855.831245422363,24320.674682617188,24263.458625793457,25670.734718322754,412560613,620597443,557352376,661601770,65833.97,64817.574,67333.97,65880.586,44.006215469599915,50.031119136799795,47.795557691799935,50.55879352879997,63.7159072,69.18111780000002,69.5315591,73.42328375000001,3.41628794253333,3.9058403974222005,3.7374835928333696,3.9722070362999524,8.230220550000002,9.400402000000005,9.140444950000003,9.566699950000002,17429600,15947911,15032381,15683231,23513816,83541697,78871985,82227608,39,51,51,52,0.32827702,0.36689198,0.35016486,0.37695867,0.42964825,0.45273632,0.5012346,0.52618456,0.97304595,0.9877049,0.9866801,0.98416686,45005,50936,48897,51889,412,620,557,661
1773736961,9310,12162,12165,12184,289465976,110529536,274373120,122594304,694759160,455637504,726061288,502243328,19962.05158996582,24160.198211669922,24962.515670776367,26294.172637939453,782315748,421440997,798628546,485377358,63926.145,69102.26,68564.96,70249.7,47.71746082379999,46.21229534999996,46.12162282579998,46.68746977939995,70.46087520000002,67.6248522,67.1664634,66.38329850000001,3.778784137588911,3.5852214595888543,3.5872607759555577,3.663084155799997,9.278966350000006,8.71086895,8.834136800000001,8.734672800000006,16247457,15513559,15380192,15460350,21922325,81471982,80762501,81214508,39,50,51,51,0.33699706,0.34284496,0.33611614,0.35151187,0.44527364,0.48883376,0.48,0.48507464,0.9694781,0.9859909,0.97632277,0.9861349,48982,46936,46899,47897,782,421,798,485
1773823158,8807,12258,12206,13233,168066584,250269608,138827208,226816040,580523648,625950664,419362304,664779264,19404.221488952637,23469.501579284668,22560.113479614258,24553.490020751953,717990986,833320216,540506694,862258572,66686.19,65815.13,64172.43,65000.0,49.30434702460006,49.653902321800054,53.190027727799944,51.63524842079992,69.98387635,71.61891440000001,77.48909005,76.23066745,3.8760635709444307,3.8805617592110973,4.254072016399995,4.05914924412215,9.302258800000002,9.47738825,10.1669127,9.824755999999999,15883728,16199722,13664737,14123394,21414585,85117530,71712617,74058840,39,51,52,51,0.38308844,0.35717326,0.37019092,0.37901637,0.4529703,0.5111663,0.5445545,0.53349876,0.98709035,0.9846542,0.98913115,0.98617005,50010,50916,53890,52895,717,833,540,862
1773909164,8678,12231,12211,12266,142337024,254329368,158236408,166745600,473464064,657913104,499032064,530579456,19161.263542175293,23420.134048461914,24322.88020324707,25516.357902526855,507955820,856268897,709586370,731709377,63425.53,67062.65,67142.07,66215.27,46.40743187860015,49.01150498979983,47.89797101320007,50.076830684999905,67.07519025,70.03598185000003,68.13412100000001,72.33939425000001,3.6317553001333214,3.834354962188883,3.7366793594666445,3.9455350773333624,8.683492800000002,9.47106755,9.177885150000003,9.52903445000001,16483600,16406395,16601197,15988762,22232986,86126105,87205627,83913834,39,50,50,52,0.3546981,0.35707778,0.35079694,0.37281975,0.43564355,0.5012285,0.50247526,0.5186104,0.9860785,0.9863385,0.9862411,0.98684883,46996,49926,48909,50900,507,856,709,731
1773995141,9409,12232,12212,12245,271601136,180798976,123918784,204505600,756904768,594419712,419657296,571965024,19290.143600463867,24259.03500366211,24289.648887634277,25564.33235168457,787618941,732643143,581695780,833249151,65155.82,67184.93,67429.414,66216.914,47.63394723819992,48.290602113200045,47.760854227399975,50.09977542320002,71.65772560000002,70.53944485000001,67.22370540000001,71.8938803,3.7269309118889358,3.772337119055605,3.738298560222245,3.9442782774667147,9.139970650000004,9.273256100000001,9.000876600000002,9.655211100000004,16217346,16507688,16637320,15938972,21869110,86646780,87279769,83629347,39,51,50,51,0.34823224,0.34524104,0.34745774,0.36794624,0.44527364,0.48872182,0.4987593,0.51122195,0.96830463,0.9863638,0.98750824,0.98679,48994,48933,48891,50876,787,732,581,833
1774080707,10940,12201,12222,12193,243237944,169652544,212945560,121519104,686893248,610157984,605442688,511843840,19271.735847473145,24055.8609085083,22519.653686523438,26357.661430358887,732042819,805876970,750754286,435108373,66701.41,66324.5,67255.34,68847.86,46.54338657059993,48.81234996860001,49.06643160939988,45.696308008600056,68.08679075,70.9596484,71.82633925000002,63.378785850000014,3.624959654688909,3.8005396584000737,3.83883355183329,3.5557327789222195,8.853882800000004,9.373265200000002,9.5166795,8.415372750000001,16687976,16259608,16421614,15751759,22508605,85257984,86210118,82887983,39,51,49,51,0.35400224,0.3469959,0.36421204,0.3363395,0.44168735,0.5012346,0.5225,0.491358,0.9852823,0.98501647,0.98795295,0.9860833,47952,49881,49880,46872,732,805,750,435
1774167861,11124,12338,12217,13236,151260832,245263672,251296840,121246720,504180224,640290480,704525312,544708096,19253.62851715088,23312.3917388916,23474.3519821167,24779.243408203125,695605981,857941235,828612655,417500610,65306.81,65232.312,66563.67,66518.69,48.80463792460002,50.74084839559994,49.53351841120003,50.59006594579991,70.01544385,73.57905165,71.0214525,74.13198830000002,3.837057739833346,3.9875844402555694,3.8860810023222,3.987336762466708,9.1270541,9.738555950000004,9.496406800000004,9.610579200000002,15904517,15623951,14649109,15900780,21449538,81837609,76876762,83309910,39,52,52,52,0.37737036,0.35614127,0.35616967,0.37417367,0.4529703,0.519802,0.5125,0.5301508,0.9873827,0.98546267,0.984035,0.98576033,49995,51914,50897,51878,695,857,828,417
1774255298,122682,12281,12234,12222,280620496,260233856,213453112,96618496,708477088,752895128,595458048,453411840,19421.738655090332,24330.043701171875,24120.53589630127,25729.17993927002,793249492,830837238,756085245,490249262,65381.65,67467.21,67801.46,65686.16,45.73963917300002,47.100565838000094,47.73428958400011,51.354358820999956,64.03307175,67.69843315000001,68.4650266,74.04353525000002,3.555280237277721,3.67471534261112,3.7322143950333384,4.046868403000018,8.649271650000001,9.0900855,9.121935200000006,9.56862625,16980272,16952144,16695402,15434533,22911152,88946671,87500861,81003181,39,50,50,51,0.3722027,0.34475812,0.35129,0.37866226,0.455,0.48387095,0.50246304,0.5235732,0.9864725,0.98597556,0.985745,0.9878394,46896,47909,48899,51919,793,830,756,490
1774341425,8601,12157,11265,12253,208837904,147170800,254822496,141166080,684222512,535032832,703000896,473481216,20000.018646240234,24310.07773590088,24244.328315734863,25454.582260131836,677689229,668597370,793945292,619293686,65580.75,67565.62,66893.32,68641.01,45.637927255200005,46.95902603659997,47.962933259399954,47.9605302796,70.25960965,68.17015645,69.64246985,68.41739285,3.5201952074888796,3.6430513241110933,3.7373974631000193,3.766410964099981,8.7160426,8.966464550000001,9.321159400000003,9.14907735,16702009,17056840,16611246,16627557,22526510,89598490,87229981,87291320,38,51,49,50,0.33121148,0.33491,0.34735116,0.36103177,0.43283582,0.4962963,0.4862843,0.5,0.96886355,0.98743063,0.98697335,0.9872268,46994,47912,48890,48905,677,668,793,619
1774427663,8739,12170,12114,12215,149592272,146814608,133009952,234111864,524060632,448167232,469601000,653908000,19923.805000305176,24143.43357849121,24235.10475921631,25650.288749694824,587177160,630879453,568038112,825872638,67840.49,67587.805,67655.64,66783.664,45.88222681719999,46.70057943699988,47.65641831079997,50.1608595093999,66.1027543,66.63694670000002,67.61285985,72.2991963,3.5932476370111313,3.630881609111084,3.7152728938444666,3.937014252300001,8.7263677,8.899690350000002,8.944446100000002,9.435953050000002,16568271,16939970,16765481,16109634,22350130,88812886,87857614,84463466,39,50,51,50,0.352987,0.34464467,0.34225735,0.37230638,0.42394015,0.4875,0.48138958,0.5012346,0.9872975,0.9864764,0.9840935,0.9871927,46972,47921,48884,50883,587,630,568,825
1774514450,11005,12124,12157,12241,261794720,131585536,160301056,240343552,710538528,442157568,529799008,665222240,19236.340675354004,23285.68595123291,24236.638580322266,25426.936294555664,720089797,477381527,740243640,840504220,64064.867,66335.43,68046.664,65803.46,45.51749148200001,48.72669781619981,48.056097965800085,51.0861084654001,62.11404155,72.53135420000001,68.20619055,74.22944745000001,3.5331415183110964,3.8131429835555823,3.7559907982444054,4.01545171865558,8.563649000000002,9.33460505,9.233246750000001,9.780327650000004,16779655,16393910,16567042,15478714,22636954,86093659,86849728,81224324,39,50,51,52,0.36591807,0.36209476,0.34943673,0.3808313,0.4480198,0.519802,0.47665846,0.5185185,0.9877084,0.98810685,0.9861321,0.98694867,46969,49911,48893,51888,720,477,740,840
1774601254,11475,12267,12255,12264,115377056,254522416,258838296,122339328,667485456,723048600,644136528,472443904,19218.492362976074,23502.674026489258,24143.18768310547,24522.737030029297,766919465,808028942,796168619,455248064,66543.125,67216.21,65653.29,64872.867,49.26291605220011,49.80315431919986,48.26115453080003,51.648298561200015,76.9360796,73.6826647,67.90070975,76.21270405000001,3.8675505615111607,3.919690568122233,3.7794585886777345,4.061520006266683,9.5615014,9.63592225,9.225231650000001,9.727341600000004,15843436,15953100,16443005,15234863,21363210,83762696,86153004,79976372,38,52,51,52,0.3725544,0.36333817,0.34851968,0.37911484,0.45,0.5175,0.5037037,0.5235732,0.98584175,0.98602617,0.98684245,0.98756385,49994,50909,48892,52876,778,808,796,455
1774686895,8887,13249,12314,12265,263740928,253310096,233778336,159782592,671071888,634010952,726460096,471170592,18618.474769592285,24320.238105773926,23410.10661315918,25639.85637664795,813783117,834399448,875766460,770219828,59334.367,61708.176,59261.07,60638.074,50.66331455760005,52.167536800000086,54.42243074839966,54.89509342459992,74.7406178,72.13924335000003,77.46259655,78.2262264,3.9251285998999657,4.037991733588892,4.212955423833332,4.29770640775557,9.695228450000004,10.003745750000002,10.457269250000001,10.479484800000002,15356012,13914165,14778864,14513106,20699804,73125198,77592800,76101320,39,52,52,51,0.36568522,0.34792122,0.36801162,0.37861004,0.44020355,0.51,0.50886077,0.5125,0.93597716,0.9235197,0.9249183,0.9294267,52036,52960,55902,55922,813,834,875,770
1774773946,10966,12207,11130,12172,274285056,130289152,170255728,138722816,786008256,498505728,572357632,481369600,19455.398246765137,24915.780158996582,24093.3399810791,26594.462928771973,828857042,385532752,757624834,438185031,64099.85,64402.3,62963.316,63697.234,49.403351188600126,47.70849948339997,49.06579847240001,49.9466359840001,70.0072897,66.93294234999999,69.98503310000001,68.98305075,3.815119973433361,3.6698920817666014,3.7737605905554683,3.8447688736999672,9.39986155,9.016473750000005,9.4455809,9.436353250000003,15844518,16639672,14669017,15993275,21368293,87368712,77142026,84057056,39,50,51,50,0.36989325,0.3294316,0.3443358,0.3555933,0.44783714,0.4722222,0.50629723,0.4924623,0.93338376,0.91997546,0.9227594,0.92416114,50022,48932,49921,50911,828,385,757,438
1774862378,8957,12246,12211,12324,104819080,132626752,153756232,242917552,492718592,408627200,526234624,701597856,19174.773559570312,23485.443939208984,23464.149047851562,25569.13900756836,303675213,582300669,758000428,880970049,63900.74,60269.766,61272.19,60972.613,47.13410218959999,52.91515884100008,53.055079995799936,51.87565675240022,65.57567205000002,76.1311508,74.79343905,73.4067834,3.6155819003222245,4.070322143033347,4.117782025022206,4.014105683766665,8.6882641,10.034785850000008,10.33481230000001,9.9071805,16420528,15186402,13892403,15141202,22148154,79738930,73082260,79473429,39,52,51,52,0.3509451,0.36524943,0.3748337,0.35816035,0.4362245,0.50877196,0.5150754,0.50757575,0.9233865,0.9303663,0.9335009,0.92041147,47997,53924,53921,52896,303,582,758,880
1774946328,10620,12275,12368,12263,248152432,239886272,237749480,136898560,653934080,654735856,700895728,459099648,18577.440223693848,23265.50407409668,23389.066696166992,24695.82859802246,795444352,854422172,868890652,711535630,62143.742,59739.355,60458.516,61131.81,49.20620996039996,52.31544357700019,52.737320879200134,53.717419869199944,68.4253838,74.62127335000001,74.83427985,76.35627885,3.810015252211141,4.036993072099993,4.076339276622203,4.186757011622241,9.190295150000003,10.150519650000001,10.0268536,10.216902200000002,15848629,15029268,13886634,14762559,21366958,78848008,72894856,77636309,39,52,51,52,0.36492252,0.35964447,0.3606305,0.37742177,0.4578005,0.5440806,0.50753766,0.525,0.9262326,0.927473,0.92604,0.9286331,50008,52963,53909,54893,795,854,868,711
1775033768,10456,12141,11279,12221,287285376,235714048,140458688,247911344,708345856,654212096,456979400,661950464,19927.788734436035,24227.0306930542,24247.01084136963,26435.21728515625,753575227,789078529,712357625,849717354,63637.72,61232.508,61947.53,62411.195,46.21371308440001,51.015865907599895,51.834772022800166,50.76305719619986,63.79560655,71.7465437,74.456797,71.48583840000002,3.5574089448667015,3.9298043400332907,4.016354911844423,3.9268064036777734,8.788438950000002,9.76721855,9.97335755,9.770521900000006,16492158,15658804,15382519,14168473,22245472,82208193,80718312,74503765,39,52,52,51,0.34432492,0.35277656,0.3618561,0.3625992,0.44059405,0.53768843,0.5075,0.5188917,0.9210283,0.9219994,0.9278161,0.9210244,46947,51939,52921,51877,753,789,712,849
1775119662,8908,12224,11255,12274,121445888,212967936,163410320,135745536,381639744,636502528,571763712,449997648,18752.10105895996,23518.88688659668,23495.885803222656,25617.87176513672,532202131,840982996,751553579,474074950,60843.594,60852.418,62602.9,61566.973,50.048348861000015,53.036180202199986,51.817550379799926,52.34524464299988,71.08123035,73.60742935000002,73.20853270000002,73.17565714999999,3.8865565314332806,4.126583590822245,4.005798667955583,4.057325240822245,9.320843800000006,10.330201650000003,10.01626495,9.878848450000001,15469452,15100796,15477424,15332132,20855995,79390329,81310488,80358648,39,51,51,51,0.37335083,0.3625115,0.35683444,0.36526713,0.4707379,0.46666667,0.49624062,0.5277778,0.929144,0.9264574,0.92757064,0.92531544,51115,53970,52904,52910,532,840,751,474
1775205848,9843,11312,11210,12213,275654688,134620528,184699248,237999136,681555072,467140680,559094784,652695168,19290.63335418701,24310.63405609131,24267.15411376953,25471.059120178223,787880566,588824334,784934072,844684625,60604.44,62437.523,62886.668,62398.94,49.05223386099995,49.58242272260017,49.22015771120003,51.624462476200094,69.29850680000003,69.71374770000001,66.68220375,72.78364250000001,3.777719928177721,3.7990127096666955,3.786817869222153,3.9904549329333054,9.41027805,9.390714850000002,9.438895650000003,9.848512300000014,15796710,16078955,16241697,14084308,21302566,84553514,85374155,74158663,39,50,51,52,0.3682896,0.3382641,0.336587,0.3639974,0.44974875,0.47738692,0.4875,0.50757575,0.93212456,0.92153853,0.9203411,0.92374235,50001,50923,49902,52908,787,588,784,844
1775291337,9217,12184,12169,12281,217497408,230537728,122735104,112947712,609556688,653294312,448647520,448546544,19403.62897491455,24331.119598388672,24331.142402648926,24688.151153564453,747457445,824421862,440119026,491851696,61478.113,61964.324,61097.53,61547.938,48.719938681200055,49.97567710920007,50.65525356619989,54.870103676200124,66.84744185,68.08691185000002,68.63339,79.48944815000002,3.7366754762222487,3.846748169622194,3.9494855373778393,4.256850110633306,9.21812405,9.6531721,9.721610349999999,10.3146041,15940152,14468332,15868764,13406310,21494984,75929701,83478104,70423276,39,51,51,51,0.3562598,0.34190124,0.32825807,0.38057092,0.45292622,0.5099502,0.48,0.5328283,0.9181237,0.91831964,0.92584544,0.9305111,50007,50920,51931,55888,747,824,440,491
1775379060,8840,11324,12197,12227,277907632,243457040,143513088,241148416,676325888,664137536,445749560,718174824,19385.47875213623,24229.67852783203,24290.66584777832,25589.416511535645,772101778,828503938,697629301,887386731,61327.6,61727.78,63308.81,61141.83,49.16327048499999,50.86619767839989,50.62892576459988,51.74869948900002,69.44190930000002,72.05716085,72.82401125,72.5477505,3.8342848036666464,3.910210104799974,3.9009402578555203,4.003739745833344,9.446238999999998,9.8391186,9.8113686,9.895896250000003,15771416,15594361,14214129,15512072,21275476,82007343,74750445,81553444,39,51,50,51,0.35497132,0.35112327,0.3529763,0.3621739,0.4543147,0.5199005,0.49620253,0.50877196,0.9248668,0.923659,0.92274916,0.92227894,50079,51927,51935,52910,772,828,697,887
1775459264,11234,12387,12224,13301,263386624,240531600,136540672,237195056,761757752,655536192,458451968,665448960,18711.190139770508,22611.67099761963,23307.16352081299,24721.38761138916,779175321,850675793,671786383,894387286,58465.004,60683.594,61147.44,59913.035,51.94688264679995,53.709442461799995,52.66788813840005,54.36713303620006,74.7542207,76.14736245,75.90921545,76.25153230000001,4.003449275922173,4.168362749911127,4.095775279000023,4.21626968219996,9.776518950000002,10.4043791,10.129827550000003,10.356878600000003,14786932,14771330,14884578,14568848,19927488,77512022,78124253,76471397,40,51,51,52,0.36718652,0.36516288,0.3688209,0.3794293,0.46329114,0.5276382,0.52130324,0.5151515,0.9268064,0.92886513,0.92940944,0.9304245,53067,54968,53918,54959,779,850,671,894
1775546881,8735,11333,11219,12192,273949712,263601152,144055440,125016064,682814848,742193664,473218560,483656192,19215.086631774902,24166.342292785645,24291.763641357422,26556.629516601562,804082221,865381072,672515960,456858120,61728.81,62696.574,62087.355,63251.523,48.58601104540002,50.70402151780023,51.57981857519994,50.363190236400015,70.3190661,71.19480780000002,73.81682755,70.4025074,3.758768591833321,3.9023344614222606,4.012202910655487,3.8915341453999512,9.289461450000006,9.726824350000001,9.966916500000004,9.367007250000002,15945411,14190914,14135609,15769396,21501297,74653864,74224509,82889744,39,52,50,51,0.35511664,0.35002154,0.36182866,0.35155618,0.45843828,0.5125628,0.5235732,0.5,0.9317975,0.9236501,0.92492646,0.92165697,50001,51952,52908,50894,804,865,672,456
1775634561,12184,12392,12304,13211,157873776,239988664,130584080,129244992,601697192,630388752,389806080,414873600,18821.096633911133,22604.736434936523,23430.644691467285,24590.987129211426,723933061,893119373,614279863,608191344,58503.945,59924.023,61952.12,59307.977,52.368589124000046,54.62276885719986,52.89307140000012,54.17160877860012,74.37000305000001,77.0026889,75.5611673,76.65591454999999,4.081637749444398,4.225155792833322,4.106407246266665,4.197604437988877,9.830049,10.536564700000003,10.088666050000002,10.198401,14731934,13528906,15160346,13512616,19851232,70983592,79496376,70990438,39,51,51,52,0.37982213,0.37172806,0.36768156,0.37127787,0.4522613,0.53652394,0.5087282,0.5468354,0.9342912,0.92832047,0.9285279,0.9237481,53036,55949,53909,54913,723,893,614,608
1775723931,9135,12246,13173,12134,268814496,120734720,153484360,124346880,719042912,462197760,445825024,643752960,19300.12477874756,24293.552612304688,23454.94211578369,27241.633918762207,798209880,455109051,654171917,353797716,66023.09,68108.305,70228.02,68066.766,49.66275463780009,49.08162498640004,49.09989799879999,49.21320979100011,75.7081275,69.99668425,72.01750585,67.11483395,3.863556219833308,3.8114982916222218,3.8233569464333215,3.8353201436444766,9.265393050000002,9.117939850000003,9.2782025,9.047427050000001,15565005,16361202,16307712,16134123,20982786,85859691,85520240,84709833,39,50,52,51,0.3504181,0.33664513,0.35818,0.33684778,0.45822784,0.5,0.54477614,0.43283582,0.9191417,0.9113927,0.9266889,0.91231126,51073,49951,49924,49893,798,455,654,353
1775811700,11968,12257,12153,12143,261571872,115764224,186568432,228852304,726914816,452473344,556567328,632473600,19389.2518157959,24445.574745178223,24208.138191223145,25421.10671234131,818941956,445218940,752073297,867155206,64585.266,69008.79,68775.79,67259.0,49.53135740579994,49.59550604900004,49.22736812959999,52.22887800700003,70.18204995,71.0279721,69.10719340000001,72.73475655,3.870592727166612,3.819712469644511,3.801195482033268,4.058050571788866,9.315506900000004,9.375746600000006,9.438451800000001,9.902739150000007,15431799,16065310,16253918,15279378,20806790,84541204,85390791,80216127,39,51,50,52,0.3725824,0.34979048,0.34602726,0.3690351,0.46446702,0.5369458,0.49,0.5075,0.932835,0.92116255,0.920249,0.92459095,51075,50940,49894,52901,818,445,752,867
1775895884,8458,12077,12067,12118,149040128,142542824,135618048,123141120,483710736,446053120,402492928,536162816,19926.447608947754,24130.04372406006,24351.459983825684,26596.96347808838,486138157,657503312,568357490,422073840,70215.45,70772.26,71645.18,69630.945,44.0779816609999,47.146601205199964,47.79135110440022,48.15308190499985,61.90225765000001,66.2394997,67.79181924999999,66.0219298,3.403548408222278,3.643330713100038,3.7127776401666592,3.742292235399973,8.2941571,8.954429650000002,9.221509550000002,8.88287755,17314464,16866550,16594044,16562688,23367674,88704242,87298980,87110808,39,51,51,51,0.3426647,0.33232072,0.3428661,0.33610067,0.42025316,0.4925,0.49373433,0.48737374,0.92586744,0.9082195,0.9184845,0.9135821,45021,47933,48909,48906,486,657,568,422
1775984164,11436,11173,12141,12161,272936544,255455808,159383552,231305640,675180584,723881104,493753112,651810816,19303.0584564209,24305.670906066895,24338.84136199951,26353.548263549805,889633005,839252055,672888285,827537716,63899.54,62824.375,63818.254,62575.01,47.48184551779999,49.832781559799976,49.741830623199924,50.844585481800024,67.71744115,67.98243755000001,70.44032815000001,69.3027141,3.6577655522777976,3.8353646167222664,3.8292930061222785,3.941335386433309,9.1354691,9.7328363,9.607978150000001,9.818144350000003,16235716,16085028,14578842,15606137,21897982,84660628,76761428,82141419,38,51,51,50,0.338477,0.34584558,0.34995878,0.35255885,0.44416243,0.516129,0.50252527,0.46969697,0.90787464,0.9211185,0.9228191,0.9177426,48984,50949,50895,51891,889,839,672,827
1776072013,8963,12159,12163,12106,208596688,132643840,149900088,123600272,699151360,421236496,523943936,623919104,19433.584434509277,24297.164184570312,25074.189407348633,26573.968521118164,754707372,480804972,713450777,340793589,67302.78,68688.73,70992.5,67970.125,48.37412491519999,49.326256057600034,47.78894412739999,49.51869450320002,70.6181134,70.08652130000003,69.12467875000002,69.16822230000001,3.7468031311889627,3.8231193701110935,3.7011535854444393,3.8375608822667036,9.0494733,9.3092548,9.184207100000002,9.042112950000003,15964680,16056296,16603912,15993165,21523115,84296282,87223990,83950700,38,51,51,51,0.3524459,0.3452582,0.3400168,0.34203315,0.4483627,0.48768473,0.5251256,0.48872182,0.92795885,0.9177057,0.9162851,0.9154954,49018,49937,48917,50922,754,480,713,340
1776157009,9025,12064,11161,12149,120703216,249105872,126883840,124073984,398458880,626081296,427568896,568249856,19830.841133117676,24247.284439086914,25078.952491760254,26471.03872680664,420196095,842539621,497350601,398613688,70047.086,68109.97,71221.01,69074.07,42.96047359459993,49.58935838580006,46.6739937412001,48.11585232479997,60.7700316,71.12849635,64.73914735000002,66.7464566,3.3068187160889018,3.8537267214888353,3.588204461466633,3.7493430372666716,7.946271800000001,9.55432375,8.749790050000001,9.015360900000001,17793945,16156696,15263041,14907268,24014442,84891900,80290886,78482695,39,50,50,51,0.31116512,0.3507204,0.3331961,0.34148815,0.42929292,0.44584382,0.4836272,0.4723618,0.9091949,0.9221096,0.91334933,0.9147775,43948,50945,47952,48903,420,842,497,398
1776243693,11792,12174,12172,12333,182575920,255607488,248480792,238394688,607868960,759521176,609585584,666813440,19232.486778259277,23317.783378601074,24048.56785583496,25586.558532714844,701972595,873670482,837234434,957585529,61527.832,61929.934,62753.598,61109.51,48.98225923459999,51.927092319,51.10709026139998,53.032789181600194,73.51143205000001,75.44469335000002,72.42134945,74.19144965,3.7841327766444954,4.018487429422224,3.948643045555513,4.1243577514778185,9.393694550000003,10.26166955,9.973616900000001,10.2968279,15823574,15399414,15661469,13741656,21335712,80857056,82292709,72050466,39,50,52,52,0.34655657,0.3519333,0.3513448,0.37164018,0.4427481,0.52882206,0.49370277,0.5075,0.9324935,0.92088264,0.9223601,0.9272744,50045,52934,51896,53893,701,873,837,957
1776330340,10388,12171,12254,12341,193572640,134303872,231039032,101434368,651992576,461121024,589389760,446819328,19333.772247314453,23454.23171234131,23397.396270751953,25622.13331604004,739691197,669326745,831201031,476089658,61800.56,62512.797,61188.008,61572.37,51.09665877360007,52.6230371979999,53.192532785000154,52.4648648095999,72.46257610000004,74.7824999,74.34262895,75.12909840000002,3.9466299670666496,4.052080562866659,4.121190848399989,4.046958335666682,9.698818550000006,10.150008700000006,10.300241500000006,9.938273,14982498,15235823,15115786,13973550,20192836,80103509,79323744,73345782,38,51,52,52,0.36767927,0.3558121,0.3628961,0.35746616,0.4568528,0.52,0.5,0.5138539,0.92888486,0.9248001,0.9285548,0.92011994,52035,53959,53903,53896,739,669,831,476
1776416878,9306,12341,12224,12274,85357056,124199776,139791680,115387904,446424064,420891344,452957664,450028624,19264.79917907715,23560.366889953613,24245.482192993164,25763.613319396973,361179542,504667510,649423783,489188905,62792.082,61332.234,60850.86,61110.133,48.33892056820004,53.34665856219982,51.28323183640009,53.03838088359997,69.16067330000003,76.58561415000001,72.50983120000001,74.4374899,3.7192314587110995,4.1346201479333535,3.9459147241666885,4.112887804299938,9.125988400000002,10.332995800000004,9.704860300000002,10.064336700000002,16043346,13558843,15453060,15163026,21634850,71130123,81130531,79803204,39,52,51,51,0.34647155,0.37501228,0.34753066,0.36677417,0.44080603,0.52098763,0.495,0.511335,0.9085249,0.93226314,0.924232,0.9247062,50039,53919,51904,53870,368,504,649,489
1776501709,10964,10980,11073,11161,247972576,197928784,147143072,215375872,615977472,609931408,449542144,586385504,19915.43058013916,25145.762268066406,25872.989685058594,27528.82192993164,1958900371,2174026686,1781417177,2142668700,78642.61,77032.086,77453.51,75976.41,42.192126363599996,44.4933254493999,43.48632595780001,44.925585521600055,66.26659950000001,65.21631795,62.409750200000005,64.10199785,3.226819019888901,3.429230715122215,3.3530105237555516,3.4581287838888826,7.740933050000001,8.243534800000003,7.9929448500000015,8.123699649999999,18459217,17869840,18100978,17623528,24906574,93868771,95152443,92533337,38,50,50,50,0.38190433,0.37616792,0.37820148,0.3915424,0.46616542,0.5188917,0.52238804,0.555,0.92344695,0.91127574,0.9096554,0.9099525,43001,45944,44902,45909,1958,2174,1781,2142
1776589095,10942,12097,11102,12079,148605768,133064704,152221232,249505064,512537280,456031104,506145744,714186240,19246.40663909912,24255.546661376953,24235.729454040527,26390.19190979004,687709091,448944038,684381520,885072895,68109.164,69064.57,69075.08,69132.85,44.99200744379999,47.32986139980011,47.53251849440009,48.419791147400105,65.32798135000002,63.960394750000006,66.33957065000001,66.3919829,3.45037130065561,3.634502143199996,3.652462528599991,3.740345193544465,8.448430500000002,8.758562400000004,9.014662300000003,9.061186100000004,17389352,16844048,16739337,14964109,23462559,88302458,88109812,78609394,38,51,50,51,0.33806843,0.32824928,0.3384861,0.33744174,0.42531645,0.44949496,0.48258707,0.46616542,0.92611796,0.91431874,0.91758347,0.91103184,45954,47979,48922,49907,687,448,684,885
1776677377,8730,12192,11217,12128,231611832,129394544,131406712,238086544,898734592,406404496,397300224,686548520,19922.708251953125,24346.5244140625,24190.522232055664,26580.0316696167,664924865,532883847,568397078,859668068,64786.984,63155.992,62980.11,62192.863,47.77151824559996,50.2704521858,49.32012330319997,51.45254497179995,68.60154,71.24818070000002,68.33863815,71.70786905000001,3.6874752618110618,3.877547082366669,3.7866424343777023,3.965092947922241,9.174884250000002,9.644935550000003,9.472447450000004,9.848593650000002,16193385,15903087,16308538,15345773,21840588,83565509,85565540,80646828,39,51,51,50,0.34275693,0.3495658,0.3351646,0.35330933,0.44783714,0.5012658,0.46464646,0.5074627,0.91583437,0.91993695,0.92038023,0.91483045,49033,50935,49892,52911,664,532,568,859
1776762286,9298,11991,11080,11109,252113408,136576504,126554528,115442600,664520032,420187136,442332784,429746688,19848.32748413086,25124.901977539062,24917.27374267578,26329.97260284424,2063750795,1721747111,1751868513,2006212363,76879.8,77240.58,75416.266,74980.41,42.59190185639989,44.79927418139998,44.70555469719992,46.35881366119994,60.03003785,63.28315995000001,62.878328499999995,66.45798945000001,3.2744972726333406,3.4418587325444223,3.4348880473556003,3.5740326794000064,7.68514915,8.071826100000003,8.07868515,8.365415800000001,18045414,15823360,17971281,15560432,24354621,83361219,94421639,81853908,39,50,50,51,0.3865425,0.38409135,0.3785551,0.39771897,0.4925,0.5150754,0.53904283,0.5427136,0.9016304,0.9139364,0.91359425,0.91602194,43950,45921,45889,46896,2063,1721,1751,2006
1776848109,9361,11172,11175,12081,214474576,111974392,247322984,124002816,651897248,467421176,750983592,594432000,19919.502670288086,25226.271003723145,25052.723670959473,26288.196868896484,727508566,416230440,856680428,398307766,67934.22,69889.29,68665.8,69397.5,44.88178916039998,46.60384461660003,48.25263898160009,49.46060028399998,63.20777795,66.34289875000002,67.2539265,70.78251545,3.4479071461555204,3.582971102855576,3.7128963689555743,3.814190462844453,8.39676015,8.6629623,9.228345100000004,9.10380105,16922715,16867026,14946575,16206612,22830143,88838314,78576912,85133759,39,50,50,50,0.3450219,0.32561693,0.33531356,0.32355198,0.44949496,0.47706422,0.48872182,0.4723618,0.9155674,0.91452056,0.917262,0.91485184,46023,47911,48907,50897,727,416,856,398
1776935658,8783,12226,12185,13147,274732704,201903344,230030960,228283480,794726624,550905088,633368000,623818600,19404.181762695312,23337.407356262207,23371.56965637207,25655.97612762451,749732550,800466824,850044615,839383089,66253.875,66596.32,66605.08,67297.055,49.37681525940003,52.572628104599985,51.485533034000035,50.73194917840004,72.8986524,75.89338060000003,73.57179895000002,73.605232,3.845949091244394,4.101927328366737,4.000572731477774,3.931511098011105,9.284977850000002,10.060268800000003,9.761837800000004,9.473747600000001,15650909,15147610,15362498,15624745,21094844,79507410,80686918,82006317,39,51,51,51,0.3637916,0.36624146,0.3558016,0.35647875,0.46851385,0.5125628,0.5025,0.5479798,0.9315264,0.92518926,0.92135113,0.92131513,50051,53992,52941,51905,749,800,850,839
1777020777,11128,12205,12167,12230,254012320,151606784,195846144,141071408,689184576,479243008,621391360,449127600,19249.113395690918,24305.09774017334,23378.15322113037,25571.612159729004,841398799,674280651,835639446,732770179,62250.25,61326.438,62761.707,61499.55,50.37915460540004,51.13872475139979,51.7699689346,51.78007607599997,76.94795285000001,73.2071287,74.6220701,71.85486725,3.9039748281222515,3.953394014722211,4.008732048655522,4.026028863833355,9.7274535,9.913163100000002,10.06773315,9.970547700000001,15261239,15585861,15579314,15509430,20572234,81739036,81846183,81474944,38,51,51,52,0.3639208,0.34470424,0.35666627,0.3624799,0.43576828,0.5225,0.5164557,0.5025126,0.9339321,0.92251176,0.9261245,0.9237159,51029,51925,52906,52932,841,674,835,732
1777105019,11714,13273,13424,13426,263026904,235003952,226451456,233015944,726602856,653754960,700210496,672703264,18838.75648498535,21645.120056152344,21735.716918945312,23640.029861450195,814243924,952647508,964426247,1049107664,61869.824,56681.266,57056.17,56923.652,50.59292253580002,61.1861727004,62.111541714600065,61.66262850460014,77.1601512,88.33281805000001,90.74987985,89.15156230000001,3.9093449348666454,4.791872179799977,4.874425968244486,4.861650069555524,9.802024050000002,11.77182215,11.904188050000004,11.896581050000002,15252183,13029840,11968144,11934311,20562153,68182602,62674728,62362711,38,50,51,53,0.3563925,0.4018236,0.40782905,0.40305457,0.44923857,0.5427136,0.57575756,0.5329949,0.93344975,0.93828046,0.93939096,0.93356633,52033,61972,62915,62908,814,952,964,1049
1777193049,10682,11140,12112,12223,264689216,132636672,192756632,107798528,657397392,427430904,552945152,458252800,19182.538124084473,24270.227684020996,24180.264083862305,24682.97287750244,796945622,576150115,777024735,490860033,68114.375,69364.19,66157.25,65311.773,46.40282618180002,48.775355639400075,53.02517502239995,54.806276192400084,67.6068644,68.57693950000001,74.17644200000001,79.43493864999999,3.5963218518110747,3.768171440922183,4.131606972400005,4.301120696944454,8.780562250000001,9.038844500000003,10.07843135,10.184829500000003,16807481,16363552,13707193,14301269,22676276,86040196,71833535,75071981,39,50,50,52,0.34047303,0.3434912,0.35989693,0.37856108,0.4368687,0.47630924,0.49122807,0.5273632,0.92390174,0.9197982,0.92533416,0.9289482,47961,49926,53916,55917,796,576,777,490
1777281013,11370,12137,11229,12110,102985728,236307760,240540672,102309168,439204864,633500512,721721664,642183680,19298.452758789062,24336.997932434082,24173.3529586792,26692.122688293457,353505735,866572169,832647858,427046718,69316.34,68806.46,68903.64,68709.67,46.02193858799989,48.98939370059995,49.23433702479994,50.33307175519998,66.7841985,70.03541935,70.6674707,73.51239250000002,3.5437489156888984,3.779122741666697,3.8117990419999574,3.9232528813888967,8.58642175,9.413897500000001,9.472835600000002,9.432131350000002,16964808,16177011,14726237,15878845,22884484,84968590,77356429,83289008,39,51,50,52,0.3397651,0.34508744,0.3397555,0.34366822,0.44444445,0.49253732,0.5012407,0.50247526,0.9330718,0.91938597,0.918278,0.9111325,47003,49975,49927,50959,353,866,832,445
1777367809,9526,12160,12137,12070,260523024,227174824,133189568,143461376,740992544,622344096,407611392,450296048,19339.025215148926,22389.064826965332,23354.246406555176,26511.12035369873,794733010,768034749,544248982,514283715,67052.664,67074.24,68896.65,68924.664,47.25370810639995,52.40028163880018,49.87797346139998,50.27372971639985,69.51837125,77.62474145,73.41826580000001,72.26119775000001,3.6544391329888946,4.085404534688949,3.9148990222333495,3.927092385788919,8.895187600000002,10.08677405,9.723516600000004,9.562354300000003,16341636,15257691,14331413,15886352,22042360,80138164,75326501,83408900,39,51,51,51,0.33956218,0.36870912,0.36747697,0.35701597,0.46347606,0.5361596,0.50364965,0.52334154,0.9222352,0.9294955,0.9277117,0.91886276,48093,52956,50855,50898,794,768,544,514
1777453687,11816,12200,11299,12171,111456336,239263744,173140352,115342848,412847376,714677248,575197120,440342016,19006.54111480713,24322.237495422363,24054.451347351074,26579.579956054688,356469283,836841632,801787259,462962128,62095.453,61329.035,64028.188,63356.12,45.156784784000045,51.171036271999924,49.622154086399895,49.53384135520002,62.672416300000016,69.99237695000001,70.1952719,67.43237,3.4384271558999884,3.9621531475556004,3.80858842566668,3.8232240715444257,8.418457650000004,9.947639350000005,9.742964150000002,9.379075550000003,17270015,15627472,16169485,16178651,23222909,81889067,84592963,84705522,39,51,49,51,0.31794843,0.33986354,0.3335618,0.34202048,0.42239186,0.44050634,0.47582698,0.45591938,0.9164319,0.9161855,0.91326624,0.9131973,45961,51956,50921,50896,356,836,801,462
1777539366,11731,12165,11297,12222,128944640,146727576,263483136,228521056,463887864,534268992,727297960,653979648,19287.329376220703,24277.777725219727,24040.406005859375,25582.89350128174,475266230,658817223,885987062,848077422,62929.02,63152.855,61999.402,60683.793,48.07378262639983,49.3086885250002,50.98298148399993,52.63256229100001,68.20323455,68.1290266,73.22695190000002,74.32896255,3.6971679074999746,3.7649648706777534,3.94356998024442,4.069684540844423,9.147798900000003,9.49882285000001,10.04925535000001,10.089671200000003,16175519,16336652,15619386,13942714,21734913,85692901,81844259,73084518,38,50,52,52,0.34572712,0.33063096,0.3431906,0.3579943,0.43367347,0.49874687,0.5125628,0.5025,0.92936677,0.9182492,0.92228365,0.92131245,48989,49948,51928,53910,475,658,885,848
1777627688,8772,12149,12171,13192,254958688,263742976,246935040,249036288,751229952,746091040,701411776,669916000,19214.08013153076,23278.43901824951,23401.63761138916,25635.740203857422,774564388,877148927,841518855,976630988,62558.887,61271.09,61654.54,62067.06,49.85988278600006,51.87690348820018,51.80172894159991,51.65462926960002,71.80348225000004,73.06056400000001,73.41875675,69.7478506,3.8643216204666744,4.013890814366723,4.02359576252227,4.007542483233303,9.584870450000002,10.038129700000002,10.077786000000001,9.828452700000001,15485796,15456054,15429701,14128320,20802836,80906417,80775026,74061188,38,51,51,51,0.351618,0.35076013,0.35710356,0.34876838,0.5,0.51758796,0.51005024,0.49618322,0.92005754,0.9200229,0.9234356,0.9157937,51012,52975,52922,52889,774,877,841,976
1777711419,11987,12258,12180,12265,117604696,234576384,251946808,232943264,400539648,749784576,725123584,712346608,18916.041076660156,23315.163612365723,23401.134300231934,25503.533126831055,436818834,897588367,842121344,905303529,57868.906,59813.105,61544.418,61106.113,52.628715630199935,55.13121574360017,52.445254604000006,52.191150627200116,73.8044186,77.6972422,74.27839215,72.5402825,4.079920696399976,4.2733255385222435,4.070443499566613,4.040283500133327,9.81131755,10.704241,10.234065200000002,10.141461450000003,14794931,14628949,15220369,15378111,19867960,76484349,79591403,80766000,40,52,51,51,0.38024393,0.36088905,0.35323754,0.3581336,0.45360824,0.45547074,0.5275,0.51005024,0.9403241,0.93049574,0.9195974,0.91950893,54033,55947,53896,52900,436,897,842,905
1777799102,11047,12117,12173,12230,132537856,155773952,133751600,132983296,860987872,515572736,467568128,478001664,19353.328994750977,24375.880165100098,24221.832778930664,25682.018478393555,768411661,737439773,594013434,461779594,62446.52,62650.375,63344.027,62586.89,49.38560637259983,50.45184126939986,50.33490041259994,50.57311387199988,70.6224231,71.29805205000001,71.41710175000001,71.37275895000002,3.8495901820666907,3.9041896761777766,3.8666164083332677,3.8925089619999724,9.4580921,9.730768950000003,9.63233620000001,9.402032950000002,15602884,15896471,15943268,14488002,20963538,83322150,83505135,75948328,39,51,51,51,0.36322314,0.34763765,0.34949484,0.35183325,0.4398977,0.5063291,0.521197,0.5175,0.9320822,0.918519,0.92278886,0.91822904,50043,51933,50912,51906,774,737,594,461
1777886635,8747,12229,12228,12274,132399616,256392704,210118960,240355816,460628096,754354448,651019232,664883136,19301.974617004395,23468.467643737793,23425.618103027344,25651.44638824463,559549794,880714417,844790602,838262706,59771.844,60610.305,61000.8,60735.91,49.99259476159986,53.48942482440005,52.73557547059994,53.40995549559988,69.92210140000002,76.38328535000001,75.14434585000001,76.51158985000002,3.8660932804555443,4.161627834022179,4.068528147022181,4.151437120588962,9.3466257,10.447078600000001,10.138335950000013,10.228025500000003,15511725,14993541,15199001,15159454,20835996,78475538,79541645,79366026,39,50,52,51,0.3573385,0.3570158,0.35967043,0.363444,0.4467005,0.5086849,0.50757575,0.52644837,0.92356247,0.9169427,0.92622656,0.9154672,51033,54931,53903,54892,559,880,844,838
1777971233,10738,12333,12252,12250,142735776,141470432,144163960,239109008,582326944,455027712,527909376,600397288,18766.44602203369,23322.454391479492,23486.364990234375,25282.62353515625,745053505,686204877,774272193,947498492,53915.95,60668.43,62922.74,59764.242,55.95773817639999,53.938569432000094,53.085650686199884,54.26569622760023,81.82968375,77.07715955000002,76.00403555,76.15972410000002,4.372869496811094,4.185431892111139,4.130156810100088,4.195963638211179,10.541826450000018,10.339259150000004,10.423625950000002,10.392754650000002,13955848,14854782,13710658,13611457,18724166,77746199,71745424,71284508,40,52,52,51,0.38713542,0.36086795,0.3685859,0.37282944,0.4658228,0.49622166,0.49874055,0.50626564,0.93607736,0.9267164,0.9280468,0.92734945,56991,54940,53914,54892,745,686,774,947
1778146583,11251,12137,12140,12147,253089624,258181632,153090560,152520384,672712016,658086400,510431744,540893024,19219.478469848633,24299.925674438477,24325.064750671387,26644.426292419434,747216945,997389391,733828308,725149849,64278.16,67368.75,70128.76,68413.055,47.00399971979997,49.55426142100017,49.228176703200035,49.08246368280005,65.66268165000002,67.90456415000001,70.66901365,68.71905645,3.6613139479444325,3.840155714511068,3.8225709945111004,3.8047729293889114,8.821490900000002,9.362373800000002,9.457949250000002,9.229750600000001,16280120,16109233,14635322,16398742,21883408,84361385,76826312,86035981,39,51,51,50,0.3515334,0.3469231,0.3487586,0.3514467,0.43002546,0.4836272,0.48877805,0.495,0.9310337,0.9181564,0.91898173,0.9173184,48042,50957,49917,49903,747,997,733,725
1778228544,10995,12356,12279,13254,88416808,137035296,162956392,224925280,379452984,418062848,574205720,635160304,18637.124626159668,24249.873878479004,23395.657455444336,24746.735961914062,421684190,540462605,806873209,938753175,59904.65,59012.297,58731.78,59569.258,50.48100032380001,55.3577537332,55.45653141060006,55.65640436699997,73.29914615000001,77.09673430000001,79.00210600000003,79.29388805,3.910627833044416,4.289283621522188,4.314444858144435,4.3473082482666126,9.501330750000005,10.525795100000005,10.769801700000002,10.748977950000002,15447269,14545157,13296430,14259794,20751829,76112207,69494274,74516237,39,51,52,51,0.34853935,0.37752584,0.35949737,0.37666282,0.4543147,0.4556962,0.5137157,0.5275,0.93116504,0.93385625,0.9232895,0.92480457,51106,55968,56912,56906,428,540,806,938
1778316567,10699,12176,12112,12055,185867952,111599104,223717056,124010160,555712736,460327424,604050480,554161664,19339.12986755371,24284.66162109375,24246.610374450684,26578.699249267578,699901137,459940098,833885745,392682449,64836.15,68694.484,69255.42,69761.22,46.59164471520021,49.48830900760014,48.13184536499998,47.294565600200016,69.0867166,69.38885025000002,70.0690205,66.07492965,3.6088560562000236,3.8239090910111058,3.7127577198333332,3.644365469855515,8.901701150000003,9.161875250000001,9.248842050000002,8.749355600000001,16735029,16187920,16560974,15225387,22491488,84681637,86875619,79678384,39,50,50,50,0.3490786,0.3336364,0.33942613,0.33190456,0.43654823,0.46835443,0.5125628,0.47727272,0.9295842,0.9160572,0.9198148,0.9144047,47965,50955,48908,47902,699,459,833,392
1778404496,12382,13323,13277,13233,232615616,226079000,202605960,120351744,766960752,631075520,596964696,518876672,17458.12176513672,22672.339027404785,22594.072715759277,23698.910125732422,864938171,901876006,1013279427,429762755,57232.824,57364.87,58340.4,58091.973,60.48603060620014,58.67885349859991,58.52577589440014,58.046350216400064,88.15221265,85.1656313,85.04713210000001,82.77662905000003,4.7829960960222575,4.586145624388922,4.579399922388895,4.519914740866712,11.539181150000005,11.201655650000008,11.307437850000003,10.719957750000003,13047004,13539057,13614605,13803651,17490097,70801027,71076410,72105261,40,51,51,52,0.3955815,0.3757265,0.3782627,0.38258788,0.47969544,0.50877196,0.5276382,0.5214106,0.94536,0.9329213,0.9264382,0.928235,62085,59959,59926,58916,872,901,1013,429
1778492173,8772,12109,12113,12225,287567848,228027008,149117440,121188864,733291008,651454944,475553760,487581696,19950.28102874756,24199.440055847168,25103.664779663086,25674.43441772461,796499835,817414177,624091963,451653990,68217.69,70624.64,70565.67,68330.0,47.59080316219999,48.339939005799984,47.41120212220011,51.04019361259989,71.68196845000001,69.69270285,65.6309771,73.02092390000001,3.716096785222192,3.744533237733362,3.6599266082889117,3.9728709557444244,9.246562500000001,9.347250200000003,8.9439059,9.515317000000001,16232676,16432585,16731746,15591853,21891080,86356676,88069216,81987028,39,50,51,51,0.33906183,0.3376452,0.33291262,0.36682805,0.44050634,0.475,0.47,0.5088161,0.9099231,0.9161341,0.9174977,0.92323446,49021,48979,47970,51831,796,817,624,451
1778577129,40758,12103,12100,12277,263033936,152367616,246098736,124443136,687865856,516950016,703110464,573561344,19409.73427581787,24137.3035736084,24019.335975646973,25595.928283691406,771425314,737715133,829873602,372794344,62242.68,62237.934,62516.246,62001.9,49.215481665800084,50.95945724860002,51.225992155200075,52.29122531020011,70.21611315000003,72.54471075000001,72.94774835000001,74.79817365,3.7956170613888522,3.937918243322292,3.939940963133343,4.044884447688898,9.345369400000001,9.842757350000005,9.887256400000002,9.831761850000001,15747627,15646128,14045461,15210843,21234386,82278085,73934690,79987319,38,51,50,52,0.35158265,0.34375235,0.3535492,0.3662955,0.4658228,0.5037594,0.521197,0.5277778,0.9246911,0.9188735,0.9229494,0.9274585,50017,51918,51896,52898,771,737,829,372
1778663992,10363,12249,12344,12277,242117568,168994680,244273664,144492544,684229136,575340976,725503488,521978856,19498.615547180176,23487.76597595215,23286.070838928223,26561.537490844727,732776767,822211229,856458429,736529436,61124.176,61197.12,61349.492,61540.23,50.10655686640007,53.85554780820003,52.813402824600004,51.88061771879999,74.84677530000002,77.4593105,75.3460785,71.27670995,3.868354215911145,4.178210542388893,4.0931081373777936,4.0129447679333206,9.656093950000006,10.5753358,10.324369050000003,10.010476850000002,15484193,14956045,15130186,13952333,20873792,78429264,79466314,73188010,39,51,50,51,0.35537133,0.35726193,0.3579207,0.35378727,0.445,0.5162907,0.5012531,0.4874372,0.92436683,0.92567086,0.9229095,0.91789126,51051,54950,53903,52899,732,822,856,736
1778750138,8739,12099,12131,12133,152917504,260507968,139703104,153371688,513305584,634362688,470394512,491577736,19847.559600830078,24906.410751342773,24842.117965698242,26534.42088317871,611772320,805600842,581131248,674753817,70007.695,72680.625,73647.98,73005.195,44.17898109460002,44.96055997340002,43.513033751800165,45.34726040499996,67.00021790000001,64.44835110000001,61.15291380000004,66.45803225000002,3.447722009144481,3.5208255806221964,3.384646702411151,3.552281511311118,8.349942000000011,8.5635983,8.10956305,8.591405550000001,17319632,17569099,18090808,17707204,23365914,92158603,94831082,92747409,39,49,50,51,0.34851152,0.33414897,0.33626115,0.36290768,0.44278607,0.4278607,0.42574257,0.516129,0.97774166,0.9713334,0.9771261,0.98649544,44985,45958,44892,45890,611,805,581,674
1778921436,8548,12239,11287,12268,278705520,262973424,126169088,124789808,891480440,745863680,465519616,595930112,19300.6590423584,24412.798042297363,24255.26828765869,25641.840301513672,728510479,815076460,416382060,343912572,63632.094,64925.543,67564.96,64787.25,46.80574590739998,48.92328109160007,46.869928588000036,49.72762332460007,69.21877630000002,70.18530120000001,68.04064500000003,73.33720525000001,3.640600177211101,3.7976893040332844,3.6531055316777388,3.8758335673888977,9.025446850000003,9.523620500000007,8.891921050000004,9.375145600000002,16725627,16201231,15378188,16178147,22558206,85101047,80858028,84959012,39,51,50,51,0.35431704,0.3553603,0.34467462,0.36666003,0.44416875,0.5,0.5049505,0.5183374,0.9874586,0.98600185,0.98725975,0.9872055,47990,49899,47848,50913,728,815,416,343
1779009412,11431,11199,11267,12286,177790976,118681088,146237248,254688480,604592520,429458632,524198400,590409216,19210.89769744873,24338.27847290039,24233.914001464844,26668.94411468506,689059378,464806451,670611408,756023887,65282.785,66893.016,65908.33,65567.62,45.389277190599955,46.68159847620013,47.37352786100002,46.66499046540005,66.18599805000001,66.7565019,68.32760685000001,64.59849990000001,3.5382390928222547,3.6225554212555258,3.689666607266669,3.6087734337777237,8.684374000000005,8.885171050000002,9.067733100000002,8.703445800000006,17262821,17086538,16799313,16920387,23289342,89932672,88275959,88854888,39,51,50,50,0.350166,0.3408409,0.35166392,0.34890026,0.4475,0.5075,0.47160494,0.5074627,0.9826992,0.96684676,0.98584294,0.9853204,46925,47913,47971,47887,689,464,670,756
1779098191,9438,11233,12174,12177,277776080,150976336,256517448,257260968,756632384,478670816,742086368,713479984,19441.489067077637,24293.52359008789,25023.039268493652,26615.41318511963,748700192,625748355,820374872,812729542,64526.24,67500.0,66948.01,65278.887,45.45311125999986,46.01387292320011,46.21252254580015,47.83662589080006,66.85784910000001,66.41128745,66.3594898,68.73237435,3.5255994973333986,3.5592475941666426,3.584703675344458,3.7262902589444202,8.81680595,8.773875550000003,8.942071600000002,9.106751350000001,17176731,17163430,15439459,16599397,23174728,90008357,80915248,87246068,39,50,50,50,0.3604574,0.33857423,0.33912385,0.3599329,0.44168735,0.4800995,0.48635235,0.5074627,0.98418194,0.98456067,0.98614806,0.9865649,46963,46934,46877,48869,748,625,820,812
1779183977,19364,11166,11155,12130,86011960,129378832,127103728,102625832,539278336,401968128,406023680,675285504,19901.268173217773,24082.617210388184,24817.52537536621,27418.83837890625,365252880,601601603,511208756,501142724,70512.695,71835.03,74912.87,73508.05,42.397261773999865,45.45274172080006,42.72616792579996,44.8677070896,63.05110880000001,65.43567815,60.56855090000002,64.31617430000001,3.2845874632333043,3.525265320555589,3.322225932955579,3.4926798148333775,7.881338900000004,8.528661350000002,7.920674700000002,8.306540000000002,17744137,17619633,18627452,17479789,23946246,92581887,97863653,92006103,38,51,50,49,0.35573542,0.34435683,0.32878104,0.34108242,0.44862154,0.4825,0.46039605,0.48507464,0.9820611,0.976068,0.98278195,0.976536,42956,46930,43920,45902,372,601,511,518
1779270368,11677,12185,11266,12244,287189296,139878240,267146816,144183280,762461184,477504000,725380360,456712704,19979.723709106445,25129.423049926758,24887.933670043945,26613.38665008545,676150988,621453113,767288391,792125906,65686.45,66904.695,66428.69,65648.61,44.812431892999875,45.23090163719995,46.67851030860003,48.232882388799965,64.61150895,63.8584283,67.05651870000001,68.92792265000001,3.480923900033327,3.4914901705222077,3.625447320166648,3.751471912044464,8.588020750000002,8.595572050000003,9.06424865,9.148628300000002,17028960,17514256,16877668,15086474,22977480,91991672,88459278,79275535,39,50,49,50,0.3516549,0.33585244,0.34711605,0.36658272,0.46,0.47654322,0.49752474,0.48635235,0.98818207,0.98680294,0.9859585,0.9875972,45999,45912,47901,48894,676,621,767,792
1779357571,8860,12135,12108,12068,289468248,140458440,166226336,121924848,782974656,406038016,507352576,588847616,19869.35247039795,25196.44878387451,25310.761421203613,26520.642875671387,796710540,579892748,654352500,348409362,69993.7,73721.94,73572.69,74523.38,43.95385344700006,45.1439334382,44.312228865000094,44.55630301039988,67.8577537,65.7141145,62.62053280000002,64.17870590000001,3.420095313955566,3.5186389826889117,3.45790529816666,3.4762867792444285,8.428200400000007,8.590669650000004,8.328335250000002,8.112681550000001,17718324,17442500,15945388,17986900,23901413,91665065,83652194,94546498,39,51,50,49,0.3470125,0.35041577,0.33894607,0.34546444,0.44278607,0.49257424,0.4552239,0.48029557,0.98446596,0.9777535,0.9828897,0.9849044,44961,45944,44914,45874,796,579,654,348
1779443073,8824,12133,12056,12112,283535456,252459008,129442464,104773168,761659952,634309632,429284512,689903200,19878.264694213867,24368.479866027832,25086.653343200684,27368.78419494629,752800035,831258850,471019892,521723802,70937.02,73119.29,73404.98,73233.78,42.80856498360004,46.93638220000004,45.122248533800025,45.241288776799884,59.76150230000001,69.81508325,65.61623385,65.72063320000001,3.3324587946111413,3.6548691478444657,3.503445767088861,3.5287930285333515,7.9883855000000015,9.0306045,8.434793950000001,8.358192250000002,17859375,17007131,15689621,17377321,24099335,89536501,82484485,91254816,38,50,50,50,0.3524466,0.3635789,0.3471989,0.35504055,0.4475,0.52380955,0.5122549,0.5173267,0.9740123,0.9809465,0.97412854,0.98386645,43941,47911,45931,45884,752,831,471,534
1779527027,8936,12227,12191,12229,288506368,144227840,178847664,111581152,718862336,502174208,589440512,524162560,20055.477348327637,24354.072784423828,24988.42497253418,26262.220016479492,721406294,397447664,751702922,384033523,64923.223,66158.07,65951.82,66151.11,45.25512542959997,47.10079786959992,46.62275258080016,46.97251879699989,65.79153405,66.93764805000002,66.4436206,67.5146248,3.514277491577791,3.65722954687784,3.6057732080444334,3.631810682533355,8.658737450000004,8.927633650000004,8.976517750000003,8.77754325000001,17016023,16834368,16930852,17006964,22955690,88288548,88905913,89367952,39,49,50,50,0.35350758,0.35738966,0.34728566,0.3557519,0.44913152,0.5062035,0.48395061,0.50246304,0.9788375,0.9864258,0.9841858,0.9866665,46005,47925,47903,47872,721,397,751,384
1779614981,8360,11212,11212,12148,269580592,273081344,118326928,120264704,717124232,632512512,440055584,519958016,20037.81552886963,24126.29497528076,24175.620109558105,26490.70043182373,745928935,767502643,432518342,409108263,63925.24,64874.977,66183.84,66785.06,46.052523620400045,47.06018096239998,46.65751576360008,47.07596085180007,67.0359791,67.8484832,66.65507885000001,66.68970935000002,3.57456440121113,3.6330718664333905,3.595109100388917,3.6596226356555444,8.706956150000003,9.017427500000005,8.766912500000005,8.7173525,16591360,16896602,17169104,16937527,22379712,88771464,90124066,88853679,39,50,50,50,0.3651064,0.35267478,0.34964517,0.3550924,0.4477612,0.49253732,0.491358,0.49131513,0.9882007,0.9865873,0.98633194,0.9871873,47086,47924,47884,47879,745,767,432,409
1779705865,10944,12095,12095,12172,276893888,159986688,111022080,143757312,726074640,525540648,451502080,490960384,19872.78611755371,24985.606246948242,25076.38104248047,27121.76287841797,736377604,696168102,434203412,462964195,72145.21,74333.266,75467.11,74546.63,42.726371698600026,43.875183858399915,44.55386551340012,43.92849934860003,64.32307555,63.89456815000001,65.92908625000001,62.430661900000004,3.305635695611129,3.4120180174778256,3.4744738880444155,3.415171670311084,8.1312425,8.296863550000001,8.369371500000002,8.030763,17971514,17984673,17793656,18038960,24244737,94508459,93394271,94802154,39,49,51,50,0.34623924,0.33941066,0.3467937,0.34931841,0.43424317,0.48635235,0.49257424,0.4875,0.9835752,0.97571695,0.97586304,0.9826363,43929,44930,45918,44884,736,696,434,462
1779788100,8878,12090,12139,12171,217746024,263430032,130459888,149464064,639299984,722893632,467129728,509015008,19177.22745513916,24965.43169403076,24282.87142944336,26615.467544555664,730359181,847250458,604450980,654261947,68674.664,71490.76,72002.0,72943.73,45.35003939479995,46.12449458980017,46.04601484240002,44.94813386799978,64.25852940000001,68.25258265000001,67.85671425000001,63.73875630000002,3.564115654122221,3.601702993000013,3.607689526822249,3.513759325844436,8.49754165,8.875697100000004,8.6908393,8.305552250000002,17249980,17116184,15518660,15812274,23271829,89852530,81403101,83069407,39,51,50,51,0.37288323,0.35549238,0.36270213,0.36030507,0.44938272,0.51,0.50864196,0.5012346,0.98749757,0.98339117,0.9862839,0.98507446,45965,46934,46884,45873,730,847,604,654
1779875928,10470,11203,11119,12090,277332056,254454864,147571832,122882352,691168352,626108744,525116416,588829696,19987.2979888916,25179.179092407227,24809.298049926758,26437.101570129395,720513408,753450746,661571783,343743002,73920.32,74095.43,75151.16,74901.56,43.01600617440001,44.182757762000016,43.2905395836,44.422681088200086,67.69948875000001,63.9076007,60.14614655,63.69476200000001,3.3582233880555825,3.43986779897777,3.366708909188935,3.4598838853555485,8.269449050000002,8.43536665000001,8.125446,8.099629550000001,17630692,17865979,16465196,16251612,23787255,94008579,86411753,85465435,39,50,50,50,0.34512222,0.3444583,0.34164464,0.3436253,0.44416875,0.46650124,0.485,0.5,0.9727678,0.98418546,0.97889,0.98097223,43925,44920,43904,45897,720,753,661,343
1779962512,11626,12249,12142,12291,296972384,138389312,143378864,114841600,711517144,452810544,528164352,461324064,19918.842666625977,24461.776260375977,24086.026527404785,26547.722747802734,825620838,642248421,653182754,636941479,63420.332,64922.74,64359.156,64357.12,46.535470724399964,47.661309964999994,48.535554074800004,48.99200332420015,71.79569745000002,67.69707635000002,68.60402565,68.77339740000001,3.5981679216221893,3.6968196928666783,3.750814173755537,3.823639130411126,9.0353319,9.29539495,9.3458208,9.26239885,16405633,16640970,14947600,16282832,22132748,87470830,78508386,85588126,39,50,51,49,0.34038827,0.3417896,0.35072583,0.36240453,0.44584382,0.49627793,0.47880298,0.5087282,0.9697189,0.9518431,0.96985364,0.9712069,47995,48917,49901,49890,825,642,653,636
1780048071,8828,12149,11160,12066,264198136,152280640,147019536,121588224,725035520,513343744,540729856,588459008,19871.246620178223,24298.714469909668,25101.148147583008,26549.299346923828,724589938,744698040,657484327,360052936,72640.83,71870.45,71876.484,71920.97,42.66322264060001,46.23638977719986,45.04894068139992,46.09732261160005,62.22989430000001,66.98251245,63.69543875000001,65.76703540000003,3.31239588997781,3.5911271263777635,3.4990109942000287,3.592497796588876,7.968433050000001,8.7445483,8.405866150000007,8.493466100000003,17929326,17105345,17499061,17370152,24193343,89992127,91840743,91294701,39,51,50,51,0.33950368,0.3581566,0.34503677,0.35074604,0.4321608,0.5062035,0.49253732,0.48872182,0.94743806,0.9681182,0.96734744,0.9688399,43965,46961,45916,46906,724,744,657,360
1780132064,8749,12118,12133,12207,258438784,233967592,167228856,148761504,740088928,606403040,491783680,486300160,19166.018257141113,24294.574256896973,24223.191009521484,25651.947929382324,774009265,884700243,656368416,707197421,69795.5,70602.8,69660.9,70533.93,44.9154016278,47.49992223460004,47.683104528999905,48.83573384799994,62.974416600000026,68.64251770000001,68.8754462,70.95768495,3.48585907135556,3.698377650855628,3.696414725144461,3.794548339177747,8.335224800000002,9.044727800000002,8.8842198,9.036641100000002,17406918,16686406,16694986,16386441,23487861,87653593,87736189,86096184,38,50,51,49,0.35960582,0.35352802,0.3571588,0.3709104,0.44584382,0.5225,0.4975,0.51111114,0.9614513,0.9595818,0.96040756,0.96529007,45954,48929,48905,49897,774,884,656,707
1780221104,9219,12221,12207,12234,269124096,249983488,249482160,132108912,705479680,745825280,688628192,495483136,20044.169372558594,24087.652099609375,24266.18706512451,24725.618934631348,782623604,853849834,824159036,768456113,63309.984,63264.742,64281.117,63058.36,48.857911175999966,49.36540886679997,48.38482256860012,52.12959860019999,75.22082560000005,72.90685850000001,68.23374935000001,76.81293555000002,3.8262678172666797,3.819087065588889,3.755325402722229,4.068804233977759,9.406812200000001,9.6417075,9.37156985,9.872506250000002,15705607,16249524,16388161,15361403,21180275,85342839,86241731,80407032,39,50,51,51,0.36546195,0.34561703,0.3501625,0.3842227,0.4488778,0.4975,0.48756218,0.519802,0.9601358,0.96727663,0.9723266,0.9751002,50063,49953,48942,52896,782,853,824,768
1780313144,9494,12295,13245,13311,143081472,251043840,234816936,239053336,513546752,628825584,636484600,666471424,19292.8087310791,24066.300743103027,22563.027313232422,24710.844345092773,595872834,846904432,904424056,857768617,62002.2,62410.793,61426.887,63233.684,46.22361526499998,49.48624072480005,53.48807652180017,52.12281181219981,66.29897745000002,69.55683644999999,75.95293105000002,77.01491985000003,3.562478499666705,3.82299097385557,4.186897191244356,4.069033252622222,8.648233450000001,9.424366500000003,10.2595881,10.051857450000004,16565390,16018823,13665564,15206847,22344594,84094192,71773034,79748449,39,50,50,52,0.34761494,0.34133434,0.3652055,0.38302994,0.46115288,0.47761193,0.51111114,0.53101736,0.9665667,0.96827424,0.97158813,0.9687799,47071,50914,54916,52894,595,846,904,857
1780397267,9364,12296,11336,12274,279763696,146018304,255179856,138195488,750841336,523670072,703730208,494200320,19326.63397216797,24250.313484191895,23976.809768676758,24817.833473205566,808445815,753370456,875720776,750323732,60790.684,64705.105,63317.348,62336.53,49.787142223600085,48.04720414379998,48.58339872320001,52.288329331000135,76.48261915000002,67.53914585000001,68.31295060000001,76.34252744999999,3.8723057343999505,3.720271122088881,3.7667149394666826,4.069152603688898,9.580573000000005,9.236016650000002,9.3361718,10.001834700000002,15499839,16616863,16310511,13959544,20892459,87275832,85680484,73197120,38,50,50,50,0.35716864,0.34701332,0.3403486,0.38341185,0.44360903,0.4975,0.5125,0.52487564,0.957433,0.9717428,0.9678508,0.97464365,51020,48914,49893,52883,808,753,875,750
1780485072,11957,10184,10159,10047,148900224,122664960,320509552,104742792,443215360,465211392,726087552,760498688,23699.544715881348,27855.800811767578,29060.164581298828,31062.83034515381,281504109,356068744,660051261,403005136,88917.23,88489.91,89025.38,88059.97,30.512873995600028,35.52637153700005,34.039063836199894,34.83997220839995,43.062052200000004,49.656781200000005,48.334707850000015,47.08868645000001,2.335924298277779,2.7657312778222494,2.6471659222332997,2.685630853222204,5.581567000000001,6.6049414,6.4709836,6.34674005,25079100,22312203,23261572,22896377,33859040,116990154,122289158,120172550,38,50,50,49,0.2811383,0.351848,0.3168974,0.31767932,0.38154614,0.44332492,0.40201005,0.3652393,0.9291851,0.96390736,0.9617176,0.92850643,31897,36893,34882,35875,281,356,660,413
1780569226,8916,11061,12101,12154,111632952,120398336,131537912,245901992,441617080,464360448,401264608,631882752,19913.774200439453,24970.95997619629,25003.45115661621,27481.096229553223,354877977,459781228,593248767,862608677,73424.29,73310.586,73427.14,71548.87,42.47044332139981,46.44779839659999,44.27763663159983,46.05732864439997,63.1763406,66.2816589,62.52195900000001,65.18316945000001,3.306665179055564,3.613001677077777,3.4337816399444385,3.5931043570666477,7.872109050000001,8.671247000000001,8.298553350000002,8.806233650000001,18223240,16964838,17964157,15389669,24588799,89321161,94452504,80867394,39,50,50,51,0.33779237,0.35509914,0.33406183,0.35672703,0.4225,0.45112783,0.4725,0.5062035,0.96793383,0.97011495,0.9546415,0.9650787,43937,47937,44899,46898,354,459,593,862
1780654234,11745,11256,12114,13127,289533952,153012336,253340176,104965120,770580632,585797024,704473088,452070912,19971.53884124756,24457.117309570312,24004.605590820312,24604.499801635742,813994917,729094261,854370795,454206081,67598.28,65768.09,64181.953,63231.406,44.33720759680012,48.025323562000025,50.830947405400124,51.814592186800056,66.0895296,69.4465433,75.1361698,76.82452590000003,3.457208754977728,3.7141494388888834,3.9442562337777582,4.041492768866693,8.623387600000001,9.324054250000001,9.876356750000001,9.56783985,17281064,16569313,15831862,15494556,23310265,87220968,83133180,81319793,39,49,51,51,0.34805351,0.35520172,0.36631867,0.3808338,0.44,0.5061425,0.5492611,0.535,0.9649156,0.9728349,0.97153056,0.9754859,44959,48900,51904,52884,813,729,854,454
1780737725,8663,11219,12103,12114,117734944,136620032,233725952,129834112,399826272,419256832,611500888,405575168,19331.58213043213,24935.68793487549,25061.1498336792,26606.030082702637,467795309,533784857,846991731,615074932,72507.25,72454.07,72845.375,70744.25,43.14914155660011,44.49988445860005,45.48916772060018,46.197383515200045,62.0059136,63.358785100000006,64.41358230000002,65.76085590000002,3.346416364388896,3.4362622904221767,3.518238658200016,3.5972441373555606,7.9475375,8.24859545,8.603052450000002,8.630721150000003,17834442,17712694,17398824,17093299,24065931,93051436,91627236,89871430,39,49,49,51,0.34112942,0.33372417,0.33776245,0.3566209,0.4339152,0.48129675,0.47,0.4975,0.952894,0.963664,0.9623157,0.97077733,43992,45945,46893,46898,467,533,846,615
1780826210,9855,13119,12136,14335,146677760,256033792,135465888,226200056,589818880,632932320,427412528,690399136,19319.04730987549,23433.519821166992,24231.682411193848,23723.97777557373,692412620,883079061,530214628,961952911,65656.11,70261.82,67037.375,64534.918,48.55076629020002,49.35181563999985,51.76425152939996,55.923646835000035,68.91582200000002,73.10446860000003,76.55535325000001,84.37948585000001,3.7855450090999256,3.8365002528332957,4.029578870377778,4.40773670960002,8.901101150000002,9.420158700000002,9.48858305,10.499625300000002,15908689,16078144,15184416,12942849,21458808,84726016,79806505,67903130,39,51,51,51,0.36756465,0.3606096,0.36171988,0.41134468,0.45591938,0.5150754,0.5225,0.54228854,0.95418966,0.97096616,0.9715605,0.9749259,49976,49992,52927,56895,692,883,530,961
1780916991,44669,12290,11224,13418,117424944,143614608,236124240,226252416,399988608,512118592,634526464,666165248,19296.127601623535,24272.946662902832,24122.443031311035,24630.771781921387,390828667,723071684,833949235,911537930,61794.184,63708.418,64394.44,61746.33,50.3816000644001,49.990005950199915,49.395109937199884,51.38184807899989,71.46406235000003,69.50246550000004,72.15308995000001,73.4908331,3.9377370580222593,3.875027641233388,3.8281262639777607,3.993300527366694,9.339929650000002,9.50912305,9.599917050000002,9.758724400000002,15175444,15936713,14628940,15599688,20450414,83698369,76761401,82050964,38,52,51,50,0.3743806,0.3631928,0.3536331,0.36777243,0.45843828,0.44862154,0.5062344,0.4924623,0.969233,0.9733937,0.9676939,0.9667905,51033,50969,50908,52878,390,723,833,911
1780998156,8943,11182,12132,12119,139686032,238766928,139217760,122455552,415616816,625872672,452014592,559318528,20027.43800354004,25044.70790863037,24311.34334564209,25639.56869506836,454342902,766457024,677910972,382424355,71749.17,71744.1,70893.555,72543.086,43.130269391399935,45.127797607200094,46.566354134199976,47.376918914599976,65.33439670000001,62.32141825,67.68749605,68.1425968,3.351486006477802,3.491977890666652,3.6246213794888678,3.719122775944489,7.996224500000001,8.373241550000001,8.7443732,8.702774800000002,17752558,17453361,17118607,16630908,23952792,91681825,89880427,87327391,39,50,49,51,0.34844473,0.3427016,0.35592553,0.36634073,0.4339152,0.44059405,0.48762375,0.5111663,0.971217,0.9689813,0.96876866,0.96624494,43963,45930,47925,48875,454,766,677,382
1781087861,9219,12215,12135,13128,251019840,128076496,147196096,223095488,695747584,435677408,517996544,611717128,19936.271926879883,23419.669303894043,24150.136840820312,25585.154846191406,750471861,638724074,693082601,861831684,71763.96,70022.16,70429.67,68932.02,44.721910522399874,47.546998670599976,46.61351767019991,49.7076151215999,64.58992830000001,68.8152975,68.27277635000002,75.20543880000001,3.4803520961333305,3.706920000222248,3.606844341122242,3.877815557911115,8.391856450000006,8.953277450000002,8.769754850000002,9.359220950000001,17066629,16671273,17069136,14689918,23018537,87597055,89560532,77406941,39,50,50,52,0.3455785,0.35544324,0.35664546,0.37758216,0.4488778,0.49497488,0.50248754,0.545,0.95396334,0.96317315,0.9691975,0.97081876,46015,48964,47912,50873,750,638,693,861
1781175332,12326,13233,12283,12381,123254600,237334784,249465344,233043968,762741472,634351824,831694576,633513056,19233.2784576416,23491.269821166992,23175.90608215332,25378.731979370117,717098959,828573779,826537863,848372737,63680.56,62082.383,63602.58,63018.094,47.32246786999996,51.38143540320006,49.857681717999945,50.40339587979992,68.22282510000001,74.49471975000002,74.2209771,73.5215537,3.6685361042332985,3.980529341766669,3.8606468622111847,3.925681673600048,9.035794800000001,9.88306395,9.63473650000001,9.77008590000001,16085152,15493176,16094296,15850988,21695873,81403375,84529009,83361342,39,51,51,50,0.35602152,0.36801866,0.35398006,0.36883345,0.43576828,0.5210918,0.5137157,0.53482586,0.97335595,0.97401464,0.97192454,0.9664111,47986,51980,50941,51884,729,828,826,848
1781260965,8954,12186,12172,12306,190001488,245230744,146156136,122665824,597357568,623201456,515522464,572871680,19312.506942749023,24317.54086303711,23324.452491760254,25612.109733581543,749547392,891734216,664577315,388316289,66784.766,67937.23,70134.945,69388.61,47.35553049680001,49.34990658379979,47.77966567159993,47.98820174520013,72.3360214,71.7025639,71.59863235,67.13512490000001,3.6699329605333055,3.835840329155516,3.7210496123667025,3.716226186422258,8.888431000000004,9.353433500000003,8.954518650000002,8.591464250000001,16296074,16026920,15030668,16598269,21977728,84204009,79089854,87275042,39,51,51,50,0.35136053,0.35555112,0.36120835,0.35036206,0.44665012,0.52369076,0.5086849,0.4825,0.94726545,0.9558968,0.9697993,0.9603145,48072,49953,48890,48905,749,891,664,388
1781344006,8545,12121,12116,12203,269291880,255532496,156508472,136272232,752895736,654116128,496325120,436593672,19394.65788269043,24395.364334106445,24295.309646606445,26465.2384185791,790648864,831690397,678094475,500033466,70670.23,72620.01,70589.02,71931.33,44.989426009199974,48.00016906520007,45.99335165220004,47.07199770579998,65.7088218,70.09634655,65.5773515,67.88207880000002,3.499431553788866,3.7408961445332762,3.5591758577888535,3.658399177422167,8.391830150000002,9.224811700000007,8.608131200000004,8.679035050000001,17402087,16619471,17334470,15141573,23477552,87302520,90993594,79522611,39,51,50,49,0.36414745,0.35861322,0.3510532,0.35622817,0.44,0.516129,0.4938575,0.49253732,0.9734551,0.96599644,0.969535,0.96607614,45936,48931,46893,47913,790,831,678,500
1781433597,9243,11273,12117,12182,111372176,242801216,235575072,138450904,435090664,650788032,680188416,518661120,19856.2845993042,24215.548080444336,25078.263778686523,26541.5460357666,375249207,866185725,784492641,710528297,72060.77,69608.27,71327.74,69807.77,42.892393706399915,47.06857350499989,45.6672986498,47.01128915659986,62.060693250000014,65.1204991,65.05824435000001,66.51252935,3.317441176988882,3.647900697488934,3.528754583933371,3.6542217359777314,7.7913805000000025,8.88230350000001,8.544381800000002,8.72653725,17888191,16925236,17237683,16814951,24137579,88913272,90683823,88447664,38,50,51,51,0.33339006,0.34918138,0.3439845,0.35454905,0.4353234,0.47368422,0.4950495,0.4950495,0.9521721,0.9613567,0.970185,0.9636379,43943,47942,46895,47895,375,866,784,710
1781525875,9143,12209,12202,13171,279258584,128254464,118957056,121192960,752752640,431456032,450596352,529846784,19881.419715881348,24350.782905578613,24222.94425201416,25648.824394226074,748119195,483791855,462995827,427975467,70255.945,71106.51,71060.46,70037.68,43.720017826199964,46.03000317660001,48.25000569299997,49.46481414139995,65.23971900000001,66.30593405000003,70.08595985000001,69.58140065000002,3.399715888400055,3.563369240255532,3.7545946381444475,3.875620006422253,8.320525300000002,8.614983500000001,8.970257350000002,9.15269325,17500894,17055836,16512353,14596311,23610441,89731200,86730279,76650850,39,50,50,51,0.34219936,0.3467833,0.36135653,0.3716187,0.4339152,0.4800995,0.5012531,0.459799,0.9535249,0.96911347,0.97163624,0.9697422,44971,46929,48912,50895,748,483,462,427
1781610440,9960,12226,12148,12247,152237120,155443200,195426816,221367808,500165120,516503776,611940352,648710536,19130.597496032715,24296.851097106934,23351.5037689209,25578.238945007324,617818806,697638577,780904497,806642560,71407.36,71678.83,71492.2,70734.31,44.13759472420005,47.214658163199985,49.71548884299986,48.63001909439991,64.50674115000001,66.11733090000001,74.65078530000001,70.20564730000001,3.4406466378111147,3.6668480959221568,3.896606019099975,3.8133677354666564,8.171508000000001,8.6572875,9.499992100000004,9.18761855,17548873,16724672,16020620,16338558,23674736,87887714,83811864,85700137,39,50,51,51,0.34540325,0.3591398,0.3785839,0.36943537,0.44110274,0.455,0.521197,0.525,0.9625587,0.9694469,0.9747474,0.9651163,44932,47922,50833,49889,617,697,780,806
1781695729,11770,12392,12293,12303,103278592,130154032,245025080,229545984,440460800,463217664,635053584,716524072,18593.069190979004,22588.109893798828,22479.27564239502,24757.585647583008,383384800,621494274,832256437,876174679,60571.715,61096.96,63220.69,63127.96,50.10500210099998,52.939446716800205,51.50909685740002,51.706082065200036,72.5846563,78.2925749,76.23451830000002,74.71629275000001,3.914418315177798,4.131444864311074,3.9997536392110735,4.037220955355538,9.2403764,10.157130200000001,9.893455650000002,9.966008500000004,15608216,14995354,15245155,14085488,21046231,78574623,79980972,73800117,39,52,51,51,0.38003168,0.37635228,0.37590197,0.3830608,0.45363408,0.5572139,0.5136476,0.535,0.9784717,0.97590923,0.9708782,0.97248447,50993,53914,52900,52891,383,621,832,876
1781780907,8949,12262,13243,12241,115931728,135021904,253156800,129574752,399428144,397630888,702923776,421085696,19267.021484375,23554.987594604492,24284.0669631958,26268.931243896484,365767674,611126083,842562395,521662329,63591.28,62550.316,63782.387,63714.016,45.94491572340008,51.25398440159988,49.14608146999995,49.613044033599955,67.8320336,70.3650653,70.183754,70.28226655,3.550958707677798,3.9862829415888603,3.8032599877777113,3.857388207722172,8.638293250000004,9.76515125,9.480578650000004,9.299249200000007,16618086,15560032,16137369,15998347,22412343,81593600,84836681,83996308,39,52,51,52,0.3482605,0.37051514,0.3538748,0.36510614,0.45614034,0.4563591,0.49875313,0.51122195,0.9738521,0.977051,0.9706187,0.97339094,47005,51938,49902,50888,365,611,842,521
1781868167,9669,12242,12186,13247,234740480,246011904,196479312,123174912,692682560,634656936,667436544,502012928,19195.299781799316,23497.250007629395,24185.14556121826,25620.36570739746,734276558,876956101,812610253,430619553,60841.65,62886.367,63246.176,62835.914,47.940589832399986,49.73159390120002,50.31360287799999,50.081808757,68.44126035000001,71.19177490000001,72.23080115000002,70.61572910000002,3.7071592339333255,3.8592691169222033,3.921674370555597,3.8963405051111186,9.050270500000003,9.505087100000003,9.647579850000003,9.313922150000002,16021166,16161025,15831044,16045497,21609600,84889130,83044328,84279584,38,50,52,51,0.35393235,0.3564375,0.35344535,0.36078396,0.44584382,0.5275,0.5346535,0.5062344,0.96116304,0.9714477,0.97197944,0.9733017,49045,50922,50923,50907,734,876,812,430
1781949013,11968,11329,11152,10538,183684416,279707712,158693888,102707200,555292536,1070065152,536631008,454865408,21749.892135620117,27839.98639678955,27740.187774658203,30229.558753967285,510103349,676806349,543231233,431098898,89144.445,84029.984,87789.69,88496.0,31.5401852302,38.41725092139991,34.076812336200085,34.09811379479986,45.7665029,53.612830500000015,45.86645515,47.04292805000001,2.419979305777795,3.0158244325889423,2.633337073888882,2.638539352911106,5.8874396,7.281184050000004,6.359757700000005,6.215699550000002,24671374,20870494,23335369,23386971,33307650,110084506,122922264,122898972,38,50,51,50,0.30482185,0.33327937,0.31156012,0.32708034,0.41,0.44360903,0.36683416,0.40601504,0.94776595,0.93057203,0.93293,0.9586754,32959,39901,34844,34892,510,676,543,445
1782039746,11828,12307,12313,13294,278496896,132008448,143949240,129501696,690725888,418936320,412766208,498982032,19350.759201049805,23521.827224731445,23443.212631225586,24639.413986206055,753932851,513801470,556378991,718486685,61547.035,63004.7,62163.52,61937.55,49.433419848999925,50.40441738380002,50.552712389999876,51.09927764859994,70.75175965000001,72.5196308,72.32266645,73.11125520000002,3.8542478268000075,3.907994154466625,3.9209165833222235,3.960257576533363,9.36000255,9.575165650000002,9.595308450000003,9.66911285,15645815,15702733,14296790,15674457,21094013,82612900,74959547,82299492,39,52,51,51,0.37123322,0.36059043,0.36391333,0.3675924,0.4570707,0.5150754,0.5138539,0.5147783,0.97135633,0.9688466,0.9710113,0.97282815,50043,51924,51924,51881,753,513,556,718
1782130490,12145,12340,11257,12469,252761904,129790976,253601904,100453376,671088640,413884352,644998560,441922560,18659.644508361816,23504.53466796875,24228.6968460083,24689.170616149902,779126913,605267652,778630610,464906684,56976.508,63331.535,61640.645,61606.297,52.771338254399936,49.97144853619989,50.6739544716001,52.938942472600154,79.02578315000008,72.33665930000001,73.19031285000001,78.8915327,4.114559819988904,3.867460779033334,3.9355631329111023,4.111303382611105,10.096779600000001,9.491628500000003,9.707256650000001,9.991710600000001,14574665,16043235,15614815,15076935,19638582,84179986,81964932,79372812,39,51,51,52,0.37856814,0.3627121,0.3514595,0.3733936,0.45885286,0.51122195,0.5037221,0.53266335,0.96288025,0.97384375,0.9723038,0.97628486,54036,50938,51898,53892,779,605,778,464
1782208594,11094,9211,9215,9170,154750976,247808512,222224384,259660800,484421248,648670408,574443520,625968128,23643.866790771484,26707.291175842285,29240.418128967285,31206.409294128418,384735254,643431916,613136139,639262636,87448.47,88121.266,89654.0,88712.97,30.336982584200054,34.21090384499979,33.31080509379986,34.42821292099986,41.81504745000001,47.850914450000005,45.3559719,46.845846,2.3272675902888804,2.6412704869555865,2.5641986503777496,2.6795583888889043,5.616472450000002,6.443200450000001,6.227306150000006,6.513200500000001,25265462,22708833,20512124,23148476,34115145,119470273,107774936,121692017,39,50,50,50,0.28409368,0.33196732,0.32302245,0.336644,0.40050378,0.4425,0.3784461,0.39800996,0.94657403,0.9631162,0.96336377,0.95768017,30896,34898,33895,35007,384,643,613,639
